date,league,season,season_type,covid,home_team,away_team,home_goals,away_goals,result,home_last3_points,away_last3_points,result_label,home_form_group,away_form_group,stadium,capacity,ht_home_goals,ht_away_goals,ht_result
2020-08-21,Ligue 1,2020_2021,covid,1,Bordeaux,Nantes,0,0,D,0,0,Draw,bad,bad,NA,NA,0.0,0.0,D
2020-08-22,Ligue 1,2020_2021,covid,1,Dijon,Angers,0,1,A,0,0,Away Win,bad,bad,NA,NA,0.0,1.0,A
2020-08-22,Ligue 1,2020_2021,covid,1,Lille,Rennes,1,1,D,0,0,Draw,bad,bad,Stade Borne de l'Espoir,50186.0,1.0,0.0,H
2020-08-23,Ligue 1,2020_2021,covid,1,Lorient,Strasbourg,3,1,H,0,0,Home Win,bad,bad,NA,NA,0.0,1.0,A
2020-08-23,Ligue 1,2020_2021,covid,1,Monaco,Reims,2,2,D,0,0,Draw,bad,bad,NA,NA,1.0,2.0,A
2020-08-23,Ligue 1,2020_2021,covid,1,Nice,Lens,2,1,H,0,0,Home Win,bad,bad,Grand Stade Nice,35624.0,1.0,1.0,D
2020-08-23,Ligue 1,2020_2021,covid,1,Nimes,Brest,4,0,H,0,0,Home Win,bad,bad,NA,NA,2.0,0.0,H
2020-08-28,Ligue 1,2020_2021,covid,1,Lyon,Dijon,4,1,H,0,0,Home Win,bad,bad,Gerland Stadyumu,41044.0,3.0,1.0,H
2020-08-29,Ligue 1,2020_2021,covid,1,Rennes,Montpellier,2,1,H,1,0,Home Win,bad,bad,Stade de la Route de Lorient,31127.0,1.0,0.0,H
2020-08-29,Ligue 1,2020_2021,covid,1,Strasbourg,Nice,0,2,A,0,3,Away Win,bad,bad,Meinau Stadyumu,29230.0,0.0,1.0,A
2020-08-30,Ligue 1,2020_2021,covid,1,Angers,Bordeaux,0,2,A,3,1,Away Win,bad,bad,NA,NA,0.0,2.0,A
2020-08-30,Ligue 1,2020_2021,covid,1,Brest,Marseille,2,3,A,0,0,Away Win,bad,bad,NA,NA,1.0,2.0,A
2020-08-30,Ligue 1,2020_2021,covid,1,Metz,Monaco,0,1,A,0,1,Away Win,bad,bad,NA,NA,0.0,1.0,A
2020-08-30,Ligue 1,2020_2021,covid,1,Nantes,Nimes,2,1,H,1,3,Home Win,bad,bad,Beaujoire Stadyumu,38285.0,2.0,0.0,H
2020-08-30,Ligue 1,2020_2021,covid,1,Reims,Lille,0,1,A,1,1,Away Win,bad,bad,Stade Auguste-Delaune II,21684.0,0.0,1.0,A
2020-08-30,Ligue 1,2020_2021,covid,1,St Etienne,Lorient,2,0,H,0,3,Home Win,bad,bad,NA,NA,1.0,0.0,H
2020-09-10,Ligue 1,2020_2021,covid,1,Lens,Paris SG,1,0,H,0,0,Home Win,bad,bad,Stade Félix Bollaert,41233.0,0.0,0.0,D
2020-09-11,Ligue 1,2020_2021,covid,1,Bordeaux,Lyon,0,0,D,4,3,Draw,medium,bad,NA,NA,0.0,0.0,D
2020-09-12,La Liga,2020_2021,covid,1,Cadiz,Osasuna,0,2,A,0,0,Away Win,bad,bad,NA,NA,0.0,1.0,A
2020-09-12,La Liga,2020_2021,covid,1,Eibar,Celta,0,0,D,0,0,Draw,bad,bad,NA,NA,0.0,0.0,D
2020-09-12,La Liga,2020_2021,covid,1,Granada,Ath Bilbao,2,0,H,0,0,Home Win,bad,bad,NA,NA,0.0,0.0,D
2020-09-12,Ligue 1,2020_2021,covid,1,Montpellier,Nice,3,1,H,0,6,Home Win,bad,medium,Stade de la Mosson,32939.0,1.0,0.0,H
2020-09-12,Ligue 1,2020_2021,covid,1,St Etienne,Strasbourg,2,0,H,3,0,Home Win,bad,bad,NA,NA,0.0,0.0,D
2020-09-12,Premier League,2020_2021,covid,1,Crystal Palace,Southampton,1,0,H,0,0,Home Win,bad,bad,Selhurst Park,26225.0,1.0,0.0,H
2020-09-12,Premier League,2020_2021,covid,1,Fulham,Arsenal,0,3,A,0,0,Away Win,bad,bad,Craven Cottage,25700.0,0.0,1.0,A
2020-09-12,Premier League,2020_2021,covid,1,Liverpool,Leeds,4,3,H,0,0,Home Win,bad,bad,Anfield,45276.0,3.0,2.0,H
2020-09-12,Premier League,2020_2021,covid,1,West Ham,Newcastle,0,2,A,0,0,Away Win,bad,bad,The Boleyn Ground,35303.0,0.0,0.0,D
2020-09-13,La Liga,2020_2021,covid,1,Alaves,Betis,0,1,A,0,0,Away Win,bad,bad,Mendizorrotza,19900.0,0.0,0.0,D
2020-09-13,La Liga,2020_2021,covid,1,Valencia,Levante,4,2,H,0,0,Home Win,bad,bad,Mestalla,55000.0,2.0,2.0,D
2020-09-13,La Liga,2020_2021,covid,1,Valladolid,Sociedad,1,1,D,0,0,Draw,bad,bad,José Zorilla,26512.0,1.0,0.0,H
2020-09-13,La Liga,2020_2021,covid,1,Villarreal,Huesca,1,1,D,0,0,Draw,bad,bad,El Madrigal,26000.0,0.0,1.0,A
2020-09-13,Ligue 1,2020_2021,covid,1,Angers,Reims,1,0,H,3,1,Home Win,bad,bad,NA,NA,0.0,0.0,D
2020-09-13,Ligue 1,2020_2021,covid,1,Dijon,Brest,0,2,A,0,0,Away Win,bad,bad,NA,NA,0.0,1.0,A
2020-09-13,Ligue 1,2020_2021,covid,1,Lille,Metz,1,0,H,4,0,Home Win,medium,bad,Stade Borne de l'Espoir,50186.0,0.0,0.0,D
2020-09-13,Ligue 1,2020_2021,covid,1,Lorient,Lens,2,3,A,3,3,Away Win,bad,bad,NA,NA,1.0,2.0,A
2020-09-13,Ligue 1,2020_2021,covid,1,Monaco,Nantes,2,1,H,4,4,Home Win,medium,medium,NA,NA,1.0,0.0,H
2020-09-13,Ligue 1,2020_2021,covid,1,Nimes,Rennes,2,4,A,3,4,Away Win,bad,medium,NA,NA,1.0,2.0,A
2020-09-13,Ligue 1,2020_2021,covid,1,Paris SG,Marseille,0,1,A,0,3,Away Win,bad,bad,NA,NA,0.0,1.0,A
2020-09-13,Premier League,2020_2021,covid,1,Tottenham,Everton,0,1,A,0,0,Away Win,bad,bad,White Hart Lane,36230.0,0.0,0.0,D
2020-09-13,Premier League,2020_2021,covid,1,West Brom,Leicester,0,3,A,0,0,Away Win,bad,bad,NA,NA,0.0,0.0,D
2020-09-14,Premier League,2020_2021,covid,1,Brighton,Chelsea,1,3,A,0,0,Away Win,bad,bad,Falmer Stadyumu,22500.0,0.0,1.0,A
2020-09-14,Premier League,2020_2021,covid,1,Sheffield United,Wolves,0,2,A,0,0,Away Win,bad,bad,NA,NA,0.0,2.0,A
2020-09-15,Ligue 1,2020_2021,covid,1,Montpellier,Lyon,2,1,H,3,4,Home Win,bad,medium,Stade de la Mosson,32939.0,1.0,0.0,H
2020-09-16,Ligue 1,2020_2021,covid,1,Paris SG,Metz,1,0,H,0,0,Home Win,bad,bad,NA,NA,0.0,0.0,D
2020-09-17,Ligue 1,2020_2021,covid,1,Marseille,St Etienne,0,2,A,6,6,Away Win,medium,medium,Vélodrome Stadyumu,60013.0,0.0,1.0,A
2020-09-18,Bundesliga,2020_2021,covid,1,Bayern Munich,Schalke 04,8,0,H,0,0,Home Win,bad,bad,NA,NA,3.0,0.0,H
2020-09-18,Ligue 1,2020_2021,covid,1,Lyon,Nimes,0,0,D,4,3,Draw,medium,bad,Gerland Stadyumu,41044.0,0.0,0.0,D
2020-09-19,Bundesliga,2020_2021,covid,1,Dortmund,M'gladbach,3,0,H,0,0,Home Win,bad,bad,Signal Iduna Park,81359.0,1.0,0.0,H
2020-09-19,Bundesliga,2020_2021,covid,1,Ein Frankfurt,Bielefeld,1,1,D,0,0,Draw,bad,bad,Frankfurt Stadyumu,52300.0,0.0,0.0,D
2020-09-19,Bundesliga,2020_2021,covid,1,FC Koln,Hoffenheim,2,3,A,0,0,Away Win,bad,bad,NA,NA,1.0,2.0,A
2020-09-19,Bundesliga,2020_2021,covid,1,Stuttgart,Freiburg,2,3,A,0,0,Away Win,bad,bad,MHPArena,60469.0,0.0,2.0,A
2020-09-19,Bundesliga,2020_2021,covid,1,Union Berlin,Augsburg,1,3,A,0,0,Away Win,bad,bad,Stadion An der Alten Försterei,22012.0,0.0,1.0,A
2020-09-19,Bundesliga,2020_2021,covid,1,Werder Bremen,Hertha,1,4,A,0,0,Away Win,bad,bad,Weser Stadyumu,42358.0,0.0,2.0,A
2020-09-19,La Liga,2020_2021,covid,1,Celta,Valencia,2,1,H,1,3,Home Win,bad,bad,NA,NA,1.0,0.0,H
2020-09-19,La Liga,2020_2021,covid,1,Getafe,Osasuna,1,0,H,0,3,Home Win,bad,bad,Alfonso Pérez,16000.0,0.0,0.0,D
2020-09-19,La Liga,2020_2021,covid,1,Villarreal,Eibar,2,1,H,1,1,Home Win,bad,bad,El Madrigal,26000.0,0.0,0.0,D
2020-09-19,Ligue 1,2020_2021,covid,1,Lens,Bordeaux,2,1,H,6,5,Home Win,medium,medium,Stade Félix Bollaert,41233.0,0.0,0.0,D
2020-09-19,Ligue 1,2020_2021,covid,1,Rennes,Monaco,2,1,H,7,7,Home Win,good,good,Stade de la Route de Lorient,31127.0,0.0,1.0,A
2020-09-19,Premier League,2020_2021,covid,1,Arsenal,West Ham,2,1,H,3,0,Home Win,bad,bad,Emirates Stadyumu,60361.0,1.0,1.0,D
2020-09-19,Premier League,2020_2021,covid,1,Everton,West Brom,5,2,H,3,0,Home Win,bad,bad,Goodison Park,40157.0,2.0,1.0,H
2020-09-19,Premier League,2020_2021,covid,1,Leeds,Fulham,4,3,H,0,0,Home Win,bad,bad,NA,NA,2.0,1.0,H
2020-09-19,Premier League,2020_2021,covid,1,Man United,Crystal Palace,1,3,A,0,3,Away Win,bad,bad,Old Trafford,75653.0,0.0,1.0,A
2020-09-19,Serie A,2020_2021,covid,1,Fiorentina,Torino,1,0,H,0,0,Home Win,bad,bad,Stadio Artemio Franchi,43147.0,0.0,0.0,D
2020-09-19,Serie A,2020_2021,covid,1,Verona,Roma,0,0,D,0,0,Draw,bad,bad,NA,NA,0.0,0.0,D
2020-09-20,Bundesliga,2020_2021,covid,1,RB Leipzig,Mainz,3,1,H,0,0,Home Win,bad,bad,Red Bull Arena,44345.0,2.0,0.0,H
2020-09-20,Bundesliga,2020_2021,covid,1,Wolfsburg,Leverkusen,0,0,D,0,0,Draw,bad,bad,Volkswagen Arena,30000.0,0.0,0.0,D
2020-09-20,La Liga,2020_2021,covid,1,Betis,Valladolid,2,0,H,3,1,Home Win,bad,bad,Benito Villamarín,52745.0,2.0,0.0,H
2020-09-20,La Liga,2020_2021,covid,1,Granada,Alaves,2,1,H,3,0,Home Win,bad,bad,NA,NA,1.0,1.0,D
2020-09-20,La Liga,2020_2021,covid,1,Huesca,Cadiz,0,2,A,1,0,Away Win,bad,bad,NA,NA,0.0,1.0,A
2020-09-20,La Liga,2020_2021,covid,1,Sociedad,Real Madrid,0,0,D,1,0,Draw,bad,bad,Anoeta,32076.0,0.0,0.0,D
2020-09-20,Ligue 1,2020_2021,covid,1,Brest,Lorient,3,2,H,3,3,Home Win,bad,bad,NA,NA,2.0,1.0,H
2020-09-20,Ligue 1,2020_2021,covid,1,Marseille,Lille,1,1,D,6,7,Draw,medium,good,Vélodrome Stadyumu,60013.0,0.0,0.0,D
2020-09-20,Ligue 1,2020_2021,covid,1,Metz,Reims,2,1,H,0,1,Home Win,bad,bad,NA,NA,1.0,1.0,D
2020-09-20,Ligue 1,2020_2021,covid,1,Montpellier,Angers,4,1,H,6,6,Home Win,medium,medium,Stade de la Mosson,32939.0,2.0,1.0,H
2020-09-20,Ligue 1,2020_2021,covid,1,Nantes,St Etienne,2,2,D,4,9,Draw,medium,good,Beaujoire Stadyumu,38285.0,0.0,1.0,A
2020-09-20,Ligue 1,2020_2021,covid,1,Nice,Paris SG,0,3,A,6,3,Away Win,medium,bad,Grand Stade Nice,35624.0,0.0,2.0,A
2020-09-20,Ligue 1,2020_2021,covid,1,Strasbourg,Dijon,1,0,H,0,0,Home Win,bad,bad,Meinau Stadyumu,29230.0,0.0,0.0,D
2020-09-20,Premier League,2020_2021,covid,1,Chelsea,Liverpool,0,2,A,3,3,Away Win,bad,bad,Stamford Bridge,42449.0,0.0,0.0,D
2020-09-20,Premier League,2020_2021,covid,1,Leicester,Burnley,4,2,H,3,0,Home Win,bad,bad,King Power Stadyumu,32312.0,1.0,1.0,D
2020-09-20,Premier League,2020_2021,covid,1,Newcastle,Brighton,0,3,A,3,0,Away Win,bad,bad,St James' Park,52409.0,0.0,2.0,A
2020-09-20,Premier League,2020_2021,covid,1,Southampton,Tottenham,2,5,A,0,0,Away Win,bad,bad,St Mary's Stadium,32689.0,1.0,1.0,D
2020-09-20,Serie A,2020_2021,covid,1,Genoa,Crotone,4,1,H,0,0,Home Win,bad,bad,NA,NA,3.0,1.0,H
2020-09-20,Serie A,2020_2021,covid,1,Juventus,Sampdoria,3,0,H,0,0,Home Win,bad,bad,Juventus Stadium,41507.0,1.0,0.0,H
2020-09-20,Serie A,2020_2021,covid,1,Parma,Napoli,0,2,A,0,0,Away Win,bad,bad,Stadio Ennio Tardini,27906.0,0.0,0.0,D
2020-09-20,Serie A,2020_2021,covid,1,Sassuolo,Cagliari,1,1,D,0,0,Draw,bad,bad,NA,NA,0.0,0.0,D
2020-09-21,Premier League,2020_2021,covid,1,Aston Villa,Sheffield United,1,0,H,0,0,Home Win,bad,bad,Villa Park,42786.0,0.0,0.0,D
2020-09-21,Premier League,2020_2021,covid,1,Wolves,Man City,1,3,A,3,0,Away Win,bad,bad,Molineux,24259.0,0.0,2.0,A
2020-09-21,Serie A,2020_2021,covid,1,Milan,Bologna,2,0,H,0,0,Home Win,bad,bad,NA,NA,1.0,0.0,H
2020-09-25,Bundesliga,2020_2021,covid,1,Hertha,Ein Frankfurt,1,3,A,3,1,Away Win,bad,bad,NA,NA,0.0,2.0,A
2020-09-25,Ligue 1,2020_2021,covid,1,Lille,Nantes,2,0,H,7,4,Home Win,good,medium,Stade Borne de l'Espoir,50186.0,1.0,0.0,H
2020-09-26,Bundesliga,2020_2021,covid,1,Augsburg,Dortmund,2,0,H,3,3,Home Win,bad,bad,Impuls Arena,30660.0,1.0,0.0,H
2020-09-26,Bundesliga,2020_2021,covid,1,Bielefeld,FC Koln,1,0,H,1,0,Home Win,bad,bad,NA,NA,0.0,0.0,D
2020-09-26,Bundesliga,2020_2021,covid,1,Leverkusen,RB Leipzig,1,1,D,1,3,Draw,bad,bad,NA,NA,1.0,1.0,D
2020-09-26,Bundesliga,2020_2021,covid,1,M'gladbach,Union Berlin,1,1,D,0,0,Draw,bad,bad,Stadion im Borussia-Park,54067.0,0.0,0.0,D
2020-09-26,Bundesliga,2020_2021,covid,1,Mainz,Stuttgart,1,4,A,0,0,Away Win,bad,bad,NA,NA,1.0,1.0,D
2020-09-26,Bundesliga,2020_2021,covid,1,Schalke 04,Werder Bremen,1,3,A,0,0,Away Win,bad,bad,NA,NA,0.0,2.0,A
2020-09-26,La Liga,2020_2021,covid,1,Alaves,Getafe,0,0,D,0,3,Draw,bad,bad,Mendizorrotza,19900.0,0.0,0.0,D
2020-09-26,La Liga,2020_2021,covid,1,Betis,Real Madrid,2,3,A,6,1,Away Win,medium,bad,Benito Villamarín,52745.0,2.0,1.0,H
2020-09-26,La Liga,2020_2021,covid,1,Elche,Sociedad,0,3,A,0,2,Away Win,bad,bad,NA,NA,0.0,0.0,D
2020-09-26,La Liga,2020_2021,covid,1,Valencia,Huesca,1,1,D,3,1,Draw,bad,bad,Mestalla,55000.0,1.0,0.0,H
2020-09-26,Ligue 1,2020_2021,covid,1,Marseille,Metz,1,1,D,4,3,Draw,medium,bad,Vélodrome Stadyumu,60013.0,0.0,0.0,D
2020-09-26,Ligue 1,2020_2021,covid,1,St Etienne,Rennes,0,3,A,7,9,Away Win,good,good,NA,NA,0.0,1.0,A
2020-09-26,Premier League,2020_2021,covid,1,Brighton,Man United,2,3,A,3,0,Away Win,bad,bad,Falmer Stadyumu,22500.0,1.0,1.0,D
2020-09-26,Premier League,2020_2021,covid,1,Burnley,Southampton,0,1,A,0,0,Away Win,bad,bad,NA,NA,0.0,1.0,A
2020-09-26,Premier League,2020_2021,covid,1,Crystal Palace,Everton,1,2,A,6,6,Away Win,medium,medium,Selhurst Park,26225.0,1.0,2.0,A
2020-09-26,Premier League,2020_2021,covid,1,West Brom,Chelsea,3,3,D,0,3,Draw,bad,bad,NA,NA,3.0,0.0,H
2020-09-26,Serie A,2020_2021,covid,1,Cagliari,Lazio,0,2,A,1,0,Away Win,bad,bad,Unipol Domus,16233.0,0.0,1.0,A
2020-09-26,Serie A,2020_2021,covid,1,Inter,Fiorentina,4,3,H,0,3,Home Win,bad,bad,NA,NA,1.0,1.0,D
2020-09-26,Serie A,2020_2021,covid,1,Sampdoria,Benevento,2,3,A,0,0,Away Win,bad,bad,NA,NA,2.0,1.0,H
2020-09-26,Serie A,2020_2021,covid,1,Torino,Atalanta,2,4,A,0,0,Away Win,bad,bad,Stadio Filadelfia,4000.0,2.0,3.0,A
2020-09-27,Bundesliga,2020_2021,covid,1,Freiburg,Wolfsburg,1,1,D,3,1,Draw,bad,bad,Kara Orman Stadyumu,24036.0,1.0,1.0,D
2020-09-27,Bundesliga,2020_2021,covid,1,Hoffenheim,Bayern Munich,4,1,H,3,3,Home Win,bad,bad,NA,NA,2.0,1.0,H
2020-09-27,La Liga,2020_2021,covid,1,Ath Madrid,Granada,6,1,H,0,6,Home Win,bad,medium,Vicente Calderón,54851.0,1.0,0.0,H
2020-09-27,La Liga,2020_2021,covid,1,Barcelona,Villarreal,4,0,H,0,4,Home Win,bad,medium,Camp Nou,99354.0,4.0,0.0,H
2020-09-27,La Liga,2020_2021,covid,1,Cadiz,Sevilla,1,3,A,3,0,Away Win,bad,bad,NA,NA,0.0,0.0,D
2020-09-27,La Liga,2020_2021,covid,1,Eibar,Ath Bilbao,1,2,A,1,0,Away Win,bad,bad,NA,NA,0.0,1.0,A
2020-09-27,La Liga,2020_2021,covid,1,Osasuna,Levante,1,3,A,3,0,Away Win,bad,bad,Reyno de Navarra,19800.0,1.0,1.0,D
2020-09-27,La Liga,2020_2021,covid,1,Valladolid,Celta,1,1,D,1,4,Draw,bad,medium,José Zorilla,26512.0,0.0,1.0,A
2020-09-27,Ligue 1,2020_2021,covid,1,Angers,Brest,3,2,H,3,6,Home Win,bad,medium,NA,NA,1.0,2.0,A
2020-09-27,Ligue 1,2020_2021,covid,1,Bordeaux,Nice,0,0,D,4,3,Draw,medium,bad,NA,NA,0.0,0.0,D
2020-09-27,Ligue 1,2020_2021,covid,1,Dijon,Montpellier,2,2,D,0,9,Draw,bad,good,NA,NA,1.0,0.0,H
2020-09-27,Ligue 1,2020_2021,covid,1,Lorient,Lyon,1,1,D,0,2,Draw,bad,bad,NA,NA,0.0,0.0,D
2020-09-27,Ligue 1,2020_2021,covid,1,Monaco,Strasbourg,3,2,H,6,3,Home Win,medium,bad,NA,NA,2.0,0.0,H
2020-09-27,Ligue 1,2020_2021,covid,1,Nimes,Lens,1,1,D,1,9,Draw,bad,good,NA,NA,0.0,1.0,A
2020-09-27,Ligue 1,2020_2021,covid,1,Reims,Paris SG,0,2,A,0,6,Away Win,bad,medium,Stade Auguste-Delaune II,21684.0,0.0,1.0,A
2020-09-27,Premier League,2020_2021,covid,1,Man City,Leicester,2,5,A,3,6,Away Win,bad,medium,Etihad Stadium,47405.0,1.0,1.0,D
2020-09-27,Premier League,2020_2021,covid,1,Sheffield United,Leeds,0,1,A,0,3,Away Win,bad,bad,NA,NA,0.0,0.0,D
2020-09-27,Premier League,2020_2021,covid,1,Tottenham,Newcastle,1,1,D,3,3,Draw,bad,bad,White Hart Lane,36230.0,1.0,0.0,H
2020-09-27,Premier League,2020_2021,covid,1,West Ham,Wolves,4,0,H,0,3,Home Win,bad,bad,The Boleyn Ground,35303.0,1.0,0.0,H
2020-09-27,Serie A,2020_2021,covid,1,Crotone,Milan,0,2,A,0,3,Away Win,bad,bad,NA,NA,0.0,1.0,A
2020-09-27,Serie A,2020_2021,covid,1,Napoli,Genoa,6,0,H,3,3,Home Win,bad,bad,Stadio Arturo Collana,12000.0,1.0,0.0,H
2020-09-27,Serie A,2020_2021,covid,1,Roma,Juventus,2,2,D,1,3,Draw,bad,bad,Campo Testaccio,20000.0,2.0,1.0,H
2020-09-27,Serie A,2020_2021,covid,1,Spezia,Sassuolo,1,4,A,0,1,Away Win,bad,bad,NA,NA,1.0,1.0,D
2020-09-27,Serie A,2020_2021,covid,1,Verona,Udinese,1,0,H,1,0,Home Win,bad,bad,NA,NA,0.0,0.0,D
2020-09-28,Premier League,2020_2021,covid,1,Fulham,Aston Villa,0,3,A,0,3,Away Win,bad,bad,Craven Cottage,25700.0,0.0,2.0,A
2020-09-28,Premier League,2020_2021,covid,1,Liverpool,Arsenal,3,1,H,6,6,Home Win,medium,medium,Anfield,45276.0,2.0,1.0,H
2020-09-28,Serie A,2020_2021,covid,1,Bologna,Parma,4,1,H,0,0,Home Win,bad,bad,Stadio Renato Dall'Ara,38279.0,2.0,0.0,H
2020-09-29,La Liga,2020_2021,covid,1,Getafe,Betis,3,0,H,4,6,Home Win,medium,medium,Alfonso Pérez,16000.0,3.0,0.0,H
2020-09-29,La Liga,2020_2021,covid,1,Sociedad,Valencia,0,1,A,5,4,Away Win,medium,medium,Anoeta,32076.0,0.0,0.0,D
2020-09-30,La Liga,2020_2021,covid,1,Eibar,Elche,0,1,A,1,0,Away Win,bad,bad,NA,NA,0.0,1.0,A
2020-09-30,La Liga,2020_2021,covid,1,Huesca,Ath Madrid,0,0,D,2,3,Draw,bad,bad,NA,NA,0.0,0.0,D
2020-09-30,La Liga,2020_2021,covid,1,Real Madrid,Valladolid,1,0,H,4,2,Home Win,medium,bad,Santiago Bernabéu,80354.0,0.0,0.0,D
2020-09-30,La Liga,2020_2021,covid,1,Villarreal,Alaves,3,1,H,4,1,Home Win,medium,bad,El Madrigal,26000.0,2.0,1.0,H
2020-09-30,Serie A,2020_2021,covid,1,Benevento,Inter,2,5,A,3,3,Away Win,bad,bad,NA,NA,1.0,4.0,A
2020-09-30,Serie A,2020_2021,covid,1,Lazio,Atalanta,1,4,A,3,3,Away Win,bad,bad,NA,NA,0.0,3.0,A
2020-09-30,Serie A,2020_2021,covid,1,Udinese,Spezia,0,2,A,0,0,Away Win,bad,bad,Stadio Friuli,25144.0,0.0,1.0,A
2020-10-01,La Liga,2020_2021,covid,1,Ath Bilbao,Cadiz,0,1,A,3,3,Away Win,bad,bad,NA,NA,0.0,0.0,D
2020-10-01,La Liga,2020_2021,covid,1,Celta,Barcelona,0,3,A,5,3,Away Win,medium,bad,NA,NA,0.0,1.0,A
2020-10-01,La Liga,2020_2021,covid,1,Sevilla,Levante,1,0,H,3,3,Home Win,bad,bad,Ramón Sánchez Pizjuán,48649.0,0.0,0.0,D
2020-10-02,Bundesliga,2020_2021,covid,1,Union Berlin,Mainz,4,0,H,1,0,Home Win,bad,bad,Stadion An der Alten Försterei,22012.0,1.0,0.0,H
2020-10-02,Ligue 1,2020_2021,covid,1,Paris SG,Angers,6,1,H,9,6,Home Win,good,medium,NA,NA,2.0,0.0,H
2020-10-02,Serie A,2020_2021,covid,1,Fiorentina,Sampdoria,1,2,A,3,0,Away Win,bad,bad,Stadio Artemio Franchi,43147.0,0.0,1.0,A
2020-10-03,Bundesliga,2020_2021,covid,1,Dortmund,Freiburg,4,0,H,3,4,Home Win,bad,medium,Signal Iduna Park,81359.0,1.0,0.0,H
2020-10-03,Bundesliga,2020_2021,covid,1,Ein Frankfurt,Hoffenheim,2,1,H,4,6,Home Win,medium,medium,Frankfurt Stadyumu,52300.0,0.0,1.0,A
2020-10-03,Bundesliga,2020_2021,covid,1,FC Koln,M'gladbach,1,3,A,0,1,Away Win,bad,bad,NA,NA,0.0,2.0,A
2020-10-03,Bundesliga,2020_2021,covid,1,RB Leipzig,Schalke 04,4,0,H,4,0,Home Win,medium,bad,Red Bull Arena,44345.0,3.0,0.0,H
2020-10-03,Bundesliga,2020_2021,covid,1,Stuttgart,Leverkusen,1,1,D,3,2,Draw,bad,bad,MHPArena,60469.0,0.0,1.0,A
2020-10-03,Bundesliga,2020_2021,covid,1,Werder Bremen,Bielefeld,1,0,H,3,4,Home Win,bad,medium,Weser Stadyumu,42358.0,1.0,0.0,H
2020-10-03,La Liga,2020_2021,covid,1,Ath Madrid,Villarreal,0,0,D,4,6,Draw,medium,medium,Vicente Calderón,54851.0,0.0,0.0,D
2020-10-03,La Liga,2020_2021,covid,1,Elche,Huesca,0,0,D,3,2,Draw,bad,bad,NA,NA,0.0,0.0,D
2020-10-03,La Liga,2020_2021,covid,1,Sociedad,Getafe,3,0,H,4,7,Home Win,medium,good,Anoeta,32076.0,1.0,0.0,H
2020-10-03,La Liga,2020_2021,covid,1,Valencia,Betis,0,2,A,4,3,Away Win,medium,bad,Mestalla,55000.0,0.0,1.0,A
2020-10-03,La Liga,2020_2021,covid,1,Valladolid,Eibar,1,2,A,1,0,Away Win,bad,bad,José Zorilla,26512.0,1.0,1.0,D
2020-10-03,Ligue 1,2020_2021,covid,1,Lens,St Etienne,2,0,H,7,4,Home Win,good,medium,Stade Félix Bollaert,41233.0,1.0,0.0,H
2020-10-03,Ligue 1,2020_2021,covid,1,Nice,Nantes,2,1,H,1,1,Home Win,bad,bad,Grand Stade Nice,35624.0,1.0,1.0,D
2020-10-03,Premier League,2020_2021,covid,1,Chelsea,Crystal Palace,4,0,H,4,6,Home Win,medium,medium,Stamford Bridge,42449.0,0.0,0.0,D
2020-10-03,Premier League,2020_2021,covid,1,Everton,Brighton,4,2,H,9,3,Home Win,good,bad,Goodison Park,40157.0,2.0,1.0,H
2020-10-03,Premier League,2020_2021,covid,1,Leeds,Man City,1,1,D,6,3,Draw,medium,bad,NA,NA,0.0,1.0,A
2020-10-03,Premier League,2020_2021,covid,1,Newcastle,Burnley,3,1,H,4,0,Home Win,medium,bad,St James' Park,52409.0,1.0,0.0,H
2020-10-03,Serie A,2020_2021,covid,1,Sassuolo,Crotone,4,1,H,4,0,Home Win,medium,bad,NA,NA,1.0,0.0,H
2020-10-03,Serie A,2020_2021,covid,1,Udinese,Roma,0,1,A,0,2,Away Win,bad,bad,Stadio Friuli,25144.0,0.0,0.0,D
2020-10-04,Bundesliga,2020_2021,covid,1,Bayern Munich,Hertha,4,3,H,3,3,Home Win,bad,bad,NA,NA,1.0,0.0,H
2020-10-04,Bundesliga,2020_2021,covid,1,Wolfsburg,Augsburg,0,0,D,2,6,Draw,bad,medium,Volkswagen Arena,30000.0,0.0,0.0,D
2020-10-04,La Liga,2020_2021,covid,1,Alaves,Ath Bilbao,1,0,H,1,3,Home Win,bad,bad,Mendizorrotza,19900.0,0.0,0.0,D
2020-10-04,La Liga,2020_2021,covid,1,Barcelona,Sevilla,1,1,D,6,6,Draw,medium,medium,Camp Nou,99354.0,1.0,1.0,D
2020-10-04,La Liga,2020_2021,covid,1,Cadiz,Granada,1,1,D,6,6,Draw,medium,medium,NA,NA,0.0,1.0,A
2020-10-04,La Liga,2020_2021,covid,1,Levante,Real Madrid,0,2,A,3,7,Away Win,bad,good,NA,NA,0.0,1.0,A
2020-10-04,La Liga,2020_2021,covid,1,Osasuna,Celta,2,0,H,3,4,Home Win,bad,medium,Reyno de Navarra,19800.0,1.0,0.0,H
2020-10-04,Ligue 1,2020_2021,covid,1,Bordeaux,Dijon,3,0,H,2,1,Home Win,bad,bad,NA,NA,2.0,0.0,H
2020-10-04,Ligue 1,2020_2021,covid,1,Brest,Monaco,1,0,H,6,6,Home Win,medium,medium,NA,NA,1.0,0.0,H
2020-10-04,Ligue 1,2020_2021,covid,1,Lyon,Marseille,1,1,D,2,2,Draw,bad,bad,Gerland Stadyumu,41044.0,1.0,1.0,D
2020-10-04,Ligue 1,2020_2021,covid,1,Metz,Lorient,3,1,H,4,1,Home Win,medium,bad,NA,NA,1.0,1.0,D
2020-10-04,Ligue 1,2020_2021,covid,1,Montpellier,Nimes,0,1,A,7,2,Away Win,good,bad,Stade de la Mosson,32939.0,0.0,0.0,D
2020-10-04,Ligue 1,2020_2021,covid,1,Rennes,Reims,2,2,D,9,0,Draw,good,bad,Stade de la Route de Lorient,31127.0,2.0,1.0,H
2020-10-04,Ligue 1,2020_2021,covid,1,Strasbourg,Lille,0,3,A,3,7,Away Win,bad,good,Meinau Stadyumu,29230.0,0.0,1.0,A
2020-10-04,Premier League,2020_2021,covid,1,Arsenal,Sheffield United,2,1,H,6,0,Home Win,medium,bad,Emirates Stadyumu,60361.0,0.0,0.0,D
2020-10-04,Premier League,2020_2021,covid,1,Aston Villa,Liverpool,7,2,H,6,9,Home Win,medium,good,Villa Park,42786.0,4.0,1.0,H
2020-10-04,Premier League,2020_2021,covid,1,Leicester,West Ham,0,3,A,9,3,Away Win,good,bad,King Power Stadyumu,32312.0,0.0,2.0,A
2020-10-04,Premier League,2020_2021,covid,1,Man United,Tottenham,1,6,A,3,4,Away Win,bad,medium,Old Trafford,75653.0,1.0,4.0,A
2020-10-04,Premier League,2020_2021,covid,1,Southampton,West Brom,2,0,H,3,1,Home Win,bad,bad,St Mary's Stadium,32689.0,1.0,0.0,H
2020-10-04,Premier League,2020_2021,covid,1,Wolves,Fulham,1,0,H,3,0,Home Win,bad,bad,Molineux,24259.0,0.0,0.0,D
2020-10-04,Serie A,2020_2021,covid,1,Atalanta,Cagliari,5,2,H,6,1,Home Win,medium,bad,Stadio Atleti Azzurri d'Italia,26562.0,4.0,1.0,H
2020-10-04,Serie A,2020_2021,covid,1,Benevento,Bologna,1,0,H,3,3,Home Win,bad,bad,NA,NA,0.0,0.0,D
2020-10-04,Serie A,2020_2021,covid,1,Lazio,Inter,1,1,D,3,6,Draw,bad,medium,NA,NA,0.0,1.0,A
2020-10-04,Serie A,2020_2021,covid,1,Milan,Spezia,3,0,H,6,3,Home Win,medium,bad,NA,NA,0.0,0.0,D
2020-10-04,Serie A,2020_2021,covid,1,Parma,Verona,1,0,H,0,4,Home Win,bad,medium,Stadio Ennio Tardini,27906.0,1.0,0.0,H
2020-10-16,Ligue 1,2020_2021,covid,1,Dijon,Rennes,1,1,D,1,7,Draw,bad,good,NA,NA,0.0,1.0,A
2020-10-16,Ligue 1,2020_2021,covid,1,Nimes,Paris SG,0,4,A,5,9,Away Win,medium,good,NA,NA,0.0,1.0,A
2020-10-17,Bundesliga,2020_2021,covid,1,Augsburg,RB Leipzig,0,2,A,7,7,Away Win,good,good,Impuls Arena,30660.0,0.0,1.0,A
2020-10-17,Bundesliga,2020_2021,covid,1,Bielefeld,Bayern Munich,1,4,A,4,6,Away Win,medium,medium,NA,NA,0.0,3.0,A
2020-10-17,Bundesliga,2020_2021,covid,1,Freiburg,Werder Bremen,1,1,D,4,6,Draw,medium,medium,Kara Orman Stadyumu,24036.0,1.0,1.0,D
2020-10-17,Bundesliga,2020_2021,covid,1,Hertha,Stuttgart,0,2,A,3,4,Away Win,bad,medium,NA,NA,0.0,1.0,A
2020-10-17,Bundesliga,2020_2021,covid,1,Hoffenheim,Dortmund,0,1,A,6,6,Away Win,medium,medium,NA,NA,0.0,0.0,D
2020-10-17,Bundesliga,2020_2021,covid,1,M'gladbach,Wolfsburg,1,1,D,4,3,Draw,medium,bad,Stadion im Borussia-Park,54067.0,0.0,0.0,D
2020-10-17,Bundesliga,2020_2021,covid,1,Mainz,Leverkusen,0,1,A,0,3,Away Win,bad,bad,NA,NA,0.0,1.0,A
2020-10-17,La Liga,2020_2021,covid,1,Celta,Ath Madrid,0,2,A,1,5,Away Win,bad,medium,NA,NA,0.0,1.0,A
2020-10-17,La Liga,2020_2021,covid,1,Getafe,Barcelona,1,0,H,4,7,Home Win,medium,good,Alfonso Pérez,16000.0,0.0,0.0,D
2020-10-17,La Liga,2020_2021,covid,1,Granada,Sevilla,1,0,H,4,7,Home Win,medium,good,NA,NA,0.0,0.0,D
2020-10-17,La Liga,2020_2021,covid,1,Real Madrid,Cadiz,0,1,A,9,4,Away Win,good,medium,Santiago Bernabéu,80354.0,0.0,1.0,A
2020-10-17,Ligue 1,2020_2021,covid,1,Marseille,Bordeaux,3,1,H,3,4,Home Win,bad,medium,Vélodrome Stadyumu,60013.0,1.0,0.0,H
2020-10-17,Ligue 1,2020_2021,covid,1,Reims,Lorient,1,3,A,1,1,Away Win,bad,bad,Stade Auguste-Delaune II,21684.0,1.0,0.0,H
2020-10-17,Premier League,2020_2021,covid,1,Chelsea,Southampton,3,3,D,4,6,Draw,medium,medium,Stamford Bridge,42449.0,2.0,1.0,H
2020-10-17,Premier League,2020_2021,covid,1,Everton,Liverpool,2,2,D,9,6,Draw,good,medium,Goodison Park,40157.0,1.0,1.0,D
2020-10-17,Premier League,2020_2021,covid,1,Man City,Arsenal,1,0,H,4,6,Home Win,medium,medium,Etihad Stadium,47405.0,1.0,0.0,H
2020-10-17,Premier League,2020_2021,covid,1,Newcastle,Man United,1,4,A,4,3,Away Win,medium,bad,St James' Park,52409.0,1.0,1.0,D
2020-10-17,Serie A,2020_2021,covid,1,Crotone,Juventus,1,1,D,0,4,Draw,bad,medium,NA,NA,1.0,1.0,D
2020-10-17,Serie A,2020_2021,covid,1,Inter,Milan,1,2,A,7,9,Away Win,good,good,NA,NA,1.0,2.0,A
2020-10-17,Serie A,2020_2021,covid,1,Napoli,Atalanta,4,1,H,6,9,Home Win,medium,good,Stadio Arturo Collana,12000.0,4.0,0.0,H
2020-10-17,Serie A,2020_2021,covid,1,Sampdoria,Lazio,3,0,H,3,4,Home Win,bad,medium,NA,NA,2.0,0.0,H
2020-10-18,Bundesliga,2020_2021,covid,1,FC Koln,Ein Frankfurt,1,1,D,0,7,Draw,bad,good,NA,NA,0.0,1.0,A
2020-10-18,Bundesliga,2020_2021,covid,1,Schalke 04,Union Berlin,1,1,D,0,4,Draw,bad,medium,NA,NA,0.0,0.0,D
2020-10-18,La Liga,2020_2021,covid,1,Alaves,Elche,0,2,A,4,4,Away Win,medium,medium,Mendizorrotza,19900.0,0.0,1.0,A
2020-10-18,La Liga,2020_2021,covid,1,Ath Bilbao,Levante,2,0,H,3,3,Home Win,bad,bad,NA,NA,0.0,0.0,D
2020-10-18,La Liga,2020_2021,covid,1,Betis,Sociedad,0,3,A,3,6,Away Win,bad,medium,Benito Villamarín,52745.0,0.0,1.0,A
2020-10-18,La Liga,2020_2021,covid,1,Eibar,Osasuna,0,0,D,3,3,Draw,bad,bad,NA,NA,0.0,0.0,D
2020-10-18,La Liga,2020_2021,covid,1,Huesca,Valladolid,2,2,D,3,1,Draw,bad,bad,NA,NA,0.0,1.0,A
2020-10-18,La Liga,2020_2021,covid,1,Villarreal,Valencia,2,1,H,4,4,Home Win,medium,medium,El Madrigal,26000.0,1.0,1.0,D
2020-10-18,Ligue 1,2020_2021,covid,1,Angers,Metz,1,1,D,3,7,Draw,bad,good,NA,NA,1.0,1.0,D
2020-10-18,Ligue 1,2020_2021,covid,1,Lille,Lens,4,0,H,7,7,Home Win,good,good,Stade Borne de l'Espoir,50186.0,1.0,0.0,H
2020-10-18,Ligue 1,2020_2021,covid,1,Monaco,Montpellier,1,1,D,3,4,Draw,bad,medium,NA,NA,0.0,0.0,D
2020-10-18,Ligue 1,2020_2021,covid,1,Nantes,Brest,3,1,H,1,6,Home Win,bad,medium,Beaujoire Stadyumu,38285.0,2.0,0.0,H
2020-10-18,Ligue 1,2020_2021,covid,1,St Etienne,Nice,1,3,A,1,4,Away Win,bad,medium,NA,NA,0.0,2.0,A
2020-10-18,Ligue 1,2020_2021,covid,1,Strasbourg,Lyon,2,3,A,3,3,Away Win,bad,bad,Meinau Stadyumu,29230.0,1.0,3.0,A
2020-10-18,Premier League,2020_2021,covid,1,Crystal Palace,Brighton,1,1,D,3,3,Draw,bad,bad,Selhurst Park,26225.0,1.0,0.0,H
2020-10-18,Premier League,2020_2021,covid,1,Leicester,Aston Villa,0,1,A,6,9,Away Win,medium,good,King Power Stadyumu,32312.0,0.0,0.0,D
2020-10-18,Premier League,2020_2021,covid,1,Sheffield United,Fulham,1,1,D,0,0,Draw,bad,bad,NA,NA,0.0,0.0,D
2020-10-18,Premier League,2020_2021,covid,1,Tottenham,West Ham,3,3,D,7,6,Draw,good,medium,White Hart Lane,36230.0,3.0,0.0,H
2020-10-18,Serie A,2020_2021,covid,1,Bologna,Sassuolo,3,4,A,3,7,Away Win,bad,good,Stadio Renato Dall'Ara,38279.0,2.0,1.0,H
2020-10-18,Serie A,2020_2021,covid,1,Roma,Benevento,5,2,H,5,6,Home Win,medium,medium,Campo Testaccio,20000.0,2.0,1.0,H
2020-10-18,Serie A,2020_2021,covid,1,Spezia,Fiorentina,2,2,D,3,3,Draw,bad,bad,NA,NA,1.0,2.0,A
2020-10-18,Serie A,2020_2021,covid,1,Torino,Cagliari,2,3,A,0,1,Away Win,bad,bad,Stadio Filadelfia,4000.0,1.0,2.0,A
2020-10-18,Serie A,2020_2021,covid,1,Udinese,Parma,3,2,H,0,3,Home Win,bad,bad,Stadio Friuli,25144.0,1.0,1.0,D
2020-10-19,Premier League,2020_2021,covid,1,Leeds,Wolves,0,1,A,7,3,Away Win,good,bad,NA,NA,0.0,0.0,D
2020-10-19,Premier League,2020_2021,covid,1,West Brom,Burnley,0,0,D,1,0,Draw,bad,bad,NA,NA,0.0,0.0,D
2020-10-19,Serie A,2020_2021,covid,1,Verona,Genoa,0,0,D,4,3,Draw,medium,bad,NA,NA,0.0,0.0,D
2020-10-23,Bundesliga,2020_2021,covid,1,Stuttgart,FC Koln,1,1,D,7,1,Draw,good,bad,MHPArena,60469.0,1.0,1.0,D
2020-10-23,La Liga,2020_2021,covid,1,Elche,Valencia,2,1,H,7,3,Home Win,good,bad,NA,NA,2.0,0.0,H
2020-10-23,Ligue 1,2020_2021,covid,1,Rennes,Angers,1,2,A,5,4,Away Win,medium,medium,Stade de la Route de Lorient,31127.0,1.0,1.0,D
2020-10-23,Premier League,2020_2021,covid,1,Aston Villa,Leeds,0,3,A,9,4,Away Win,good,medium,Villa Park,42786.0,0.0,0.0,D
2020-10-23,Serie A,2020_2021,covid,1,Sassuolo,Torino,3,3,D,9,0,Draw,good,bad,NA,NA,0.0,1.0,A
2020-10-24,Bundesliga,2020_2021,covid,1,Bayern Munich,Ein Frankfurt,5,0,H,6,7,Home Win,medium,good,NA,NA,2.0,0.0,H
2020-10-24,Bundesliga,2020_2021,covid,1,Dortmund,Schalke 04,3,0,H,6,1,Home Win,medium,bad,Signal Iduna Park,81359.0,0.0,0.0,D
2020-10-24,Bundesliga,2020_2021,covid,1,Mainz,M'gladbach,2,3,A,0,5,Away Win,bad,medium,NA,NA,2.0,1.0,H
2020-10-24,Bundesliga,2020_2021,covid,1,RB Leipzig,Hertha,2,1,H,7,0,Home Win,good,bad,Red Bull Arena,44345.0,1.0,1.0,D
2020-10-24,Bundesliga,2020_2021,covid,1,Union Berlin,Freiburg,1,1,D,5,2,Draw,medium,bad,Stadion An der Alten Försterei,22012.0,1.0,1.0,D
2020-10-24,La Liga,2020_2021,covid,1,Ath Madrid,Betis,2,0,H,5,3,Home Win,medium,bad,Vicente Calderón,54851.0,0.0,0.0,D
2020-10-24,La Liga,2020_2021,covid,1,Barcelona,Real Madrid,1,3,A,4,6,Away Win,medium,medium,Camp Nou,99354.0,1.0,1.0,D
2020-10-24,La Liga,2020_2021,covid,1,Osasuna,Ath Bilbao,1,0,H,4,3,Home Win,medium,bad,Reyno de Navarra,19800.0,0.0,0.0,D
2020-10-24,La Liga,2020_2021,covid,1,Sevilla,Eibar,0,1,A,4,4,Away Win,medium,medium,Ramón Sánchez Pizjuán,48649.0,0.0,1.0,A
2020-10-24,Ligue 1,2020_2021,covid,1,Lorient,Marseille,0,1,A,4,5,Away Win,medium,medium,NA,NA,0.0,0.0,D
2020-10-24,Ligue 1,2020_2021,covid,1,Paris SG,Dijon,4,0,H,9,2,Home Win,good,bad,NA,NA,2.0,0.0,H
2020-10-24,Premier League,2020_2021,covid,1,Fulham,Crystal Palace,1,2,A,1,1,Away Win,bad,bad,Craven Cottage,25700.0,0.0,1.0,A
2020-10-24,Premier League,2020_2021,covid,1,Liverpool,Sheffield United,2,1,H,4,1,Home Win,medium,bad,Anfield,45276.0,1.0,1.0,D
2020-10-24,Premier League,2020_2021,covid,1,Man United,Chelsea,0,0,D,6,5,Draw,medium,medium,Old Trafford,75653.0,0.0,0.0,D
2020-10-24,Premier League,2020_2021,covid,1,West Ham,Man City,1,1,D,7,4,Draw,good,medium,The Boleyn Ground,35303.0,1.0,0.0,H
2020-10-24,Serie A,2020_2021,covid,1,Atalanta,Sampdoria,1,3,A,6,6,Away Win,medium,medium,Stadio Atleti Azzurri d'Italia,26562.0,0.0,1.0,A
2020-10-24,Serie A,2020_2021,covid,1,Genoa,Inter,0,2,A,4,4,Away Win,medium,medium,NA,NA,0.0,0.0,D
2020-10-24,Serie A,2020_2021,covid,1,Lazio,Bologna,2,1,H,1,3,Home Win,bad,bad,NA,NA,0.0,0.0,D
2020-10-25,Bundesliga,2020_2021,covid,1,Werder Bremen,Hoffenheim,1,1,D,7,3,Draw,good,bad,Weser Stadyumu,42358.0,1.0,1.0,D
2020-10-25,Bundesliga,2020_2021,covid,1,Wolfsburg,Bielefeld,2,1,H,3,3,Home Win,bad,bad,Volkswagen Arena,30000.0,2.0,0.0,H
2020-10-25,La Liga,2020_2021,covid,1,Cadiz,Villarreal,0,0,D,7,7,Draw,good,good,NA,NA,0.0,0.0,D
2020-10-25,La Liga,2020_2021,covid,1,Getafe,Granada,0,1,A,6,4,Away Win,medium,medium,Alfonso Pérez,16000.0,0.0,1.0,A
2020-10-25,La Liga,2020_2021,covid,1,Sociedad,Huesca,4,1,H,6,3,Home Win,medium,bad,Anoeta,32076.0,1.0,0.0,H
2020-10-25,La Liga,2020_2021,covid,1,Valladolid,Alaves,0,2,A,1,3,Away Win,bad,bad,José Zorilla,26512.0,0.0,0.0,D
2020-10-25,Ligue 1,2020_2021,covid,1,Bordeaux,Nimes,2,0,H,4,4,Home Win,medium,medium,NA,NA,0.0,0.0,D
2020-10-25,Ligue 1,2020_2021,covid,1,Brest,Strasbourg,0,3,A,3,0,Away Win,bad,bad,NA,NA,0.0,2.0,A
2020-10-25,Ligue 1,2020_2021,covid,1,Lyon,Monaco,4,1,H,5,4,Home Win,medium,medium,Gerland Stadyumu,41044.0,4.0,0.0,H
2020-10-25,Ligue 1,2020_2021,covid,1,Metz,St Etienne,2,0,H,5,0,Home Win,medium,bad,NA,NA,1.0,0.0,H
2020-10-25,Ligue 1,2020_2021,covid,1,Montpellier,Reims,0,4,A,2,1,Away Win,bad,bad,Stade de la Mosson,32939.0,0.0,3.0,A
2020-10-25,Ligue 1,2020_2021,covid,1,Nice,Lille,1,1,D,7,9,Draw,good,good,Grand Stade Nice,35624.0,0.0,0.0,D
2020-10-25,Premier League,2020_2021,covid,1,Arsenal,Leicester,0,1,A,3,3,Away Win,bad,bad,Emirates Stadyumu,60361.0,0.0,0.0,D
2020-10-25,Premier League,2020_2021,covid,1,Southampton,Everton,2,0,H,7,7,Home Win,good,good,St Mary's Stadium,32689.0,2.0,0.0,H
2020-10-25,Premier League,2020_2021,covid,1,Wolves,Newcastle,1,1,D,6,4,Draw,medium,medium,Molineux,24259.0,0.0,0.0,D
2020-10-25,Serie A,2020_2021,covid,1,Benevento,Napoli,1,2,A,3,9,Away Win,bad,good,NA,NA,1.0,0.0,H
2020-10-25,Serie A,2020_2021,covid,1,Cagliari,Crotone,4,2,H,3,1,Home Win,bad,bad,Unipol Domus,16233.0,3.0,2.0,H
2020-10-25,Serie A,2020_2021,covid,1,Fiorentina,Udinese,3,2,H,1,3,Home Win,bad,bad,Stadio Artemio Franchi,43147.0,2.0,1.0,H
2020-10-25,Serie A,2020_2021,covid,1,Juventus,Verona,1,1,D,5,4,Draw,medium,medium,Juventus Stadium,41507.0,0.0,0.0,D
2020-10-25,Serie A,2020_2021,covid,1,Parma,Spezia,2,2,D,3,4,Draw,bad,medium,Stadio Ennio Tardini,27906.0,1.0,2.0,A
2020-10-26,Bundesliga,2020_2021,covid,1,Leverkusen,Augsburg,3,1,H,5,4,Home Win,medium,medium,NA,NA,1.0,0.0,H
2020-10-26,La Liga,2020_2021,covid,1,Levante,Celta,1,1,D,0,0,Draw,bad,bad,NA,NA,0.0,0.0,D
2020-10-26,Premier League,2020_2021,covid,1,Brighton,West Brom,1,1,D,1,2,Draw,bad,bad,Falmer Stadyumu,22500.0,1.0,0.0,H
2020-10-26,Premier League,2020_2021,covid,1,Burnley,Tottenham,0,1,A,1,5,Away Win,bad,medium,NA,NA,0.0,0.0,D
2020-10-26,Serie A,2020_2021,covid,1,Milan,Roma,3,3,D,9,7,Draw,good,good,NA,NA,1.0,1.0,D
2020-10-30,Bundesliga,2020_2021,covid,1,Schalke 04,Stuttgart,1,1,D,1,5,Draw,bad,medium,NA,NA,1.0,0.0,H
2020-10-30,La Liga,2020_2021,covid,1,Eibar,Cadiz,0,2,A,7,5,Away Win,good,medium,NA,NA,0.0,2.0,A
2020-10-30,Premier League,2020_2021,covid,1,Wolves,Crystal Palace,2,0,H,7,4,Home Win,good,medium,Molineux,24259.0,2.0,0.0,H
2020-10-31,Bundesliga,2020_2021,covid,1,Augsburg,Mainz,3,1,H,1,0,Home Win,bad,bad,Impuls Arena,30660.0,1.0,0.0,H
2020-10-31,Bundesliga,2020_2021,covid,1,Bielefeld,Dortmund,0,2,A,0,9,Away Win,bad,good,NA,NA,0.0,0.0,D
2020-10-31,Bundesliga,2020_2021,covid,1,Ein Frankfurt,Werder Bremen,1,1,D,4,5,Draw,medium,medium,Frankfurt Stadyumu,52300.0,0.0,0.0,D
2020-10-31,Bundesliga,2020_2021,covid,1,FC Koln,Bayern Munich,1,2,A,2,9,Away Win,bad,good,NA,NA,0.0,2.0,A
2020-10-31,Bundesliga,2020_2021,covid,1,M'gladbach,RB Leipzig,1,0,H,7,9,Home Win,good,good,Stadion im Borussia-Park,54067.0,0.0,0.0,D
2020-10-31,La Liga,2020_2021,covid,1,Alaves,Barcelona,1,1,D,6,1,Draw,medium,bad,Mendizorrotza,19900.0,1.0,0.0,H
2020-10-31,La Liga,2020_2021,covid,1,Ath Bilbao,Sevilla,2,1,H,3,1,Home Win,bad,bad,NA,NA,0.0,1.0,A
2020-10-31,La Liga,2020_2021,covid,1,Osasuna,Ath Madrid,1,3,A,7,7,Away Win,good,good,Reyno de Navarra,19800.0,0.0,1.0,A
2020-10-31,La Liga,2020_2021,covid,1,Real Madrid,Huesca,4,1,H,6,2,Home Win,medium,bad,Santiago Bernabéu,80354.0,2.0,0.0,H
2020-10-31,Ligue 1,2020_2021,covid,1,Nantes,Paris SG,0,3,A,3,9,Away Win,bad,good,Beaujoire Stadyumu,38285.0,0.0,0.0,D
2020-10-31,Ligue 1,2020_2021,covid,1,Rennes,Brest,2,1,H,2,3,Home Win,bad,bad,Stade de la Route de Lorient,31127.0,0.0,0.0,D
2020-10-31,Premier League,2020_2021,covid,1,Burnley,Chelsea,0,3,A,1,5,Away Win,bad,medium,NA,NA,0.0,1.0,A
2020-10-31,Premier League,2020_2021,covid,1,Liverpool,West Ham,2,1,H,4,5,Home Win,medium,medium,Anfield,45276.0,1.0,1.0,D
2020-10-31,Premier League,2020_2021,covid,1,Sheffield United,Man City,0,1,A,1,5,Away Win,bad,medium,NA,NA,0.0,1.0,A
2020-10-31,Serie A,2020_2021,covid,1,Bologna,Cagliari,3,2,H,0,6,Home Win,bad,medium,Stadio Renato Dall'Ara,38279.0,1.0,1.0,D
2020-10-31,Serie A,2020_2021,covid,1,Crotone,Atalanta,1,2,A,1,3,Away Win,bad,bad,NA,NA,1.0,2.0,A
2020-10-31,Serie A,2020_2021,covid,1,Inter,Parma,2,2,D,4,4,Draw,medium,medium,NA,NA,0.0,0.0,D
2020-11-01,Bundesliga,2020_2021,covid,1,Freiburg,Leverkusen,2,4,A,2,7,Away Win,bad,good,Kara Orman Stadyumu,24036.0,1.0,2.0,A
2020-11-01,Bundesliga,2020_2021,covid,1,Hertha,Wolfsburg,1,1,D,0,5,Draw,bad,medium,NA,NA,1.0,1.0,D
2020-11-01,La Liga,2020_2021,covid,1,Betis,Elche,3,1,H,3,7,Home Win,bad,good,Benito Villamarín,52745.0,2.0,0.0,H
2020-11-01,La Liga,2020_2021,covid,1,Celta,Sociedad,1,4,A,1,9,Away Win,bad,good,NA,NA,0.0,2.0,A
2020-11-01,La Liga,2020_2021,covid,1,Granada,Levante,1,1,D,7,1,Draw,good,bad,NA,NA,1.0,1.0,D
2020-11-01,La Liga,2020_2021,covid,1,Valencia,Getafe,2,2,D,0,3,Draw,bad,bad,Mestalla,55000.0,1.0,0.0,H
2020-11-01,Ligue 1,2020_2021,covid,1,Angers,Nice,0,3,A,4,7,Away Win,medium,good,NA,NA,0.0,2.0,A
2020-11-01,Ligue 1,2020_2021,covid,1,Dijon,Lorient,0,0,D,1,3,Draw,bad,bad,NA,NA,0.0,0.0,D
2020-11-01,Ligue 1,2020_2021,covid,1,Lille,Lyon,1,1,D,7,7,Draw,good,good,Stade Borne de l'Espoir,50186.0,1.0,1.0,D
2020-11-01,Ligue 1,2020_2021,covid,1,Monaco,Bordeaux,4,0,H,1,6,Home Win,bad,medium,NA,NA,3.0,0.0,H
2020-11-01,Ligue 1,2020_2021,covid,1,Nimes,Metz,0,1,A,3,7,Away Win,bad,good,NA,NA,0.0,1.0,A
2020-11-01,Ligue 1,2020_2021,covid,1,Reims,Strasbourg,2,1,H,4,3,Home Win,medium,bad,Stade Auguste-Delaune II,21684.0,2.0,1.0,H
2020-11-01,Ligue 1,2020_2021,covid,1,St Etienne,Montpellier,0,1,A,0,1,Away Win,bad,bad,NA,NA,0.0,1.0,A
2020-11-01,Premier League,2020_2021,covid,1,Aston Villa,Southampton,3,4,A,6,7,Away Win,medium,good,Villa Park,42786.0,0.0,3.0,A
2020-11-01,Premier League,2020_2021,covid,1,Man United,Arsenal,0,1,A,4,3,Away Win,medium,bad,Old Trafford,75653.0,0.0,0.0,D
2020-11-01,Premier League,2020_2021,covid,1,Newcastle,Everton,2,1,H,4,4,Home Win,medium,medium,St James' Park,52409.0,0.0,0.0,D
2020-11-01,Premier League,2020_2021,covid,1,Tottenham,Brighton,2,1,H,7,2,Home Win,good,bad,White Hart Lane,36230.0,1.0,0.0,H
2020-11-01,Serie A,2020_2021,covid,1,Napoli,Sassuolo,0,2,A,9,7,Away Win,good,good,Stadio Arturo Collana,12000.0,0.0,0.0,D
2020-11-01,Serie A,2020_2021,covid,1,Roma,Fiorentina,2,0,H,7,4,Home Win,good,medium,Campo Testaccio,20000.0,1.0,0.0,H
2020-11-01,Serie A,2020_2021,covid,1,Sampdoria,Genoa,1,1,D,9,1,Draw,good,bad,NA,NA,1.0,1.0,D
2020-11-01,Serie A,2020_2021,covid,1,Spezia,Juventus,1,4,A,2,3,Away Win,bad,bad,NA,NA,1.0,1.0,D
2020-11-01,Serie A,2020_2021,covid,1,Torino,Lazio,3,4,A,1,4,Away Win,bad,medium,Stadio Filadelfia,4000.0,2.0,1.0,H
2020-11-01,Serie A,2020_2021,covid,1,Udinese,Milan,1,2,A,3,7,Away Win,bad,good,Stadio Friuli,25144.0,0.0,1.0,A
2020-11-02,Bundesliga,2020_2021,covid,1,Hoffenheim,Union Berlin,1,3,A,1,5,Away Win,bad,medium,NA,NA,0.0,0.0,D
2020-11-02,La Liga,2020_2021,covid,1,Villarreal,Valladolid,2,0,H,5,1,Home Win,medium,bad,El Madrigal,26000.0,2.0,0.0,H
2020-11-02,Premier League,2020_2021,covid,1,Fulham,West Brom,2,0,H,1,2,Home Win,bad,bad,Craven Cottage,25700.0,2.0,0.0,H
2020-11-02,Premier League,2020_2021,covid,1,Leeds,Leicester,1,4,A,4,3,Away Win,medium,bad,NA,NA,0.0,2.0,A
2020-11-02,Serie A,2020_2021,covid,1,Verona,Benevento,3,1,H,2,3,Home Win,bad,bad,NA,NA,1.0,0.0,H
2020-11-04,Serie A,2020_2021,covid,1,Genoa,Torino,1,2,A,2,1,Away Win,bad,bad,NA,NA,0.0,2.0,A
2020-11-06,Bundesliga,2020_2021,covid,1,Werder Bremen,FC Koln,1,1,D,3,2,Draw,bad,bad,Weser Stadyumu,42358.0,0.0,0.0,D
2020-11-06,La Liga,2020_2021,covid,1,Elche,Celta,1,1,D,6,1,Draw,medium,bad,NA,NA,1.0,1.0,D
2020-11-06,Ligue 1,2020_2021,covid,1,Strasbourg,Marseille,0,1,A,3,7,Away Win,bad,good,Meinau Stadyumu,29230.0,0.0,0.0,D
2020-11-06,Premier League,2020_2021,covid,1,Brighton,Burnley,0,0,D,2,1,Draw,bad,bad,Falmer Stadyumu,22500.0,0.0,0.0,D
2020-11-06,Premier League,2020_2021,covid,1,Southampton,Newcastle,2,0,H,7,4,Home Win,good,medium,St Mary's Stadium,32689.0,1.0,0.0,H
2020-11-06,Serie A,2020_2021,covid,1,Sassuolo,Udinese,0,0,D,7,3,Draw,good,bad,NA,NA,0.0,0.0,D
2020-11-07,Bundesliga,2020_2021,covid,1,Augsburg,Hertha,0,3,A,3,1,Away Win,bad,bad,Impuls Arena,30660.0,0.0,1.0,A
2020-11-07,Bundesliga,2020_2021,covid,1,Dortmund,Bayern Munich,2,3,A,9,9,Away Win,good,good,Signal Iduna Park,81359.0,1.0,1.0,D
2020-11-07,Bundesliga,2020_2021,covid,1,Mainz,Schalke 04,2,2,D,0,2,Draw,bad,bad,NA,NA,2.0,1.0,H
2020-11-07,Bundesliga,2020_2021,covid,1,RB Leipzig,Freiburg,3,0,H,6,2,Home Win,medium,bad,Red Bull Arena,44345.0,1.0,0.0,H
2020-11-07,Bundesliga,2020_2021,covid,1,Stuttgart,Ein Frankfurt,2,2,D,5,2,Draw,medium,bad,MHPArena,60469.0,2.0,0.0,H
2020-11-07,Bundesliga,2020_2021,covid,1,Union Berlin,Bielefeld,5,0,H,5,0,Home Win,medium,bad,Stadion An der Alten Försterei,22012.0,3.0,0.0,H
2020-11-07,La Liga,2020_2021,covid,1,Ath Madrid,Cadiz,4,0,H,9,7,Home Win,good,good,Vicente Calderón,54851.0,2.0,0.0,H
2020-11-07,La Liga,2020_2021,covid,1,Barcelona,Betis,5,2,H,1,3,Home Win,bad,bad,Camp Nou,99354.0,1.0,1.0,D
2020-11-07,La Liga,2020_2021,covid,1,Huesca,Eibar,1,1,D,1,4,Draw,bad,medium,NA,NA,0.0,1.0,A
2020-11-07,La Liga,2020_2021,covid,1,Sevilla,Osasuna,1,0,H,0,4,Home Win,bad,medium,Ramón Sánchez Pizjuán,48649.0,0.0,0.0,D
2020-11-07,Ligue 1,2020_2021,covid,1,Bordeaux,Montpellier,0,2,A,3,4,Away Win,bad,medium,NA,NA,0.0,0.0,D
2020-11-07,Ligue 1,2020_2021,covid,1,Paris SG,Rennes,3,0,H,9,4,Home Win,good,medium,NA,NA,2.0,0.0,H
2020-11-07,Premier League,2020_2021,covid,1,Chelsea,Sheffield United,4,1,H,5,1,Home Win,medium,bad,Stamford Bridge,42449.0,2.0,1.0,H
2020-11-07,Premier League,2020_2021,covid,1,Crystal Palace,Leeds,4,1,H,4,3,Home Win,medium,bad,Selhurst Park,26225.0,3.0,1.0,H
2020-11-07,Premier League,2020_2021,covid,1,Everton,Man United,1,3,A,1,4,Away Win,bad,medium,Goodison Park,40157.0,1.0,2.0,A
2020-11-07,Premier League,2020_2021,covid,1,West Ham,Fulham,1,0,H,2,4,Home Win,bad,medium,The Boleyn Ground,35303.0,0.0,0.0,D
2020-11-07,Serie A,2020_2021,covid,1,Benevento,Spezia,0,3,A,0,2,Away Win,bad,bad,NA,NA,0.0,1.0,A
2020-11-07,Serie A,2020_2021,covid,1,Cagliari,Sampdoria,2,0,H,6,7,Home Win,medium,good,Unipol Domus,16233.0,0.0,0.0,D
2020-11-07,Serie A,2020_2021,covid,1,Parma,Fiorentina,0,0,D,2,4,Draw,bad,medium,Stadio Ennio Tardini,27906.0,0.0,0.0,D
2020-11-08,Bundesliga,2020_2021,covid,1,Leverkusen,M'gladbach,4,3,H,9,7,Home Win,good,good,NA,NA,2.0,2.0,D
2020-11-08,Bundesliga,2020_2021,covid,1,Wolfsburg,Hoffenheim,2,1,H,5,1,Home Win,medium,bad,Volkswagen Arena,30000.0,2.0,0.0,H
2020-11-08,La Liga,2020_2021,covid,1,Getafe,Villarreal,1,3,A,4,7,Away Win,medium,good,Alfonso Pérez,16000.0,1.0,2.0,A
2020-11-08,La Liga,2020_2021,covid,1,Levante,Alaves,1,1,D,2,4,Draw,bad,medium,NA,NA,0.0,1.0,A
2020-11-08,La Liga,2020_2021,covid,1,Sociedad,Granada,2,0,H,9,7,Home Win,good,good,Anoeta,32076.0,2.0,0.0,H
2020-11-08,La Liga,2020_2021,covid,1,Valencia,Real Madrid,4,1,H,1,6,Home Win,bad,medium,Mestalla,55000.0,2.0,1.0,H
2020-11-08,La Liga,2020_2021,covid,1,Valladolid,Ath Bilbao,2,1,H,1,6,Home Win,bad,medium,José Zorilla,26512.0,1.0,0.0,H
2020-11-08,Ligue 1,2020_2021,covid,1,Brest,Lille,3,2,H,0,5,Home Win,bad,medium,NA,NA,3.0,1.0,H
2020-11-08,Ligue 1,2020_2021,covid,1,Lens,Reims,4,4,D,4,6,Draw,medium,medium,Stade Félix Bollaert,41233.0,1.0,0.0,H
2020-11-08,Ligue 1,2020_2021,covid,1,Lorient,Nantes,0,2,A,4,3,Away Win,medium,bad,NA,NA,0.0,0.0,D
2020-11-08,Ligue 1,2020_2021,covid,1,Lyon,St Etienne,2,1,H,7,0,Home Win,good,bad,Gerland Stadyumu,41044.0,0.0,1.0,A
2020-11-08,Ligue 1,2020_2021,covid,1,Metz,Dijon,1,1,D,7,2,Draw,good,bad,NA,NA,1.0,1.0,D
2020-11-08,Ligue 1,2020_2021,covid,1,Nice,Monaco,1,2,A,7,4,Away Win,good,medium,Grand Stade Nice,35624.0,0.0,1.0,A
2020-11-08,Ligue 1,2020_2021,covid,1,Nimes,Angers,1,5,A,0,4,Away Win,bad,medium,NA,NA,0.0,2.0,A
2020-11-08,Premier League,2020_2021,covid,1,Arsenal,Aston Villa,0,3,A,3,3,Away Win,bad,bad,Emirates Stadyumu,60361.0,0.0,1.0,A
2020-11-08,Premier League,2020_2021,covid,1,Leicester,Wolves,1,0,H,6,7,Home Win,medium,good,King Power Stadyumu,32312.0,1.0,0.0,H
2020-11-08,Premier League,2020_2021,covid,1,Man City,Liverpool,1,1,D,7,7,Draw,good,good,Etihad Stadium,47405.0,1.0,1.0,D
2020-11-08,Premier League,2020_2021,covid,1,West Brom,Tottenham,0,1,A,2,7,Away Win,bad,good,NA,NA,0.0,0.0,D
2020-11-08,Serie A,2020_2021,covid,1,Atalanta,Inter,1,1,D,3,4,Draw,bad,medium,Stadio Atleti Azzurri d'Italia,26562.0,0.0,0.0,D
2020-11-08,Serie A,2020_2021,covid,1,Bologna,Napoli,0,1,A,3,6,Away Win,bad,medium,Stadio Renato Dall'Ara,38279.0,0.0,1.0,A
2020-11-08,Serie A,2020_2021,covid,1,Genoa,Roma,1,3,A,1,7,Away Win,bad,good,NA,NA,0.0,1.0,A
2020-11-08,Serie A,2020_2021,covid,1,Lazio,Juventus,1,1,D,6,5,Draw,medium,medium,NA,NA,0.0,1.0,A
2020-11-08,Serie A,2020_2021,covid,1,Milan,Verona,2,2,D,7,5,Draw,good,medium,NA,NA,1.0,2.0,A
2020-11-08,Serie A,2020_2021,covid,1,Torino,Crotone,0,0,D,4,1,Draw,medium,bad,Stadio Filadelfia,4000.0,0.0,0.0,D
2020-11-20,La Liga,2020_2021,covid,1,Osasuna,Huesca,1,1,D,3,1,Draw,bad,bad,Reyno de Navarra,19800.0,0.0,1.0,A
2020-11-20,Ligue 1,2020_2021,covid,1,Monaco,Paris SG,3,2,H,6,9,Home Win,medium,good,NA,NA,0.0,2.0,A
2020-11-20,Ligue 1,2020_2021,covid,1,Rennes,Bordeaux,0,1,A,3,3,Away Win,bad,bad,Stade de la Route de Lorient,31127.0,0.0,1.0,A
2020-11-21,Bundesliga,2020_2021,covid,1,Bayern Munich,Werder Bremen,1,1,D,9,3,Draw,good,bad,NA,NA,0.0,1.0,A
2020-11-21,Bundesliga,2020_2021,covid,1,Bielefeld,Leverkusen,1,2,A,0,9,Away Win,bad,good,NA,NA,0.0,1.0,A
2020-11-21,Bundesliga,2020_2021,covid,1,Ein Frankfurt,RB Leipzig,1,1,D,2,6,Draw,bad,medium,Frankfurt Stadyumu,52300.0,1.0,0.0,H
2020-11-21,Bundesliga,2020_2021,covid,1,Hertha,Dortmund,2,5,A,4,6,Away Win,medium,medium,NA,NA,1.0,0.0,H
2020-11-21,Bundesliga,2020_2021,covid,1,Hoffenheim,Stuttgart,3,3,D,1,3,Draw,bad,bad,NA,NA,1.0,2.0,A
2020-11-21,Bundesliga,2020_2021,covid,1,M'gladbach,Augsburg,1,1,D,6,3,Draw,medium,bad,Stadion im Borussia-Park,54067.0,1.0,0.0,H
2020-11-21,Bundesliga,2020_2021,covid,1,Schalke 04,Wolfsburg,0,2,A,2,7,Away Win,bad,good,NA,NA,0.0,2.0,A
2020-11-21,La Liga,2020_2021,covid,1,Ath Madrid,Barcelona,1,0,H,9,4,Home Win,good,medium,Vicente Calderón,54851.0,1.0,0.0,H
2020-11-21,La Liga,2020_2021,covid,1,Levante,Elche,1,1,D,3,4,Draw,bad,medium,NA,NA,1.0,0.0,H
2020-11-21,La Liga,2020_2021,covid,1,Sevilla,Celta,4,2,H,3,2,Home Win,bad,bad,Ramón Sánchez Pizjuán,48649.0,2.0,2.0,D
2020-11-21,La Liga,2020_2021,covid,1,Villarreal,Real Madrid,1,1,D,7,6,Draw,good,medium,El Madrigal,26000.0,0.0,1.0,A
2020-11-21,Ligue 1,2020_2021,covid,1,Brest,St Etienne,4,1,H,3,0,Home Win,bad,bad,NA,NA,4.0,1.0,H
2020-11-21,Premier League,2020_2021,covid,1,Aston Villa,Brighton,1,2,A,3,2,Away Win,bad,bad,Villa Park,42786.0,0.0,1.0,A
2020-11-21,Premier League,2020_2021,covid,1,Man United,West Brom,1,0,H,4,1,Home Win,medium,bad,Old Trafford,75653.0,0.0,0.0,D
2020-11-21,Premier League,2020_2021,covid,1,Newcastle,Chelsea,0,2,A,4,7,Away Win,medium,good,St James' Park,52409.0,0.0,1.0,A
2020-11-21,Premier League,2020_2021,covid,1,Tottenham,Man City,2,0,H,9,5,Home Win,good,medium,White Hart Lane,36230.0,1.0,0.0,H
2020-11-21,Serie A,2020_2021,covid,1,Crotone,Lazio,0,2,A,1,7,Away Win,bad,good,NA,NA,0.0,1.0,A
2020-11-21,Serie A,2020_2021,covid,1,Juventus,Cagliari,2,0,H,5,6,Home Win,medium,medium,Juventus Stadium,41507.0,2.0,0.0,H
2020-11-21,Serie A,2020_2021,covid,1,Spezia,Atalanta,0,0,D,4,4,Draw,medium,medium,NA,NA,0.0,0.0,D
2020-11-22,Bundesliga,2020_2021,covid,1,FC Koln,Union Berlin,1,2,A,2,7,Away Win,bad,good,NA,NA,1.0,1.0,D
2020-11-22,Bundesliga,2020_2021,covid,1,Freiburg,Mainz,1,3,A,1,1,Away Win,bad,bad,Kara Orman Stadyumu,24036.0,0.0,3.0,A
2020-11-22,La Liga,2020_2021,covid,1,Alaves,Valencia,2,2,D,5,4,Draw,medium,medium,Mendizorrotza,19900.0,2.0,0.0,H
2020-11-22,La Liga,2020_2021,covid,1,Cadiz,Sociedad,0,1,A,4,9,Away Win,medium,good,NA,NA,0.0,0.0,D
2020-11-22,La Liga,2020_2021,covid,1,Eibar,Getafe,0,0,D,4,1,Draw,medium,bad,NA,NA,0.0,0.0,D
2020-11-22,La Liga,2020_2021,covid,1,Granada,Valladolid,1,3,A,4,3,Away Win,medium,bad,NA,NA,0.0,1.0,A
2020-11-22,Ligue 1,2020_2021,covid,1,Angers,Lyon,0,1,A,6,7,Away Win,medium,good,NA,NA,0.0,0.0,D
2020-11-22,Ligue 1,2020_2021,covid,1,Dijon,Lens,0,1,A,2,4,Away Win,bad,medium,NA,NA,0.0,1.0,A
2020-11-22,Ligue 1,2020_2021,covid,1,Lille,Lorient,4,0,H,2,1,Home Win,bad,bad,Stade Borne de l'Espoir,50186.0,1.0,0.0,H
2020-11-22,Ligue 1,2020_2021,covid,1,Montpellier,Strasbourg,4,3,H,6,3,Home Win,medium,bad,Stade de la Mosson,32939.0,3.0,3.0,D
2020-11-22,Ligue 1,2020_2021,covid,1,Nantes,Metz,1,1,D,6,7,Draw,medium,good,Beaujoire Stadyumu,38285.0,1.0,1.0,D
2020-11-22,Ligue 1,2020_2021,covid,1,Reims,Nimes,0,1,A,7,0,Away Win,good,bad,Stade Auguste-Delaune II,21684.0,0.0,0.0,D
2020-11-22,Premier League,2020_2021,covid,1,Fulham,Everton,2,3,A,3,0,Away Win,bad,bad,Craven Cottage,25700.0,1.0,3.0,A
2020-11-22,Premier League,2020_2021,covid,1,Leeds,Arsenal,0,0,D,3,3,Draw,bad,bad,NA,NA,0.0,0.0,D
2020-11-22,Premier League,2020_2021,covid,1,Liverpool,Leicester,3,0,H,7,9,Home Win,good,good,Anfield,45276.0,2.0,0.0,H
2020-11-22,Premier League,2020_2021,covid,1,Sheffield United,West Ham,0,1,A,0,4,Away Win,bad,medium,NA,NA,0.0,0.0,D
2020-11-22,Serie A,2020_2021,covid,1,Fiorentina,Benevento,0,1,A,4,0,Away Win,medium,bad,Stadio Artemio Franchi,43147.0,0.0,0.0,D
2020-11-22,Serie A,2020_2021,covid,1,Inter,Torino,4,2,H,5,4,Home Win,medium,medium,NA,NA,0.0,1.0,A
2020-11-22,Serie A,2020_2021,covid,1,Napoli,Milan,1,3,A,6,5,Away Win,medium,medium,Stadio Arturo Collana,12000.0,0.0,1.0,A
2020-11-22,Serie A,2020_2021,covid,1,Roma,Parma,3,0,H,7,3,Home Win,good,bad,Campo Testaccio,20000.0,3.0,0.0,H
2020-11-22,Serie A,2020_2021,covid,1,Sampdoria,Bologna,1,2,A,4,3,Away Win,medium,bad,NA,NA,1.0,1.0,D
2020-11-22,Serie A,2020_2021,covid,1,Udinese,Genoa,1,0,H,1,1,Home Win,bad,bad,Stadio Friuli,25144.0,1.0,0.0,H
2020-11-22,Serie A,2020_2021,covid,1,Verona,Sassuolo,0,2,A,5,5,Away Win,medium,medium,NA,NA,0.0,1.0,A
2020-11-23,La Liga,2020_2021,covid,1,Ath Bilbao,Betis,4,0,H,3,3,Home Win,bad,bad,NA,NA,2.0,0.0,H
2020-11-23,Premier League,2020_2021,covid,1,Burnley,Crystal Palace,1,0,H,1,6,Home Win,bad,medium,NA,NA,1.0,0.0,H
2020-11-23,Premier League,2020_2021,covid,1,Wolves,Southampton,1,1,D,4,9,Draw,medium,good,Molineux,24259.0,0.0,0.0,D
2020-11-25,Ligue 1,2020_2021,covid,1,Lens,Nantes,1,1,D,4,4,Draw,medium,medium,Stade Félix Bollaert,41233.0,1.0,0.0,H
2020-11-27,Bundesliga,2020_2021,covid,1,Wolfsburg,Werder Bremen,5,3,H,7,3,Home Win,good,bad,Volkswagen Arena,30000.0,3.0,2.0,H
2020-11-27,La Liga,2020_2021,covid,1,Valladolid,Levante,1,1,D,6,3,Draw,medium,bad,José Zorilla,26512.0,0.0,0.0,D
2020-11-27,Ligue 1,2020_2021,covid,1,Strasbourg,Rennes,1,1,D,0,3,Draw,bad,bad,Meinau Stadyumu,29230.0,1.0,0.0,H
2020-11-27,Premier League,2020_2021,covid,1,Crystal Palace,Newcastle,0,2,A,3,3,Away Win,bad,bad,Selhurst Park,26225.0,0.0,0.0,D
2020-11-28,Bundesliga,2020_2021,covid,1,Augsburg,Freiburg,1,1,D,4,0,Draw,medium,bad,Impuls Arena,30660.0,0.0,0.0,D
2020-11-28,Bundesliga,2020_2021,covid,1,Dortmund,FC Koln,1,2,A,6,1,Away Win,medium,bad,Signal Iduna Park,81359.0,0.0,1.0,A
2020-11-28,Bundesliga,2020_2021,covid,1,M'gladbach,Schalke 04,4,1,H,4,2,Home Win,medium,bad,Stadion im Borussia-Park,54067.0,2.0,1.0,H
2020-11-28,Bundesliga,2020_2021,covid,1,RB Leipzig,Bielefeld,2,1,H,4,0,Home Win,medium,bad,Red Bull Arena,44345.0,1.0,0.0,H
2020-11-28,Bundesliga,2020_2021,covid,1,Stuttgart,Bayern Munich,1,3,A,3,7,Away Win,bad,good,MHPArena,60469.0,1.0,2.0,A
2020-11-28,Bundesliga,2020_2021,covid,1,Union Berlin,Ein Frankfurt,3,3,D,9,3,Draw,good,bad,Stadion An der Alten Försterei,22012.0,2.0,2.0,D
2020-11-28,La Liga,2020_2021,covid,1,Elche,Cadiz,1,1,D,2,3,Draw,bad,bad,NA,NA,1.0,0.0,H
2020-11-28,La Liga,2020_2021,covid,1,Huesca,Sevilla,0,1,A,2,6,Away Win,bad,medium,NA,NA,0.0,0.0,D
2020-11-28,La Liga,2020_2021,covid,1,Real Madrid,Alaves,1,2,A,4,3,Away Win,medium,bad,Santiago Bernabéu,80354.0,0.0,1.0,A
2020-11-28,La Liga,2020_2021,covid,1,Valencia,Ath Madrid,0,1,A,5,9,Away Win,medium,good,Mestalla,55000.0,0.0,0.0,D
2020-11-28,Ligue 1,2020_2021,covid,1,Marseille,Nantes,3,1,H,9,5,Home Win,good,medium,Vélodrome Stadyumu,60013.0,2.0,0.0,H
2020-11-28,Ligue 1,2020_2021,covid,1,Paris SG,Bordeaux,2,2,D,6,3,Draw,medium,bad,NA,NA,2.0,1.0,H
2020-11-28,Premier League,2020_2021,covid,1,Brighton,Liverpool,1,1,D,4,7,Draw,medium,good,Falmer Stadyumu,22500.0,0.0,0.0,D
2020-11-28,Premier League,2020_2021,covid,1,Everton,Leeds,0,1,A,3,1,Away Win,bad,bad,Goodison Park,40157.0,0.0,0.0,D
2020-11-28,Premier League,2020_2021,covid,1,Man City,Burnley,5,0,H,4,4,Home Win,medium,medium,Etihad Stadium,47405.0,3.0,0.0,H
2020-11-28,Premier League,2020_2021,covid,1,West Brom,Sheffield United,1,0,H,0,0,Home Win,bad,bad,NA,NA,1.0,0.0,H
2020-11-28,Serie A,2020_2021,covid,1,Atalanta,Verona,0,2,A,5,4,Away Win,medium,medium,Stadio Atleti Azzurri d'Italia,26562.0,0.0,0.0,D
2020-11-28,Serie A,2020_2021,covid,1,Benevento,Juventus,1,1,D,3,7,Draw,bad,good,NA,NA,1.0,1.0,D
2020-11-28,Serie A,2020_2021,covid,1,Sassuolo,Inter,0,3,A,7,5,Away Win,good,medium,NA,NA,0.0,2.0,A
2020-11-29,Bundesliga,2020_2021,covid,1,Leverkusen,Hertha,0,0,D,9,4,Draw,good,medium,NA,NA,0.0,0.0,D
2020-11-29,Bundesliga,2020_2021,covid,1,Mainz,Hoffenheim,1,1,D,4,1,Draw,medium,bad,NA,NA,1.0,0.0,H
2020-11-29,La Liga,2020_2021,covid,1,Barcelona,Osasuna,4,0,H,4,1,Home Win,medium,bad,Camp Nou,99354.0,2.0,0.0,H
2020-11-29,La Liga,2020_2021,covid,1,Celta,Granada,3,1,H,1,1,Home Win,bad,bad,NA,NA,1.0,1.0,D
2020-11-29,La Liga,2020_2021,covid,1,Getafe,Ath Bilbao,1,1,D,2,6,Draw,bad,medium,Alfonso Pérez,16000.0,0.0,1.0,A
2020-11-29,La Liga,2020_2021,covid,1,Sociedad,Villarreal,1,1,D,9,7,Draw,good,good,Anoeta,32076.0,1.0,1.0,D
2020-11-29,Ligue 1,2020_2021,covid,1,Lens,Angers,1,3,A,5,3,Away Win,medium,bad,Stade Félix Bollaert,41233.0,1.0,1.0,D
2020-11-29,Ligue 1,2020_2021,covid,1,Lorient,Montpellier,0,1,A,1,9,Away Win,bad,good,NA,NA,0.0,0.0,D
2020-11-29,Ligue 1,2020_2021,covid,1,Lyon,Reims,3,0,H,7,4,Home Win,good,medium,Gerland Stadyumu,41044.0,1.0,0.0,H
2020-11-29,Ligue 1,2020_2021,covid,1,Metz,Brest,0,2,A,5,6,Away Win,medium,medium,NA,NA,0.0,1.0,A
2020-11-29,Ligue 1,2020_2021,covid,1,Monaco,Nimes,3,0,H,9,3,Home Win,good,bad,NA,NA,1.0,0.0,H
2020-11-29,Ligue 1,2020_2021,covid,1,Nice,Dijon,1,3,A,4,2,Away Win,medium,bad,Grand Stade Nice,35624.0,0.0,2.0,A
2020-11-29,Ligue 1,2020_2021,covid,1,St Etienne,Lille,1,1,D,0,4,Draw,bad,medium,NA,NA,1.0,0.0,H
2020-11-29,Premier League,2020_2021,covid,1,Arsenal,Wolves,1,2,A,4,4,Away Win,medium,medium,Emirates Stadyumu,60361.0,1.0,2.0,A
2020-11-29,Premier League,2020_2021,covid,1,Chelsea,Tottenham,0,0,D,9,9,Draw,good,good,Stamford Bridge,42449.0,0.0,0.0,D
2020-11-29,Premier League,2020_2021,covid,1,Southampton,Man United,2,3,A,7,6,Away Win,good,medium,St Mary's Stadium,32689.0,2.0,0.0,H
2020-11-29,Serie A,2020_2021,covid,1,Bologna,Crotone,1,0,H,6,1,Home Win,medium,bad,Stadio Renato Dall'Ara,38279.0,1.0,0.0,H
2020-11-29,Serie A,2020_2021,covid,1,Cagliari,Spezia,2,2,D,3,4,Draw,bad,medium,Unipol Domus,16233.0,0.0,1.0,A
2020-11-29,Serie A,2020_2021,covid,1,Lazio,Udinese,1,3,A,7,4,Away Win,good,medium,NA,NA,0.0,2.0,A
2020-11-29,Serie A,2020_2021,covid,1,Milan,Fiorentina,2,0,H,7,1,Home Win,good,bad,NA,NA,2.0,0.0,H
2020-11-29,Serie A,2020_2021,covid,1,Napoli,Roma,4,0,H,3,9,Home Win,bad,good,Stadio Arturo Collana,12000.0,1.0,0.0,H
2020-11-30,La Liga,2020_2021,covid,1,Betis,Eibar,0,2,A,3,2,Away Win,bad,bad,Benito Villamarín,52745.0,0.0,0.0,D
2020-11-30,Premier League,2020_2021,covid,1,Leicester,Fulham,1,2,A,6,3,Away Win,medium,bad,King Power Stadyumu,32312.0,0.0,2.0,A
2020-11-30,Premier League,2020_2021,covid,1,West Ham,Aston Villa,2,1,H,6,3,Home Win,medium,bad,The Boleyn Ground,35303.0,1.0,1.0,D
2020-11-30,Serie A,2020_2021,covid,1,Genoa,Parma,1,2,A,0,2,Away Win,bad,bad,NA,NA,0.0,1.0,A
2020-11-30,Serie A,2020_2021,covid,1,Torino,Sampdoria,2,2,D,4,1,Draw,medium,bad,Stadio Filadelfia,4000.0,1.0,0.0,H
2020-12-04,Bundesliga,2020_2021,covid,1,Hertha,Union Berlin,3,1,H,4,7,Home Win,medium,good,NA,NA,0.0,1.0,A
2020-12-04,La Liga,2020_2021,covid,1,Ath Bilbao,Celta,0,2,A,4,4,Away Win,medium,medium,NA,NA,0.0,0.0,D
2020-12-04,Ligue 1,2020_2021,covid,1,Nimes,Marseille,0,2,A,3,9,Away Win,bad,good,NA,NA,0.0,0.0,D
2020-12-05,Bundesliga,2020_2021,covid,1,Bayern Munich,RB Leipzig,3,3,D,7,7,Draw,good,good,NA,NA,2.0,2.0,D
2020-12-05,Bundesliga,2020_2021,covid,1,Bielefeld,Mainz,2,1,H,0,5,Home Win,bad,medium,NA,NA,2.0,0.0,H
2020-12-05,Bundesliga,2020_2021,covid,1,Ein Frankfurt,Dortmund,1,1,D,3,3,Draw,bad,bad,Frankfurt Stadyumu,52300.0,1.0,0.0,H
2020-12-05,Bundesliga,2020_2021,covid,1,FC Koln,Wolfsburg,2,2,D,4,9,Draw,medium,good,NA,NA,2.0,1.0,H
2020-12-05,Bundesliga,2020_2021,covid,1,Freiburg,M'gladbach,2,2,D,1,4,Draw,bad,medium,Kara Orman Stadyumu,24036.0,1.0,1.0,D
2020-12-05,La Liga,2020_2021,covid,1,Ath Madrid,Valladolid,2,0,H,9,7,Home Win,good,good,Vicente Calderón,54851.0,0.0,0.0,D
2020-12-05,La Liga,2020_2021,covid,1,Cadiz,Barcelona,2,1,H,1,6,Home Win,bad,medium,NA,NA,1.0,0.0,H
2020-12-05,La Liga,2020_2021,covid,1,Levante,Getafe,3,0,H,3,2,Home Win,bad,bad,NA,NA,2.0,0.0,H
2020-12-05,La Liga,2020_2021,covid,1,Sevilla,Real Madrid,0,1,A,9,1,Away Win,good,bad,Ramón Sánchez Pizjuán,48649.0,0.0,0.0,D
2020-12-05,Ligue 1,2020_2021,covid,1,Montpellier,Paris SG,1,3,A,9,4,Away Win,good,medium,Stade de la Mosson,32939.0,1.0,1.0,D
2020-12-05,Ligue 1,2020_2021,covid,1,Rennes,Lens,0,2,A,1,4,Away Win,bad,medium,Stade de la Route de Lorient,31127.0,0.0,1.0,A
2020-12-05,Premier League,2020_2021,covid,1,Burnley,Everton,1,1,D,4,3,Draw,medium,bad,NA,NA,1.0,1.0,D
2020-12-05,Premier League,2020_2021,covid,1,Chelsea,Leeds,3,1,H,7,4,Home Win,good,medium,Stamford Bridge,42449.0,1.0,1.0,D
2020-12-05,Premier League,2020_2021,covid,1,Man City,Fulham,2,0,H,4,3,Home Win,medium,bad,Etihad Stadium,47405.0,2.0,0.0,H
2020-12-05,Premier League,2020_2021,covid,1,West Ham,Man United,1,3,A,9,9,Away Win,good,good,The Boleyn Ground,35303.0,1.0,0.0,H
2020-12-05,Serie A,2020_2021,covid,1,Inter,Bologna,3,1,H,7,6,Home Win,good,medium,NA,NA,2.0,0.0,H
2020-12-05,Serie A,2020_2021,covid,1,Juventus,Torino,2,1,H,5,2,Home Win,medium,bad,Juventus Stadium,41507.0,0.0,1.0,A
2020-12-05,Serie A,2020_2021,covid,1,Spezia,Lazio,1,2,A,5,4,Away Win,medium,medium,NA,NA,0.0,2.0,A
2020-12-06,Bundesliga,2020_2021,covid,1,Schalke 04,Leverkusen,0,3,A,1,7,Away Win,bad,good,NA,NA,0.0,1.0,A
2020-12-06,Bundesliga,2020_2021,covid,1,Werder Bremen,Stuttgart,1,2,A,2,2,Away Win,bad,bad,Weser Stadyumu,42358.0,0.0,1.0,A
2020-12-06,La Liga,2020_2021,covid,1,Alaves,Sociedad,0,0,D,5,7,Draw,medium,good,Mendizorrotza,19900.0,0.0,0.0,D
2020-12-06,La Liga,2020_2021,covid,1,Granada,Huesca,3,3,D,0,2,Draw,bad,bad,NA,NA,1.0,1.0,D
2020-12-06,La Liga,2020_2021,covid,1,Osasuna,Betis,0,2,A,1,0,Away Win,bad,bad,Reyno de Navarra,19800.0,0.0,0.0,D
2020-12-06,La Liga,2020_2021,covid,1,Villarreal,Elche,0,0,D,5,3,Draw,medium,bad,El Madrigal,26000.0,0.0,0.0,D
2020-12-06,Ligue 1,2020_2021,covid,1,Angers,Lorient,2,0,H,6,0,Home Win,medium,bad,NA,NA,1.0,0.0,H
2020-12-06,Ligue 1,2020_2021,covid,1,Bordeaux,Brest,1,0,H,4,9,Home Win,medium,good,NA,NA,0.0,0.0,D
2020-12-06,Ligue 1,2020_2021,covid,1,Dijon,St Etienne,0,0,D,4,1,Draw,medium,bad,NA,NA,0.0,0.0,D
2020-12-06,Ligue 1,2020_2021,covid,1,Lille,Monaco,2,1,H,4,9,Home Win,medium,good,Stade Borne de l'Espoir,50186.0,0.0,0.0,D
2020-12-06,Ligue 1,2020_2021,covid,1,Metz,Lyon,1,3,A,2,9,Away Win,bad,good,NA,NA,0.0,1.0,A
2020-12-06,Ligue 1,2020_2021,covid,1,Nantes,Strasbourg,0,4,A,2,1,Away Win,bad,bad,Beaujoire Stadyumu,38285.0,0.0,2.0,A
2020-12-06,Ligue 1,2020_2021,covid,1,Reims,Nice,0,0,D,1,3,Draw,bad,bad,Stade Auguste-Delaune II,21684.0,0.0,0.0,D
2020-12-06,Premier League,2020_2021,covid,1,Liverpool,Wolves,4,0,H,5,4,Home Win,medium,medium,Anfield,45276.0,1.0,0.0,H
2020-12-06,Premier League,2020_2021,covid,1,Sheffield United,Leicester,1,2,A,0,3,Away Win,bad,bad,NA,NA,1.0,1.0,D
2020-12-06,Premier League,2020_2021,covid,1,Tottenham,Arsenal,2,0,H,7,1,Home Win,good,bad,White Hart Lane,36230.0,2.0,0.0,H
2020-12-06,Premier League,2020_2021,covid,1,West Brom,Crystal Palace,1,5,A,3,3,Away Win,bad,bad,NA,NA,1.0,1.0,D
2020-12-06,Serie A,2020_2021,covid,1,Crotone,Napoli,0,4,A,1,6,Away Win,bad,medium,NA,NA,0.0,1.0,A
2020-12-06,Serie A,2020_2021,covid,1,Parma,Benevento,0,0,D,4,4,Draw,medium,medium,Stadio Ennio Tardini,27906.0,0.0,0.0,D
2020-12-06,Serie A,2020_2021,covid,1,Roma,Sassuolo,0,0,D,6,4,Draw,medium,medium,Campo Testaccio,20000.0,0.0,0.0,D
2020-12-06,Serie A,2020_2021,covid,1,Sampdoria,Milan,1,2,A,1,7,Away Win,bad,good,NA,NA,0.0,1.0,A
2020-12-06,Serie A,2020_2021,covid,1,Verona,Cagliari,1,1,D,4,4,Draw,medium,medium,NA,NA,1.0,0.0,H
2020-12-07,Bundesliga,2020_2021,covid,1,Hoffenheim,Augsburg,3,1,H,2,2,Home Win,bad,bad,NA,NA,1.0,1.0,D
2020-12-07,La Liga,2020_2021,covid,1,Eibar,Valencia,0,0,D,5,4,Draw,medium,medium,NA,NA,0.0,0.0,D
2020-12-07,Premier League,2020_2021,covid,1,Brighton,Southampton,1,2,A,5,4,Away Win,medium,medium,Falmer Stadyumu,22500.0,1.0,1.0,D
2020-12-07,Serie A,2020_2021,covid,1,Fiorentina,Genoa,1,1,D,1,0,Draw,bad,bad,Stadio Artemio Franchi,43147.0,0.0,0.0,D
2020-12-11,Bundesliga,2020_2021,covid,1,Wolfsburg,Ein Frankfurt,2,1,H,7,3,Home Win,good,bad,Volkswagen Arena,30000.0,0.0,0.0,D
2020-12-11,La Liga,2020_2021,covid,1,Valladolid,Osasuna,3,2,H,4,1,Home Win,medium,bad,José Zorilla,26512.0,1.0,2.0,A
2020-12-11,Ligue 1,2020_2021,covid,1,St Etienne,Angers,0,0,D,2,6,Draw,bad,medium,NA,NA,0.0,0.0,D
2020-12-11,Premier League,2020_2021,covid,1,Leeds,West Ham,1,2,A,4,6,Away Win,medium,medium,NA,NA,1.0,1.0,D
2020-12-11,Serie A,2020_2021,covid,1,Sassuolo,Benevento,1,0,H,4,5,Home Win,medium,medium,NA,NA,1.0,0.0,H
2020-12-12,Bundesliga,2020_2021,covid,1,Dortmund,Stuttgart,1,5,A,4,4,Away Win,medium,medium,Signal Iduna Park,81359.0,1.0,1.0,D
2020-12-12,Bundesliga,2020_2021,covid,1,Freiburg,Bielefeld,2,0,H,2,3,Home Win,bad,bad,Kara Orman Stadyumu,24036.0,0.0,0.0,D
2020-12-12,Bundesliga,2020_2021,covid,1,M'gladbach,Hertha,1,1,D,5,4,Draw,medium,medium,Stadion im Borussia-Park,54067.0,0.0,0.0,D
2020-12-12,Bundesliga,2020_2021,covid,1,Mainz,FC Koln,0,1,A,4,4,Away Win,medium,medium,NA,NA,0.0,0.0,D
2020-12-12,Bundesliga,2020_2021,covid,1,RB Leipzig,Werder Bremen,2,0,H,5,1,Home Win,medium,bad,Red Bull Arena,44345.0,2.0,0.0,H
2020-12-12,Bundesliga,2020_2021,covid,1,Union Berlin,Bayern Munich,1,1,D,4,5,Draw,medium,medium,Stadion An der Alten Försterei,22012.0,1.0,0.0,H
2020-12-12,La Liga,2020_2021,covid,1,Getafe,Sevilla,0,1,A,2,6,Away Win,bad,medium,Alfonso Pérez,16000.0,0.0,0.0,D
2020-12-12,La Liga,2020_2021,covid,1,Huesca,Alaves,1,0,H,2,5,Home Win,bad,medium,NA,NA,0.0,0.0,D
2020-12-12,La Liga,2020_2021,covid,1,Real Madrid,Ath Madrid,2,0,H,4,9,Home Win,medium,good,Santiago Bernabéu,80354.0,1.0,0.0,H
2020-12-12,La Liga,2020_2021,covid,1,Valencia,Ath Bilbao,2,2,D,2,4,Draw,bad,medium,Mestalla,55000.0,1.0,0.0,H
2020-12-12,Ligue 1,2020_2021,covid,1,Lens,Montpellier,2,3,A,4,6,Away Win,medium,medium,Stade Félix Bollaert,41233.0,1.0,2.0,A
2020-12-12,Ligue 1,2020_2021,covid,1,Marseille,Monaco,2,1,H,9,6,Home Win,good,medium,Vélodrome Stadyumu,60013.0,2.0,0.0,H
2020-12-12,Premier League,2020_2021,covid,1,Everton,Chelsea,1,0,H,4,7,Home Win,medium,good,Goodison Park,40157.0,1.0,0.0,H
2020-12-12,Premier League,2020_2021,covid,1,Man United,Man City,0,0,D,9,6,Draw,good,medium,Old Trafford,75653.0,0.0,0.0,D
2020-12-12,Premier League,2020_2021,covid,1,Newcastle,West Brom,2,1,H,3,3,Home Win,bad,bad,St James' Park,52409.0,1.0,0.0,H
2020-12-12,Premier League,2020_2021,covid,1,Wolves,Aston Villa,0,1,A,4,3,Away Win,medium,bad,Molineux,24259.0,0.0,0.0,D
2020-12-12,Serie A,2020_2021,covid,1,Crotone,Spezia,4,1,H,0,2,Home Win,bad,bad,NA,NA,1.0,1.0,D
2020-12-12,Serie A,2020_2021,covid,1,Lazio,Verona,1,2,A,6,4,Away Win,medium,medium,NA,NA,0.0,1.0,A
2020-12-12,Serie A,2020_2021,covid,1,Torino,Udinese,2,3,A,1,7,Away Win,bad,good,Stadio Filadelfia,4000.0,0.0,1.0,A
2020-12-13,Bundesliga,2020_2021,covid,1,Augsburg,Schalke 04,2,2,D,2,0,Draw,bad,bad,Impuls Arena,30660.0,1.0,0.0,H
2020-12-13,Bundesliga,2020_2021,covid,1,Leverkusen,Hoffenheim,4,1,H,7,5,Home Win,good,medium,NA,NA,2.0,0.0,H
2020-12-13,La Liga,2020_2021,covid,1,Barcelona,Levante,1,0,H,3,5,Home Win,bad,medium,Camp Nou,99354.0,0.0,0.0,D
2020-12-13,La Liga,2020_2021,covid,1,Betis,Villarreal,1,1,D,3,3,Draw,bad,bad,Benito Villamarín,52745.0,0.0,1.0,A
2020-12-13,La Liga,2020_2021,covid,1,Elche,Granada,0,1,A,3,1,Away Win,bad,bad,NA,NA,0.0,1.0,A
2020-12-13,La Liga,2020_2021,covid,1,Sociedad,Eibar,1,1,D,5,5,Draw,medium,medium,Anoeta,32076.0,1.0,0.0,H
2020-12-13,Ligue 1,2020_2021,covid,1,Brest,Reims,2,1,H,6,1,Home Win,medium,bad,NA,NA,1.0,0.0,H
2020-12-13,Ligue 1,2020_2021,covid,1,Lille,Bordeaux,2,1,H,7,7,Home Win,good,good,Stade Borne de l'Espoir,50186.0,2.0,1.0,H
2020-12-13,Ligue 1,2020_2021,covid,1,Lorient,Nimes,3,0,H,0,3,Home Win,bad,bad,NA,NA,2.0,0.0,H
2020-12-13,Ligue 1,2020_2021,covid,1,Nantes,Dijon,1,1,D,1,4,Draw,bad,medium,Beaujoire Stadyumu,38285.0,1.0,0.0,H
2020-12-13,Ligue 1,2020_2021,covid,1,Nice,Rennes,0,1,A,1,1,Away Win,bad,bad,Grand Stade Nice,35624.0,0.0,1.0,A
2020-12-13,Ligue 1,2020_2021,covid,1,Paris SG,Lyon,0,1,A,4,9,Away Win,medium,good,NA,NA,0.0,1.0,A
2020-12-13,Ligue 1,2020_2021,covid,1,Strasbourg,Metz,2,2,D,4,1,Draw,medium,bad,Meinau Stadyumu,29230.0,0.0,1.0,A
2020-12-13,Premier League,2020_2021,covid,1,Arsenal,Burnley,0,1,A,1,4,Away Win,bad,medium,Emirates Stadyumu,60361.0,0.0,0.0,D
2020-12-13,Premier League,2020_2021,covid,1,Crystal Palace,Tottenham,1,1,D,3,7,Draw,bad,good,Selhurst Park,26225.0,0.0,1.0,A
2020-12-13,Premier League,2020_2021,covid,1,Fulham,Liverpool,1,1,D,3,7,Draw,bad,good,Craven Cottage,25700.0,1.0,0.0,H
2020-12-13,Premier League,2020_2021,covid,1,Leicester,Brighton,3,0,H,3,4,Home Win,bad,medium,King Power Stadyumu,32312.0,3.0,0.0,H
2020-12-13,Premier League,2020_2021,covid,1,Southampton,Sheffield United,3,0,H,4,0,Home Win,medium,bad,St Mary's Stadium,32689.0,1.0,0.0,H
2020-12-13,Serie A,2020_2021,covid,1,Atalanta,Fiorentina,3,0,H,2,1,Home Win,bad,bad,Stadio Atleti Azzurri d'Italia,26562.0,1.0,0.0,H
2020-12-13,Serie A,2020_2021,covid,1,Bologna,Roma,1,5,A,6,4,Away Win,medium,medium,Stadio Renato Dall'Ara,38279.0,1.0,5.0,A
2020-12-13,Serie A,2020_2021,covid,1,Cagliari,Inter,1,3,A,2,9,Away Win,bad,good,Unipol Domus,16233.0,1.0,0.0,H
2020-12-13,Serie A,2020_2021,covid,1,Genoa,Juventus,1,3,A,1,7,Away Win,bad,good,NA,NA,0.0,0.0,D
2020-12-13,Serie A,2020_2021,covid,1,Milan,Parma,2,2,D,9,4,Draw,good,medium,NA,NA,0.0,1.0,A
2020-12-13,Serie A,2020_2021,covid,1,Napoli,Sampdoria,2,1,H,6,1,Home Win,medium,bad,Stadio Arturo Collana,12000.0,0.0,1.0,A
2020-12-14,La Liga,2020_2021,covid,1,Celta,Cadiz,4,0,H,6,4,Home Win,medium,medium,NA,NA,4.0,0.0,H
2020-12-15,Bundesliga,2020_2021,covid,1,Ein Frankfurt,M'gladbach,3,3,D,2,5,Draw,bad,medium,Frankfurt Stadyumu,52300.0,3.0,1.0,H
2020-12-15,Bundesliga,2020_2021,covid,1,Hertha,Mainz,0,0,D,5,1,Draw,medium,bad,NA,NA,0.0,0.0,D
2020-12-15,Bundesliga,2020_2021,covid,1,Stuttgart,Union Berlin,2,2,D,6,2,Draw,medium,bad,MHPArena,60469.0,0.0,1.0,A
2020-12-15,Bundesliga,2020_2021,covid,1,Werder Bremen,Dortmund,1,2,A,0,1,Away Win,bad,bad,Weser Stadyumu,42358.0,1.0,1.0,D
2020-12-15,La Liga,2020_2021,covid,1,Real Madrid,Ath Bilbao,3,1,H,6,2,Home Win,medium,bad,Santiago Bernabéu,80354.0,1.0,0.0,H
2020-12-15,Premier League,2020_2021,covid,1,Man City,West Brom,1,1,D,7,3,Draw,good,bad,Etihad Stadium,47405.0,1.0,1.0,D
2020-12-15,Premier League,2020_2021,covid,1,Wolves,Chelsea,2,1,H,3,4,Home Win,bad,medium,Molineux,24259.0,0.0,0.0,D
2020-12-15,Serie A,2020_2021,covid,1,Benevento,Lazio,1,1,D,2,3,Draw,bad,bad,NA,NA,1.0,1.0,D
2020-12-15,Serie A,2020_2021,covid,1,Udinese,Crotone,0,0,D,9,3,Draw,good,bad,Stadio Friuli,25144.0,0.0,0.0,D
2020-12-16,Bundesliga,2020_2021,covid,1,Bayern Munich,Wolfsburg,2,1,H,5,7,Home Win,medium,good,NA,NA,1.0,1.0,D
2020-12-16,Bundesliga,2020_2021,covid,1,Bielefeld,Augsburg,0,1,A,3,2,Away Win,bad,bad,NA,NA,0.0,0.0,D
2020-12-16,Bundesliga,2020_2021,covid,1,FC Koln,Leverkusen,0,4,A,7,7,Away Win,good,good,NA,NA,0.0,2.0,A
2020-12-16,Bundesliga,2020_2021,covid,1,Hoffenheim,RB Leipzig,0,1,A,4,7,Away Win,medium,good,NA,NA,0.0,0.0,D
2020-12-16,Bundesliga,2020_2021,covid,1,Schalke 04,Freiburg,0,2,A,1,5,Away Win,bad,medium,NA,NA,0.0,0.0,D
2020-12-16,La Liga,2020_2021,covid,1,Barcelona,Sociedad,2,1,H,6,3,Home Win,medium,bad,Camp Nou,99354.0,2.0,1.0,H
2020-12-16,Ligue 1,2020_2021,covid,1,Angers,Strasbourg,0,2,A,7,5,Away Win,good,medium,NA,NA,0.0,0.0,D
2020-12-16,Ligue 1,2020_2021,covid,1,Bordeaux,St Etienne,1,2,A,4,3,Away Win,medium,bad,NA,NA,1.0,1.0,D
2020-12-16,Ligue 1,2020_2021,covid,1,Dijon,Lille,0,2,A,5,7,Away Win,medium,good,NA,NA,0.0,1.0,A
2020-12-16,Ligue 1,2020_2021,covid,1,Lyon,Brest,2,2,D,9,6,Draw,good,medium,Gerland Stadyumu,41044.0,0.0,1.0,A
2020-12-16,Ligue 1,2020_2021,covid,1,Monaco,Lens,0,3,A,3,3,Away Win,bad,bad,NA,NA,0.0,3.0,A
2020-12-16,Ligue 1,2020_2021,covid,1,Montpellier,Metz,0,2,A,6,1,Away Win,medium,bad,Stade de la Mosson,32939.0,0.0,0.0,D
2020-12-16,Ligue 1,2020_2021,covid,1,Nimes,Nice,0,2,A,0,1,Away Win,bad,bad,NA,NA,0.0,0.0,D
2020-12-16,Ligue 1,2020_2021,covid,1,Paris SG,Lorient,2,0,H,4,3,Home Win,medium,bad,NA,NA,0.0,0.0,D
2020-12-16,Ligue 1,2020_2021,covid,1,Reims,Nantes,3,2,H,1,1,Home Win,bad,bad,Stade Auguste-Delaune II,21684.0,0.0,1.0,A
2020-12-16,Ligue 1,2020_2021,covid,1,Rennes,Marseille,2,1,H,4,9,Home Win,medium,good,Stade de la Route de Lorient,31127.0,0.0,1.0,A
2020-12-16,Premier League,2020_2021,covid,1,Arsenal,Southampton,1,1,D,0,6,Draw,bad,medium,Emirates Stadyumu,60361.0,0.0,1.0,A
2020-12-16,Premier League,2020_2021,covid,1,Fulham,Brighton,0,0,D,4,1,Draw,medium,bad,Craven Cottage,25700.0,0.0,0.0,D
2020-12-16,Premier League,2020_2021,covid,1,Leeds,Newcastle,5,2,H,3,6,Home Win,bad,medium,NA,NA,1.0,1.0,D
2020-12-16,Premier League,2020_2021,covid,1,Leicester,Everton,0,2,A,6,4,Away Win,medium,medium,King Power Stadyumu,32312.0,0.0,1.0,A
2020-12-16,Premier League,2020_2021,covid,1,Liverpool,Tottenham,2,1,H,5,5,Home Win,medium,medium,Anfield,45276.0,1.0,1.0,D
2020-12-16,Premier League,2020_2021,covid,1,West Ham,Crystal Palace,1,1,D,6,4,Draw,medium,medium,The Boleyn Ground,35303.0,0.0,1.0,A
2020-12-16,Serie A,2020_2021,covid,1,Fiorentina,Sassuolo,1,1,D,1,4,Draw,bad,medium,Stadio Artemio Franchi,43147.0,1.0,1.0,D
2020-12-16,Serie A,2020_2021,covid,1,Genoa,Milan,2,2,D,1,7,Draw,bad,good,NA,NA,0.0,0.0,D
2020-12-16,Serie A,2020_2021,covid,1,Inter,Napoli,1,0,H,9,9,Home Win,good,good,NA,NA,0.0,0.0,D
2020-12-16,Serie A,2020_2021,covid,1,Juventus,Atalanta,1,1,D,7,4,Draw,good,medium,Juventus Stadium,41507.0,1.0,0.0,H
2020-12-16,Serie A,2020_2021,covid,1,Parma,Cagliari,0,0,D,5,2,Draw,medium,bad,Stadio Ennio Tardini,27906.0,0.0,0.0,D
2020-12-16,Serie A,2020_2021,covid,1,Spezia,Bologna,2,2,D,1,3,Draw,bad,bad,NA,NA,1.0,0.0,H
2020-12-16,Serie A,2020_2021,covid,1,Verona,Sampdoria,1,2,A,7,1,Away Win,good,bad,NA,NA,0.0,1.0,A
2020-12-17,Premier League,2020_2021,covid,1,Aston Villa,Burnley,0,0,D,3,4,Draw,bad,medium,Villa Park,42786.0,0.0,0.0,D
2020-12-17,Premier League,2020_2021,covid,1,Sheffield United,Man United,2,3,A,0,7,Away Win,bad,good,NA,NA,1.0,2.0,A
2020-12-17,Serie A,2020_2021,covid,1,Roma,Torino,3,1,H,4,1,Home Win,medium,bad,Campo Testaccio,20000.0,2.0,0.0,H
2020-12-18,Bundesliga,2020_2021,covid,1,Union Berlin,Dortmund,2,1,H,2,4,Home Win,bad,medium,Stadion An der Alten Försterei,22012.0,0.0,0.0,D
2020-12-18,La Liga,2020_2021,covid,1,Ath Bilbao,Huesca,2,0,H,1,4,Home Win,bad,medium,NA,NA,0.0,0.0,D
2020-12-19,Bundesliga,2020_2021,covid,1,Augsburg,Ein Frankfurt,0,2,A,4,2,Away Win,medium,bad,Impuls Arena,30660.0,0.0,0.0,D
2020-12-19,Bundesliga,2020_2021,covid,1,Leverkusen,Bayern Munich,1,2,A,9,5,Away Win,good,medium,NA,NA,1.0,1.0,D
2020-12-19,Bundesliga,2020_2021,covid,1,M'gladbach,Hoffenheim,1,2,A,3,3,Away Win,bad,bad,Stadion im Borussia-Park,54067.0,1.0,0.0,H
2020-12-19,Bundesliga,2020_2021,covid,1,Mainz,Werder Bremen,0,1,A,1,0,Away Win,bad,bad,NA,NA,0.0,0.0,D
2020-12-19,Bundesliga,2020_2021,covid,1,RB Leipzig,FC Koln,0,0,D,7,4,Draw,good,medium,Red Bull Arena,44345.0,0.0,0.0,D
2020-12-19,Bundesliga,2020_2021,covid,1,Schalke 04,Bielefeld,0,1,A,1,3,Away Win,bad,bad,NA,NA,0.0,0.0,D
2020-12-19,La Liga,2020_2021,covid,1,Ath Madrid,Elche,3,1,H,6,2,Home Win,medium,bad,Vicente Calderón,54851.0,1.0,0.0,H
2020-12-19,La Liga,2020_2021,covid,1,Barcelona,Valencia,2,2,D,6,2,Draw,medium,bad,Camp Nou,99354.0,1.0,1.0,D
2020-12-19,La Liga,2020_2021,covid,1,Levante,Sociedad,2,1,H,4,2,Home Win,medium,bad,NA,NA,1.0,1.0,D
2020-12-19,La Liga,2020_2021,covid,1,Osasuna,Villarreal,1,3,A,0,3,Away Win,bad,bad,Reyno de Navarra,19800.0,0.0,2.0,A
2020-12-19,La Liga,2020_2021,covid,1,Sevilla,Valladolid,1,1,D,6,4,Draw,medium,medium,Ramón Sánchez Pizjuán,48649.0,1.0,0.0,H
2020-12-19,Ligue 1,2020_2021,covid,1,Marseille,Reims,1,1,D,6,4,Draw,medium,medium,Vélodrome Stadyumu,60013.0,1.0,1.0,D
2020-12-19,Ligue 1,2020_2021,covid,1,Metz,Lens,2,0,H,4,6,Home Win,medium,medium,NA,NA,1.0,0.0,H
2020-12-19,Ligue 1,2020_2021,covid,1,Nice,Lyon,1,4,A,4,7,Away Win,medium,good,Grand Stade Nice,35624.0,1.0,2.0,A
2020-12-19,Premier League,2020_2021,covid,1,Crystal Palace,Liverpool,0,7,A,5,7,Away Win,medium,good,Selhurst Park,26225.0,0.0,3.0,A
2020-12-19,Premier League,2020_2021,covid,1,Everton,Arsenal,2,1,H,7,1,Home Win,good,bad,Goodison Park,40157.0,2.0,1.0,H
2020-12-19,Premier League,2020_2021,covid,1,Newcastle,Fulham,1,1,D,6,2,Draw,medium,bad,St James' Park,52409.0,0.0,1.0,A
2020-12-19,Premier League,2020_2021,covid,1,Southampton,Man City,0,1,A,7,5,Away Win,good,medium,St Mary's Stadium,32689.0,0.0,1.0,A
2020-12-19,Serie A,2020_2021,covid,1,Fiorentina,Verona,1,1,D,2,4,Draw,bad,medium,Stadio Artemio Franchi,43147.0,1.0,1.0,D
2020-12-19,Serie A,2020_2021,covid,1,Parma,Juventus,0,4,A,3,7,Away Win,bad,good,Stadio Ennio Tardini,27906.0,0.0,2.0,A
2020-12-19,Serie A,2020_2021,covid,1,Sampdoria,Crotone,3,1,H,3,4,Home Win,bad,medium,NA,NA,2.0,1.0,H
2020-12-20,Bundesliga,2020_2021,covid,1,Freiburg,Hertha,4,1,H,7,5,Home Win,good,medium,Kara Orman Stadyumu,24036.0,1.0,0.0,H
2020-12-20,Bundesliga,2020_2021,covid,1,Wolfsburg,Stuttgart,1,0,H,4,7,Home Win,medium,good,Volkswagen Arena,30000.0,0.0,0.0,D
2020-12-20,La Liga,2020_2021,covid,1,Cadiz,Getafe,0,2,A,4,1,Away Win,medium,bad,NA,NA,0.0,1.0,A
2020-12-20,La Liga,2020_2021,covid,1,Celta,Alaves,2,0,H,9,4,Home Win,good,medium,NA,NA,1.0,0.0,H
2020-12-20,La Liga,2020_2021,covid,1,Eibar,Real Madrid,1,3,A,5,9,Away Win,medium,good,NA,NA,1.0,2.0,A
2020-12-20,La Liga,2020_2021,covid,1,Granada,Betis,2,0,H,4,4,Home Win,medium,medium,NA,NA,2.0,0.0,H
2020-12-20,Ligue 1,2020_2021,covid,1,Brest,Montpellier,2,2,D,4,3,Draw,medium,bad,NA,NA,0.0,1.0,A
2020-12-20,Ligue 1,2020_2021,covid,1,Dijon,Monaco,0,1,A,2,0,Away Win,bad,bad,NA,NA,0.0,1.0,A
2020-12-20,Ligue 1,2020_2021,covid,1,Lille,Paris SG,0,0,D,9,6,Draw,good,medium,Stade Borne de l'Espoir,50186.0,0.0,0.0,D
2020-12-20,Ligue 1,2020_2021,covid,1,Lorient,Rennes,0,3,A,3,6,Away Win,bad,medium,NA,NA,0.0,1.0,A
2020-12-20,Ligue 1,2020_2021,covid,1,Nantes,Angers,1,1,D,1,4,Draw,bad,medium,Beaujoire Stadyumu,38285.0,0.0,1.0,A
2020-12-20,Ligue 1,2020_2021,covid,1,St Etienne,Nimes,2,2,D,5,0,Draw,medium,bad,NA,NA,1.0,1.0,D
2020-12-20,Ligue 1,2020_2021,covid,1,Strasbourg,Bordeaux,0,2,A,7,3,Away Win,good,bad,Meinau Stadyumu,29230.0,0.0,1.0,A
2020-12-20,Premier League,2020_2021,covid,1,Brighton,Sheffield United,1,1,D,1,0,Draw,bad,bad,Falmer Stadyumu,22500.0,0.0,0.0,D
2020-12-20,Premier League,2020_2021,covid,1,Man United,Leeds,6,2,H,7,3,Home Win,good,bad,Old Trafford,75653.0,4.0,1.0,H
2020-12-20,Premier League,2020_2021,covid,1,Tottenham,Leicester,0,2,A,4,6,Away Win,medium,medium,White Hart Lane,36230.0,0.0,1.0,A
2020-12-20,Premier League,2020_2021,covid,1,West Brom,Aston Villa,0,3,A,1,4,Away Win,bad,medium,NA,NA,0.0,1.0,A
2020-12-20,Serie A,2020_2021,covid,1,Atalanta,Roma,4,1,H,4,7,Home Win,medium,good,Stadio Atleti Azzurri d'Italia,26562.0,0.0,1.0,A
2020-12-20,Serie A,2020_2021,covid,1,Benevento,Genoa,2,0,H,2,2,Home Win,bad,bad,NA,NA,0.0,0.0,D
2020-12-20,Serie A,2020_2021,covid,1,Cagliari,Udinese,1,1,D,2,7,Draw,bad,good,Unipol Domus,16233.0,1.0,0.0,H
2020-12-20,Serie A,2020_2021,covid,1,Inter,Spezia,2,1,H,9,1,Home Win,good,bad,NA,NA,0.0,0.0,D
2020-12-20,Serie A,2020_2021,covid,1,Lazio,Napoli,2,0,H,4,6,Home Win,medium,medium,NA,NA,1.0,0.0,H
2020-12-20,Serie A,2020_2021,covid,1,Sassuolo,Milan,1,2,A,5,5,Away Win,medium,medium,NA,NA,0.0,2.0,A
2020-12-20,Serie A,2020_2021,covid,1,Torino,Bologna,1,1,D,0,1,Draw,bad,bad,Stadio Filadelfia,4000.0,0.0,0.0,D
2020-12-21,Premier League,2020_2021,covid,1,Burnley,Wolves,2,1,H,5,3,Home Win,medium,bad,NA,NA,1.0,0.0,H
2020-12-21,Premier League,2020_2021,covid,1,Chelsea,West Ham,3,0,H,3,4,Home Win,bad,medium,Stamford Bridge,42449.0,1.0,0.0,H
2020-12-22,La Liga,2020_2021,covid,1,Elche,Osasuna,2,2,D,1,0,Draw,bad,bad,NA,NA,0.0,1.0,A
2020-12-22,La Liga,2020_2021,covid,1,Huesca,Levante,1,1,D,4,6,Draw,medium,medium,NA,NA,1.0,0.0,H
2020-12-22,La Liga,2020_2021,covid,1,Sociedad,Ath Madrid,0,2,A,1,6,Away Win,bad,medium,Anoeta,32076.0,0.0,0.0,D
2020-12-22,La Liga,2020_2021,covid,1,Valencia,Sevilla,0,1,A,3,4,Away Win,bad,medium,Mestalla,55000.0,0.0,0.0,D
2020-12-22,La Liga,2020_2021,covid,1,Valladolid,Barcelona,0,3,A,4,7,Away Win,medium,good,José Zorilla,26512.0,0.0,2.0,A
2020-12-22,La Liga,2020_2021,covid,1,Villarreal,Ath Bilbao,1,1,D,5,4,Draw,medium,medium,El Madrigal,26000.0,0.0,1.0,A
2020-12-22,Serie A,2020_2021,covid,1,Crotone,Parma,2,1,H,4,2,Home Win,medium,bad,NA,NA,2.0,0.0,H
2020-12-22,Serie A,2020_2021,covid,1,Juventus,Fiorentina,0,3,A,7,2,Away Win,good,bad,Juventus Stadium,41507.0,0.0,1.0,A
2020-12-23,La Liga,2020_2021,covid,1,Alaves,Eibar,2,1,H,1,2,Home Win,bad,bad,Mendizorrotza,19900.0,2.0,1.0,H
2020-12-23,La Liga,2020_2021,covid,1,Betis,Cadiz,1,0,H,4,3,Home Win,medium,bad,Benito Villamarín,52745.0,0.0,0.0,D
2020-12-23,La Liga,2020_2021,covid,1,Getafe,Celta,1,1,D,3,9,Draw,bad,good,Alfonso Pérez,16000.0,1.0,1.0,D
2020-12-23,La Liga,2020_2021,covid,1,Real Madrid,Granada,2,0,H,9,7,Home Win,good,good,Santiago Bernabéu,80354.0,0.0,0.0,D
2020-12-23,Ligue 1,2020_2021,covid,1,Angers,Marseille,2,1,H,2,4,Home Win,bad,medium,NA,NA,2.0,0.0,H
2020-12-23,Ligue 1,2020_2021,covid,1,Bordeaux,Reims,1,3,A,3,4,Away Win,bad,medium,NA,NA,0.0,2.0,A
2020-12-23,Ligue 1,2020_2021,covid,1,Lens,Brest,2,1,H,3,5,Home Win,bad,medium,Stade Félix Bollaert,41233.0,2.0,0.0,H
2020-12-23,Ligue 1,2020_2021,covid,1,Lyon,Nantes,3,0,H,7,2,Home Win,good,bad,Gerland Stadyumu,41044.0,3.0,0.0,H
2020-12-23,Ligue 1,2020_2021,covid,1,Monaco,St Etienne,2,2,D,3,5,Draw,bad,medium,NA,NA,1.0,2.0,A
2020-12-23,Ligue 1,2020_2021,covid,1,Montpellier,Lille,2,3,A,4,7,Away Win,medium,good,Stade de la Mosson,32939.0,0.0,1.0,A
2020-12-23,Ligue 1,2020_2021,covid,1,Nice,Lorient,2,2,D,3,3,Draw,bad,bad,Grand Stade Nice,35624.0,2.0,0.0,H
2020-12-23,Ligue 1,2020_2021,covid,1,Nimes,Dijon,1,3,A,1,1,Away Win,bad,bad,NA,NA,1.0,0.0,H
2020-12-23,Ligue 1,2020_2021,covid,1,Paris SG,Strasbourg,4,0,H,4,4,Home Win,medium,medium,NA,NA,1.0,0.0,H
2020-12-23,Ligue 1,2020_2021,covid,1,Rennes,Metz,1,0,H,9,7,Home Win,good,good,Stade de la Route de Lorient,31127.0,0.0,0.0,D
2020-12-23,Serie A,2020_2021,covid,1,Bologna,Atalanta,2,2,D,2,7,Draw,bad,good,Stadio Renato Dall'Ara,38279.0,0.0,2.0,A
2020-12-23,Serie A,2020_2021,covid,1,Milan,Lazio,3,2,H,5,4,Home Win,medium,medium,NA,NA,2.0,1.0,H
2020-12-23,Serie A,2020_2021,covid,1,Napoli,Torino,1,1,D,3,1,Draw,bad,bad,Stadio Arturo Collana,12000.0,0.0,0.0,D
2020-12-23,Serie A,2020_2021,covid,1,Roma,Cagliari,3,2,H,6,2,Home Win,medium,bad,Campo Testaccio,20000.0,1.0,0.0,H
2020-12-23,Serie A,2020_2021,covid,1,Sampdoria,Sassuolo,2,3,A,6,4,Away Win,medium,medium,NA,NA,0.0,1.0,A
2020-12-23,Serie A,2020_2021,covid,1,Spezia,Genoa,1,2,A,1,1,Away Win,bad,bad,NA,NA,1.0,1.0,D
2020-12-23,Serie A,2020_2021,covid,1,Udinese,Benevento,0,2,A,5,4,Away Win,medium,medium,Stadio Friuli,25144.0,0.0,1.0,A
2020-12-23,Serie A,2020_2021,covid,1,Verona,Inter,1,2,A,4,9,Away Win,medium,good,NA,NA,0.0,0.0,D
2020-12-26,Premier League,2020_2021,covid,1,Arsenal,Chelsea,3,1,H,1,3,Home Win,bad,bad,Emirates Stadyumu,60361.0,2.0,0.0,H
2020-12-26,Premier League,2020_2021,covid,1,Aston Villa,Crystal Palace,3,0,H,7,2,Home Win,good,bad,Villa Park,42786.0,1.0,0.0,H
2020-12-26,Premier League,2020_2021,covid,1,Fulham,Southampton,0,0,D,3,4,Draw,bad,medium,Craven Cottage,25700.0,0.0,0.0,D
2020-12-26,Premier League,2020_2021,covid,1,Leicester,Man United,2,2,D,6,7,Draw,medium,good,King Power Stadyumu,32312.0,1.0,1.0,D
2020-12-26,Premier League,2020_2021,covid,1,Man City,Newcastle,2,0,H,5,4,Home Win,medium,medium,Etihad Stadium,47405.0,1.0,0.0,H
2020-12-26,Premier League,2020_2021,covid,1,Sheffield United,Everton,0,1,A,1,9,Away Win,bad,good,NA,NA,0.0,0.0,D
2020-12-27,Premier League,2020_2021,covid,1,Leeds,Burnley,1,0,H,3,7,Home Win,bad,good,NA,NA,1.0,0.0,H
2020-12-27,Premier League,2020_2021,covid,1,Liverpool,West Brom,1,1,D,7,1,Draw,good,bad,Anfield,45276.0,1.0,0.0,H
2020-12-27,Premier League,2020_2021,covid,1,West Ham,Brighton,2,2,D,4,2,Draw,medium,bad,The Boleyn Ground,35303.0,0.0,1.0,A
2020-12-27,Premier League,2020_2021,covid,1,Wolves,Tottenham,1,1,D,3,1,Draw,bad,bad,Molineux,24259.0,0.0,1.0,A
2020-12-28,Premier League,2020_2021,covid,1,Chelsea,Aston Villa,1,1,D,3,7,Draw,bad,good,Stamford Bridge,42449.0,1.0,0.0,H
2020-12-28,Premier League,2020_2021,covid,1,Crystal Palace,Leicester,1,1,D,1,4,Draw,bad,medium,Selhurst Park,26225.0,0.0,0.0,D
2020-12-29,La Liga,2020_2021,covid,1,Barcelona,Eibar,1,1,D,7,1,Draw,good,bad,Camp Nou,99354.0,0.0,0.0,D
2020-12-29,La Liga,2020_2021,covid,1,Cadiz,Valladolid,0,0,D,0,4,Draw,bad,medium,NA,NA,0.0,0.0,D
2020-12-29,La Liga,2020_2021,covid,1,Levante,Betis,4,3,H,4,4,Home Win,medium,medium,NA,NA,3.0,1.0,H
2020-12-29,La Liga,2020_2021,covid,1,Sevilla,Villarreal,2,0,H,7,5,Home Win,good,medium,Ramón Sánchez Pizjuán,48649.0,1.0,0.0,H
2020-12-29,Premier League,2020_2021,covid,1,Brighton,Arsenal,0,1,A,3,4,Away Win,bad,medium,Falmer Stadyumu,22500.0,0.0,0.0,D
2020-12-29,Premier League,2020_2021,covid,1,Burnley,Sheffield United,1,0,H,4,1,Home Win,medium,bad,NA,NA,1.0,0.0,H
2020-12-29,Premier League,2020_2021,covid,1,Man United,Wolves,1,0,H,7,4,Home Win,good,medium,Old Trafford,75653.0,0.0,0.0,D
2020-12-29,Premier League,2020_2021,covid,1,Southampton,West Ham,0,0,D,2,2,Draw,bad,bad,St Mary's Stadium,32689.0,0.0,0.0,D
2020-12-29,Premier League,2020_2021,covid,1,West Brom,Leeds,0,5,A,2,6,Away Win,bad,medium,NA,NA,0.0,4.0,A
2020-12-30,La Liga,2020_2021,covid,1,Ath Madrid,Getafe,1,0,H,6,4,Home Win,medium,medium,Vicente Calderón,54851.0,1.0,0.0,H
2020-12-30,La Liga,2020_2021,covid,1,Celta,Huesca,2,1,H,7,4,Home Win,good,medium,NA,NA,1.0,0.0,H
2020-12-30,La Liga,2020_2021,covid,1,Elche,Real Madrid,1,1,D,1,9,Draw,bad,good,NA,NA,0.0,1.0,A
2020-12-30,La Liga,2020_2021,covid,1,Granada,Valencia,2,1,H,6,2,Home Win,medium,bad,NA,NA,1.0,1.0,D
2020-12-30,Premier League,2020_2021,covid,1,Newcastle,Liverpool,0,0,D,1,7,Draw,bad,good,St James' Park,52409.0,0.0,0.0,D
2020-12-31,La Liga,2020_2021,covid,1,Ath Bilbao,Sociedad,0,1,A,4,0,Away Win,medium,bad,NA,NA,0.0,1.0,A
2020-12-31,La Liga,2020_2021,covid,1,Osasuna,Alaves,1,1,D,1,3,Draw,bad,bad,Reyno de Navarra,19800.0,0.0,0.0,D
2021-01-01,Premier League,2020_2021,covid,1,Everton,West Ham,0,1,A,9,2,Away Win,good,bad,Goodison Park,40157.0,0.0,0.0,D
2021-01-01,Premier League,2020_2021,covid,1,Man United,Aston Villa,2,1,H,7,7,Home Win,good,good,Old Trafford,75653.0,1.0,0.0,H
2021-01-02,Bundesliga,2020_2021,covid,1,Bielefeld,M'gladbach,0,1,A,3,2,Away Win,bad,bad,NA,NA,0.0,0.0,D
2021-01-02,Bundesliga,2020_2021,covid,1,Ein Frankfurt,Leverkusen,2,1,H,4,6,Home Win,medium,medium,Frankfurt Stadyumu,52300.0,1.0,1.0,D
2021-01-02,Bundesliga,2020_2021,covid,1,FC Koln,Augsburg,0,1,A,4,4,Away Win,medium,medium,NA,NA,0.0,0.0,D
2021-01-02,Bundesliga,2020_2021,covid,1,Hertha,Schalke 04,3,0,H,2,1,Home Win,bad,bad,NA,NA,1.0,0.0,H
2021-01-02,Bundesliga,2020_2021,covid,1,Hoffenheim,Freiburg,1,3,A,3,9,Away Win,bad,good,NA,NA,0.0,3.0,A
2021-01-02,Bundesliga,2020_2021,covid,1,Stuttgart,RB Leipzig,0,1,A,4,7,Away Win,medium,good,MHPArena,60469.0,0.0,0.0,D
2021-01-02,Bundesliga,2020_2021,covid,1,Werder Bremen,Union Berlin,0,2,A,3,5,Away Win,bad,medium,Weser Stadyumu,42358.0,0.0,2.0,A
2021-01-02,La Liga,2020_2021,covid,1,Betis,Sevilla,1,1,D,3,7,Draw,bad,good,Benito Villamarín,52745.0,0.0,0.0,D
2021-01-02,La Liga,2020_2021,covid,1,Getafe,Valladolid,0,1,A,4,2,Away Win,medium,bad,Alfonso Pérez,16000.0,0.0,1.0,A
2021-01-02,La Liga,2020_2021,covid,1,Real Madrid,Celta,2,0,H,7,7,Home Win,good,good,Santiago Bernabéu,80354.0,1.0,0.0,H
2021-01-02,La Liga,2020_2021,covid,1,Villarreal,Levante,2,1,H,4,7,Home Win,medium,good,El Madrigal,26000.0,1.0,0.0,H
2021-01-02,Premier League,2020_2021,covid,1,Brighton,Wolves,3,3,D,2,1,Draw,bad,bad,Falmer Stadyumu,22500.0,1.0,3.0,A
2021-01-02,Premier League,2020_2021,covid,1,Crystal Palace,Sheffield United,2,0,H,1,1,Home Win,bad,bad,Selhurst Park,26225.0,2.0,0.0,H
2021-01-02,Premier League,2020_2021,covid,1,Tottenham,Leeds,3,0,H,1,6,Home Win,bad,medium,White Hart Lane,36230.0,2.0,0.0,H
2021-01-02,Premier League,2020_2021,covid,1,West Brom,Arsenal,0,4,A,1,6,Away Win,bad,medium,NA,NA,0.0,2.0,A
2021-01-03,Bundesliga,2020_2021,covid,1,Bayern Munich,Mainz,5,2,H,7,1,Home Win,good,bad,NA,NA,0.0,2.0,A
2021-01-03,Bundesliga,2020_2021,covid,1,Dortmund,Wolfsburg,2,0,H,3,6,Home Win,bad,medium,Signal Iduna Park,81359.0,0.0,0.0,D
2021-01-03,La Liga,2020_2021,covid,1,Alaves,Ath Madrid,1,2,A,4,9,Away Win,medium,good,Mendizorrotza,19900.0,0.0,1.0,A
2021-01-03,La Liga,2020_2021,covid,1,Ath Bilbao,Elche,1,0,H,4,2,Home Win,medium,bad,NA,NA,1.0,0.0,H
2021-01-03,La Liga,2020_2021,covid,1,Eibar,Granada,2,0,H,1,6,Home Win,bad,medium,NA,NA,0.0,0.0,D
2021-01-03,La Liga,2020_2021,covid,1,Huesca,Barcelona,0,1,A,1,5,Away Win,bad,medium,NA,NA,0.0,1.0,A
2021-01-03,La Liga,2020_2021,covid,1,Sociedad,Osasuna,1,1,D,3,2,Draw,bad,bad,Anoeta,32076.0,0.0,1.0,A
2021-01-03,Premier League,2020_2021,covid,1,Chelsea,Man City,1,3,A,4,7,Away Win,medium,good,Stamford Bridge,42449.0,0.0,3.0,A
2021-01-03,Premier League,2020_2021,covid,1,Newcastle,Leicester,1,2,A,2,5,Away Win,bad,medium,St James' Park,52409.0,0.0,0.0,D
2021-01-03,Serie A,2020_2021,covid,1,Atalanta,Sassuolo,5,1,H,5,4,Home Win,medium,medium,Stadio Atleti Azzurri d'Italia,26562.0,2.0,0.0,H
2021-01-03,Serie A,2020_2021,covid,1,Benevento,Milan,0,2,A,7,7,Away Win,good,good,NA,NA,0.0,1.0,A
2021-01-03,Serie A,2020_2021,covid,1,Cagliari,Napoli,1,4,A,2,1,Away Win,bad,bad,Unipol Domus,16233.0,0.0,1.0,A
2021-01-03,Serie A,2020_2021,covid,1,Fiorentina,Bologna,0,0,D,5,3,Draw,medium,bad,Stadio Artemio Franchi,43147.0,0.0,0.0,D
2021-01-03,Serie A,2020_2021,covid,1,Genoa,Lazio,1,1,D,4,4,Draw,medium,medium,NA,NA,0.0,1.0,A
2021-01-03,Serie A,2020_2021,covid,1,Inter,Crotone,6,2,H,9,4,Home Win,good,medium,NA,NA,2.0,2.0,D
2021-01-03,Serie A,2020_2021,covid,1,Juventus,Udinese,4,1,H,4,2,Home Win,medium,bad,Juventus Stadium,41507.0,1.0,0.0,H
2021-01-03,Serie A,2020_2021,covid,1,Parma,Torino,0,3,A,1,2,Away Win,bad,bad,Stadio Ennio Tardini,27906.0,0.0,1.0,A
2021-01-03,Serie A,2020_2021,covid,1,Roma,Sampdoria,1,0,H,6,6,Home Win,medium,medium,Campo Testaccio,20000.0,0.0,0.0,D
2021-01-03,Serie A,2020_2021,covid,1,Spezia,Verona,0,1,A,1,1,Away Win,bad,bad,NA,NA,0.0,0.0,D
2021-01-04,La Liga,2020_2021,covid,1,Valencia,Cadiz,1,1,D,1,1,Draw,bad,bad,Mestalla,55000.0,0.0,0.0,D
2021-01-04,Premier League,2020_2021,covid,1,Southampton,Liverpool,1,0,H,2,5,Home Win,bad,medium,St Mary's Stadium,32689.0,1.0,0.0,H
2021-01-06,La Liga,2020_2021,covid,1,Ath Bilbao,Barcelona,2,3,A,4,7,Away Win,medium,good,NA,NA,1.0,2.0,A
2021-01-06,Ligue 1,2020_2021,covid,1,Brest,Nice,2,0,H,2,4,Home Win,bad,medium,NA,NA,2.0,0.0,H
2021-01-06,Ligue 1,2020_2021,covid,1,Lille,Angers,1,2,A,7,4,Away Win,good,medium,Stade Borne de l'Espoir,50186.0,1.0,2.0,A
2021-01-06,Ligue 1,2020_2021,covid,1,Lorient,Monaco,2,5,A,1,4,Away Win,bad,medium,NA,NA,1.0,1.0,D
2021-01-06,Ligue 1,2020_2021,covid,1,Lyon,Lens,3,2,H,7,6,Home Win,good,medium,Gerland Stadyumu,41044.0,1.0,0.0,H
2021-01-06,Ligue 1,2020_2021,covid,1,Marseille,Montpellier,3,1,H,1,1,Home Win,bad,bad,Vélodrome Stadyumu,60013.0,1.0,0.0,H
2021-01-06,Ligue 1,2020_2021,covid,1,Metz,Bordeaux,0,0,D,6,3,Draw,medium,bad,NA,NA,0.0,0.0,D
2021-01-06,Ligue 1,2020_2021,covid,1,Nantes,Rennes,0,0,D,1,9,Draw,bad,good,Beaujoire Stadyumu,38285.0,0.0,0.0,D
2021-01-06,Ligue 1,2020_2021,covid,1,Reims,Dijon,0,0,D,7,3,Draw,good,bad,Stade Auguste-Delaune II,21684.0,0.0,0.0,D
2021-01-06,Ligue 1,2020_2021,covid,1,St Etienne,Paris SG,1,1,D,5,7,Draw,medium,good,NA,NA,1.0,1.0,D
2021-01-06,Ligue 1,2020_2021,covid,1,Strasbourg,Nimes,5,0,H,3,1,Home Win,bad,bad,Meinau Stadyumu,29230.0,3.0,0.0,H
2021-01-06,Serie A,2020_2021,covid,1,Atalanta,Parma,3,0,H,7,0,Home Win,good,bad,Stadio Atleti Azzurri d'Italia,26562.0,1.0,0.0,H
2021-01-06,Serie A,2020_2021,covid,1,Bologna,Udinese,2,2,D,3,1,Draw,bad,bad,Stadio Renato Dall'Ara,38279.0,2.0,1.0,H
2021-01-06,Serie A,2020_2021,covid,1,Cagliari,Benevento,1,2,A,1,6,Away Win,bad,medium,Unipol Domus,16233.0,1.0,2.0,A
2021-01-06,Serie A,2020_2021,covid,1,Crotone,Roma,1,3,A,3,6,Away Win,bad,medium,NA,NA,0.0,3.0,A
2021-01-06,Serie A,2020_2021,covid,1,Lazio,Fiorentina,2,1,H,4,5,Home Win,medium,medium,NA,NA,1.0,0.0,H
2021-01-06,Serie A,2020_2021,covid,1,Milan,Juventus,1,3,A,9,6,Away Win,good,medium,NA,NA,1.0,1.0,D
2021-01-06,Serie A,2020_2021,covid,1,Napoli,Spezia,1,2,A,4,0,Away Win,medium,bad,Stadio Arturo Collana,12000.0,0.0,0.0,D
2021-01-06,Serie A,2020_2021,covid,1,Sampdoria,Inter,2,1,H,3,9,Home Win,bad,good,NA,NA,2.0,0.0,H
2021-01-06,Serie A,2020_2021,covid,1,Sassuolo,Genoa,2,1,H,3,4,Home Win,bad,medium,NA,NA,0.0,0.0,D
2021-01-06,Serie A,2020_2021,covid,1,Torino,Verona,1,1,D,5,4,Draw,medium,medium,Stadio Filadelfia,4000.0,0.0,0.0,D
2021-01-08,Bundesliga,2020_2021,covid,1,M'gladbach,Bayern Munich,3,2,H,4,9,Home Win,medium,good,Stadion im Borussia-Park,54067.0,2.0,2.0,D
2021-01-08,La Liga,2020_2021,covid,1,Celta,Villarreal,0,4,A,4,4,Away Win,medium,medium,NA,NA,0.0,4.0,A
2021-01-09,Bundesliga,2020_2021,covid,1,Freiburg,FC Koln,5,0,H,9,1,Home Win,good,bad,Kara Orman Stadyumu,24036.0,2.0,0.0,H
2021-01-09,Bundesliga,2020_2021,covid,1,Leverkusen,Werder Bremen,1,1,D,3,3,Draw,bad,bad,NA,NA,0.0,0.0,D
2021-01-09,Bundesliga,2020_2021,covid,1,Mainz,Ein Frankfurt,0,2,A,1,7,Away Win,bad,good,NA,NA,0.0,1.0,A
2021-01-09,Bundesliga,2020_2021,covid,1,RB Leipzig,Dortmund,1,3,A,7,6,Away Win,good,medium,Red Bull Arena,44345.0,0.0,0.0,D
2021-01-09,Bundesliga,2020_2021,covid,1,Schalke 04,Hoffenheim,4,0,H,0,3,Home Win,bad,bad,NA,NA,1.0,0.0,H
2021-01-09,Bundesliga,2020_2021,covid,1,Union Berlin,Wolfsburg,2,2,D,7,3,Draw,good,bad,Stadion An der Alten Försterei,22012.0,1.0,1.0,D
2021-01-09,La Liga,2020_2021,covid,1,Granada,Barcelona,0,4,A,3,7,Away Win,bad,good,NA,NA,0.0,3.0,A
2021-01-09,La Liga,2020_2021,covid,1,Osasuna,Real Madrid,0,0,D,3,7,Draw,bad,good,Reyno de Navarra,19800.0,0.0,0.0,D
2021-01-09,La Liga,2020_2021,covid,1,Sevilla,Sociedad,3,2,H,7,4,Home Win,good,medium,Ramón Sánchez Pizjuán,48649.0,2.0,2.0,D
2021-01-09,Ligue 1,2020_2021,covid,1,Bordeaux,Lorient,2,1,H,4,1,Home Win,medium,bad,NA,NA,2.0,1.0,H
2021-01-09,Ligue 1,2020_2021,covid,1,Dijon,Marseille,0,0,D,4,4,Draw,medium,medium,NA,NA,0.0,0.0,D
2021-01-09,Ligue 1,2020_2021,covid,1,Lens,Strasbourg,0,1,A,3,3,Away Win,bad,bad,Stade Félix Bollaert,41233.0,0.0,1.0,A
2021-01-09,Ligue 1,2020_2021,covid,1,Metz,Nice,1,1,D,4,1,Draw,medium,bad,NA,NA,0.0,1.0,A
2021-01-09,Ligue 1,2020_2021,covid,1,Monaco,Angers,3,0,H,7,7,Home Win,good,good,NA,NA,1.0,0.0,H
2021-01-09,Ligue 1,2020_2021,covid,1,Montpellier,Nantes,1,1,D,1,2,Draw,bad,bad,Stade de la Mosson,32939.0,1.0,0.0,H
2021-01-09,Ligue 1,2020_2021,covid,1,Nimes,Lille,0,1,A,1,4,Away Win,bad,medium,NA,NA,0.0,1.0,A
2021-01-09,Ligue 1,2020_2021,covid,1,Paris SG,Brest,3,0,H,5,4,Home Win,medium,medium,NA,NA,1.0,0.0,H
2021-01-09,Ligue 1,2020_2021,covid,1,Reims,St Etienne,3,1,H,5,3,Home Win,medium,bad,Stade Auguste-Delaune II,21684.0,2.0,0.0,H
2021-01-09,Ligue 1,2020_2021,covid,1,Rennes,Lyon,2,2,D,7,9,Draw,good,good,Stade de la Route de Lorient,31127.0,1.0,0.0,H
2021-01-09,Serie A,2020_2021,covid,1,Benevento,Atalanta,1,4,A,6,7,Away Win,medium,good,NA,NA,0.0,1.0,A
2021-01-09,Serie A,2020_2021,covid,1,Genoa,Bologna,2,0,H,4,3,Home Win,medium,bad,NA,NA,1.0,0.0,H
2021-01-09,Serie A,2020_2021,covid,1,Milan,Torino,2,0,H,6,5,Home Win,medium,medium,NA,NA,2.0,0.0,H
2021-01-10,Bundesliga,2020_2021,covid,1,Augsburg,Stuttgart,1,4,A,6,1,Away Win,medium,bad,Impuls Arena,30660.0,0.0,2.0,A
2021-01-10,Bundesliga,2020_2021,covid,1,Bielefeld,Hertha,1,0,H,3,4,Home Win,bad,medium,NA,NA,0.0,0.0,D
2021-01-10,La Liga,2020_2021,covid,1,Cadiz,Alaves,3,1,H,2,4,Home Win,bad,medium,NA,NA,1.0,1.0,D
2021-01-10,La Liga,2020_2021,covid,1,Levante,Eibar,2,1,H,4,4,Home Win,medium,medium,NA,NA,0.0,0.0,D
2021-01-10,La Liga,2020_2021,covid,1,Valladolid,Valencia,0,1,A,4,1,Away Win,medium,bad,José Zorilla,26512.0,0.0,0.0,D
2021-01-10,Serie A,2020_2021,covid,1,Fiorentina,Cagliari,1,0,H,4,0,Home Win,medium,bad,Stadio Artemio Franchi,43147.0,0.0,0.0,D
2021-01-10,Serie A,2020_2021,covid,1,Juventus,Sassuolo,3,1,H,6,6,Home Win,medium,medium,Juventus Stadium,41507.0,0.0,0.0,D
2021-01-10,Serie A,2020_2021,covid,1,Parma,Lazio,0,2,A,0,4,Away Win,bad,medium,Stadio Ennio Tardini,27906.0,0.0,0.0,D
2021-01-10,Serie A,2020_2021,covid,1,Roma,Inter,2,2,D,9,6,Draw,good,medium,Campo Testaccio,20000.0,1.0,0.0,H
2021-01-10,Serie A,2020_2021,covid,1,Udinese,Napoli,1,2,A,1,4,Away Win,bad,medium,Stadio Friuli,25144.0,1.0,1.0,D
2021-01-10,Serie A,2020_2021,covid,1,Verona,Crotone,2,1,H,4,3,Home Win,medium,bad,NA,NA,2.0,0.0,H
2021-01-11,La Liga,2020_2021,covid,1,Elche,Getafe,1,3,A,2,1,Away Win,bad,bad,NA,NA,1.0,1.0,D
2021-01-11,La Liga,2020_2021,covid,1,Huesca,Betis,0,2,A,1,4,Away Win,bad,medium,NA,NA,0.0,0.0,D
2021-01-11,Serie A,2020_2021,covid,1,Spezia,Sampdoria,2,1,H,3,3,Home Win,bad,bad,NA,NA,1.0,1.0,D
2021-01-12,La Liga,2020_2021,covid,1,Ath Madrid,Sevilla,2,0,H,9,7,Home Win,good,good,Vicente Calderón,54851.0,1.0,0.0,H
2021-01-12,La Liga,2020_2021,covid,1,Granada,Osasuna,2,0,H,3,3,Home Win,bad,bad,NA,NA,2.0,0.0,H
2021-01-12,Premier League,2020_2021,covid,1,Burnley,Man United,0,1,A,6,7,Away Win,medium,good,NA,NA,0.0,0.0,D
2021-01-12,Premier League,2020_2021,covid,1,Sheffield United,Newcastle,1,0,H,0,1,Home Win,bad,bad,NA,NA,0.0,0.0,D
2021-01-12,Premier League,2020_2021,covid,1,Wolves,Everton,1,2,A,2,6,Away Win,bad,medium,Molineux,24259.0,1.0,1.0,D
2021-01-13,Premier League,2020_2021,covid,1,Man City,Brighton,1,0,H,9,2,Home Win,good,bad,Etihad Stadium,47405.0,1.0,0.0,H
2021-01-13,Premier League,2020_2021,covid,1,Tottenham,Fulham,1,1,D,4,3,Draw,medium,bad,White Hart Lane,36230.0,1.0,0.0,H
2021-01-14,Premier League,2020_2021,covid,1,Arsenal,Crystal Palace,0,0,D,9,4,Draw,good,medium,Emirates Stadyumu,60361.0,0.0,0.0,D
2021-01-15,Bundesliga,2020_2021,covid,1,Union Berlin,Leverkusen,1,0,H,7,1,Home Win,good,bad,Stadion An der Alten Försterei,22012.0,0.0,0.0,D
2021-01-15,Ligue 1,2020_2021,covid,1,Montpellier,Monaco,2,3,A,1,7,Away Win,bad,good,Stade de la Mosson,32939.0,0.0,2.0,A
2021-01-15,Serie A,2020_2021,covid,1,Lazio,Roma,3,0,H,7,7,Home Win,good,good,NA,NA,2.0,0.0,H
2021-01-16,Bundesliga,2020_2021,covid,1,Dortmund,Mainz,1,1,D,6,0,Draw,medium,bad,Signal Iduna Park,81359.0,0.0,0.0,D
2021-01-16,Bundesliga,2020_2021,covid,1,FC Koln,Hertha,0,0,D,1,3,Draw,bad,bad,NA,NA,0.0,0.0,D
2021-01-16,Bundesliga,2020_2021,covid,1,Hoffenheim,Bielefeld,0,0,D,3,6,Draw,bad,medium,NA,NA,0.0,0.0,D
2021-01-16,Bundesliga,2020_2021,covid,1,Stuttgart,M'gladbach,2,2,D,3,6,Draw,bad,medium,MHPArena,60469.0,0.0,1.0,A
2021-01-16,Bundesliga,2020_2021,covid,1,Werder Bremen,Augsburg,2,0,H,4,3,Home Win,medium,bad,Weser Stadyumu,42358.0,0.0,0.0,D
2021-01-16,Bundesliga,2020_2021,covid,1,Wolfsburg,RB Leipzig,2,2,D,4,4,Draw,medium,medium,Volkswagen Arena,30000.0,2.0,1.0,H
2021-01-16,Ligue 1,2020_2021,covid,1,Angers,Paris SG,0,1,A,6,7,Away Win,medium,good,NA,NA,0.0,0.0,D
2021-01-16,Ligue 1,2020_2021,covid,1,Marseille,Nimes,1,2,A,4,0,Away Win,medium,bad,Vélodrome Stadyumu,60013.0,0.0,0.0,D
2021-01-16,Premier League,2020_2021,covid,1,Fulham,Chelsea,0,1,A,3,1,Away Win,bad,bad,Craven Cottage,25700.0,0.0,0.0,D
2021-01-16,Premier League,2020_2021,covid,1,Leeds,Brighton,0,1,A,6,1,Away Win,medium,bad,NA,NA,0.0,1.0,A
2021-01-16,Premier League,2020_2021,covid,1,Leicester,Southampton,2,0,H,5,5,Home Win,medium,medium,King Power Stadyumu,32312.0,1.0,0.0,H
2021-01-16,Premier League,2020_2021,covid,1,West Ham,Burnley,1,0,H,5,3,Home Win,medium,bad,The Boleyn Ground,35303.0,1.0,0.0,H
2021-01-16,Premier League,2020_2021,covid,1,Wolves,West Brom,2,3,A,1,1,Away Win,bad,bad,Molineux,24259.0,2.0,1.0,H
2021-01-16,Serie A,2020_2021,covid,1,Bologna,Verona,1,0,H,2,7,Home Win,bad,good,Stadio Renato Dall'Ara,38279.0,1.0,0.0,H
2021-01-16,Serie A,2020_2021,covid,1,Sampdoria,Udinese,2,1,H,3,1,Home Win,bad,bad,NA,NA,0.0,0.0,D
2021-01-16,Serie A,2020_2021,covid,1,Torino,Spezia,0,0,D,4,6,Draw,medium,medium,Stadio Filadelfia,4000.0,0.0,0.0,D
2021-01-17,Bundesliga,2020_2021,covid,1,Bayern Munich,Freiburg,2,1,H,6,9,Home Win,medium,good,NA,NA,1.0,0.0,H
2021-01-17,Bundesliga,2020_2021,covid,1,Ein Frankfurt,Schalke 04,3,1,H,9,3,Home Win,good,bad,Frankfurt Stadyumu,52300.0,1.0,1.0,D
2021-01-17,Ligue 1,2020_2021,covid,1,Brest,Rennes,1,2,A,3,5,Away Win,bad,medium,NA,NA,1.0,1.0,D
2021-01-17,Ligue 1,2020_2021,covid,1,Lille,Reims,2,1,H,6,7,Home Win,medium,good,Stade Borne de l'Espoir,50186.0,0.0,1.0,A
2021-01-17,Ligue 1,2020_2021,covid,1,Lyon,Metz,0,1,A,7,2,Away Win,good,bad,Gerland Stadyumu,41044.0,0.0,0.0,D
2021-01-17,Ligue 1,2020_2021,covid,1,Nantes,Lens,1,1,D,2,3,Draw,bad,bad,Beaujoire Stadyumu,38285.0,1.0,0.0,H
2021-01-17,Ligue 1,2020_2021,covid,1,Nice,Bordeaux,0,3,A,2,4,Away Win,bad,medium,Grand Stade Nice,35624.0,0.0,0.0,D
2021-01-17,Ligue 1,2020_2021,covid,1,Strasbourg,St Etienne,1,0,H,6,2,Home Win,medium,bad,Meinau Stadyumu,29230.0,1.0,0.0,H
2021-01-17,Premier League,2020_2021,covid,1,Liverpool,Man United,0,0,D,2,9,Draw,bad,good,Anfield,45276.0,0.0,0.0,D
2021-01-17,Premier League,2020_2021,covid,1,Man City,Crystal Palace,4,0,H,9,5,Home Win,good,medium,Etihad Stadium,47405.0,1.0,0.0,H
2021-01-17,Premier League,2020_2021,covid,1,Sheffield United,Tottenham,1,3,A,3,5,Away Win,bad,medium,NA,NA,0.0,2.0,A
2021-01-17,Serie A,2020_2021,covid,1,Atalanta,Genoa,0,0,D,9,4,Draw,good,medium,Stadio Atleti Azzurri d'Italia,26562.0,0.0,0.0,D
2021-01-17,Serie A,2020_2021,covid,1,Crotone,Benevento,4,1,H,0,3,Home Win,bad,bad,NA,NA,2.0,0.0,H
2021-01-17,Serie A,2020_2021,covid,1,Inter,Juventus,2,0,H,4,9,Home Win,medium,good,NA,NA,1.0,0.0,H
2021-01-17,Serie A,2020_2021,covid,1,Napoli,Fiorentina,6,0,H,6,4,Home Win,medium,medium,Stadio Arturo Collana,12000.0,4.0,0.0,H
2021-01-17,Serie A,2020_2021,covid,1,Sassuolo,Parma,1,1,D,3,0,Draw,bad,bad,NA,NA,0.0,1.0,A
2021-01-18,Premier League,2020_2021,covid,1,Arsenal,Newcastle,3,0,H,7,1,Home Win,good,bad,Emirates Stadyumu,60361.0,0.0,0.0,D
2021-01-18,Serie A,2020_2021,covid,1,Cagliari,Milan,0,2,A,0,6,Away Win,bad,medium,Unipol Domus,16233.0,0.0,1.0,A
2021-01-19,Bundesliga,2020_2021,covid,1,Hertha,Hoffenheim,0,3,A,4,1,Away Win,medium,bad,NA,NA,0.0,1.0,A
2021-01-19,Bundesliga,2020_2021,covid,1,Leverkusen,Dortmund,2,1,H,1,7,Home Win,bad,good,NA,NA,1.0,0.0,H
2021-01-19,Bundesliga,2020_2021,covid,1,M'gladbach,Werder Bremen,1,0,H,7,4,Home Win,good,medium,Stadion im Borussia-Park,54067.0,0.0,0.0,D
2021-01-19,Bundesliga,2020_2021,covid,1,Mainz,Wolfsburg,0,2,A,1,2,Away Win,bad,bad,NA,NA,0.0,0.0,D
2021-01-19,La Liga,2020_2021,covid,1,Alaves,Sevilla,1,2,A,1,4,Away Win,bad,medium,Mendizorrotza,19900.0,1.0,2.0,A
2021-01-19,La Liga,2020_2021,covid,1,Cadiz,Levante,2,2,D,5,6,Draw,medium,medium,NA,NA,2.0,2.0,D
2021-01-19,La Liga,2020_2021,covid,1,Valladolid,Elche,2,2,D,4,1,Draw,medium,bad,José Zorilla,26512.0,0.0,2.0,A
2021-01-19,Premier League,2020_2021,covid,1,Leicester,Chelsea,2,0,H,7,4,Home Win,good,medium,King Power Stadyumu,32312.0,2.0,0.0,H
2021-01-19,Premier League,2020_2021,covid,1,West Ham,West Brom,2,1,H,7,3,Home Win,good,bad,The Boleyn Ground,35303.0,1.0,0.0,H
2021-01-20,Bundesliga,2020_2021,covid,1,Augsburg,Bayern Munich,0,1,A,3,6,Away Win,bad,medium,Impuls Arena,30660.0,0.0,1.0,A
2021-01-20,Bundesliga,2020_2021,covid,1,Bielefeld,Stuttgart,3,0,H,4,4,Home Win,medium,medium,NA,NA,1.0,0.0,H
2021-01-20,Bundesliga,2020_2021,covid,1,Freiburg,Ein Frankfurt,2,2,D,6,9,Draw,medium,good,Kara Orman Stadyumu,24036.0,1.0,1.0,D
2021-01-20,Bundesliga,2020_2021,covid,1,RB Leipzig,Union Berlin,1,0,H,4,7,Home Win,medium,good,Red Bull Arena,44345.0,0.0,0.0,D
2021-01-20,Bundesliga,2020_2021,covid,1,Schalke 04,FC Koln,1,2,A,3,1,Away Win,bad,bad,NA,NA,0.0,1.0,A
2021-01-20,La Liga,2020_2021,covid,1,Betis,Celta,2,1,H,4,3,Home Win,medium,bad,Benito Villamarín,52745.0,2.0,1.0,H
2021-01-20,La Liga,2020_2021,covid,1,Getafe,Huesca,1,0,H,3,0,Home Win,bad,bad,Alfonso Pérez,16000.0,0.0,0.0,D
2021-01-20,La Liga,2020_2021,covid,1,Villarreal,Granada,2,2,D,6,3,Draw,medium,bad,El Madrigal,26000.0,1.0,1.0,D
2021-01-20,Ligue 1,2020_2021,covid,1,Marseille,Lens,0,1,A,4,1,Away Win,medium,bad,Vélodrome Stadyumu,60013.0,0.0,0.0,D
2021-01-20,Premier League,2020_2021,covid,1,Fulham,Man United,1,2,A,2,7,Away Win,bad,good,Craven Cottage,25700.0,1.0,1.0,D
2021-01-20,Premier League,2020_2021,covid,1,Man City,Aston Villa,2,0,H,9,4,Home Win,good,medium,Etihad Stadium,47405.0,0.0,0.0,D
2021-01-20,Serie A,2020_2021,covid,1,Udinese,Atalanta,1,1,D,1,7,Draw,bad,good,Stadio Friuli,25144.0,1.0,1.0,D
2021-01-21,La Liga,2020_2021,covid,1,Eibar,Ath Madrid,1,2,A,4,9,Away Win,medium,good,NA,NA,1.0,1.0,D
2021-01-21,La Liga,2020_2021,covid,1,Valencia,Osasuna,1,1,D,4,2,Draw,medium,bad,Mestalla,55000.0,0.0,1.0,A
2021-01-21,Premier League,2020_2021,covid,1,Liverpool,Burnley,0,1,A,2,3,Away Win,bad,bad,Anfield,45276.0,0.0,0.0,D
2021-01-22,Bundesliga,2020_2021,covid,1,M'gladbach,Dortmund,4,2,H,7,4,Home Win,good,medium,Stadion im Borussia-Park,54067.0,2.0,2.0,D
2021-01-22,La Liga,2020_2021,covid,1,Levante,Valladolid,2,2,D,4,4,Draw,medium,medium,NA,NA,0.0,0.0,D
2021-01-22,Ligue 1,2020_2021,covid,1,Paris SG,Montpellier,4,0,H,7,1,Home Win,good,bad,NA,NA,1.0,0.0,H
2021-01-22,Serie A,2020_2021,covid,1,Benevento,Torino,2,2,D,3,2,Draw,bad,bad,NA,NA,1.0,0.0,H
2021-01-23,Bundesliga,2020_2021,covid,1,Augsburg,Union Berlin,2,1,H,0,4,Home Win,bad,medium,Impuls Arena,30660.0,1.0,1.0,D
2021-01-23,Bundesliga,2020_2021,covid,1,Bielefeld,Ein Frankfurt,1,5,A,7,7,Away Win,good,good,NA,NA,1.0,3.0,A
2021-01-23,Bundesliga,2020_2021,covid,1,Freiburg,Stuttgart,2,1,H,4,4,Home Win,medium,medium,Kara Orman Stadyumu,24036.0,2.0,1.0,H
2021-01-23,Bundesliga,2020_2021,covid,1,Hertha,Werder Bremen,1,4,A,1,4,Away Win,bad,medium,NA,NA,1.0,2.0,A
2021-01-23,Bundesliga,2020_2021,covid,1,Leverkusen,Wolfsburg,0,1,A,4,5,Away Win,medium,medium,NA,NA,0.0,1.0,A
2021-01-23,Bundesliga,2020_2021,covid,1,Mainz,RB Leipzig,3,2,H,1,4,Home Win,bad,medium,NA,NA,2.0,2.0,D
2021-01-23,La Liga,2020_2021,covid,1,Alaves,Real Madrid,1,4,A,0,5,Away Win,bad,medium,Mendizorrotza,19900.0,0.0,3.0,A
2021-01-23,La Liga,2020_2021,covid,1,Huesca,Villarreal,0,0,D,0,7,Draw,bad,good,NA,NA,0.0,0.0,D
2021-01-23,La Liga,2020_2021,covid,1,Sevilla,Cadiz,3,0,H,6,5,Home Win,medium,medium,Ramón Sánchez Pizjuán,48649.0,2.0,0.0,H
2021-01-23,La Liga,2020_2021,covid,1,Sociedad,Betis,2,2,D,4,7,Draw,medium,good,Anoeta,32076.0,0.0,0.0,D
2021-01-23,Ligue 1,2020_2021,covid,1,Lens,Nice,0,1,A,4,1,Away Win,medium,bad,Stade Félix Bollaert,41233.0,0.0,0.0,D
2021-01-23,Ligue 1,2020_2021,covid,1,Monaco,Marseille,3,1,H,9,1,Home Win,good,bad,NA,NA,0.0,1.0,A
2021-01-23,Premier League,2020_2021,covid,1,Aston Villa,Newcastle,2,0,H,1,0,Home Win,bad,bad,Villa Park,42786.0,2.0,0.0,H
2021-01-23,Serie A,2020_2021,covid,1,Fiorentina,Crotone,2,1,H,3,3,Home Win,bad,bad,Stadio Artemio Franchi,43147.0,2.0,0.0,H
2021-01-23,Serie A,2020_2021,covid,1,Milan,Atalanta,0,3,A,6,5,Away Win,medium,medium,NA,NA,0.0,1.0,A
2021-01-23,Serie A,2020_2021,covid,1,Roma,Spezia,4,3,H,4,7,Home Win,medium,good,Campo Testaccio,20000.0,1.0,1.0,D
2021-01-23,Serie A,2020_2021,covid,1,Udinese,Inter,0,0,D,1,4,Draw,bad,medium,Stadio Friuli,25144.0,0.0,0.0,D
2021-01-24,Bundesliga,2020_2021,covid,1,Hoffenheim,FC Koln,3,0,H,4,4,Home Win,medium,medium,NA,NA,2.0,0.0,H
2021-01-24,Bundesliga,2020_2021,covid,1,Schalke 04,Bayern Munich,0,4,A,3,6,Away Win,bad,medium,NA,NA,0.0,1.0,A
2021-01-24,La Liga,2020_2021,covid,1,Ath Madrid,Valencia,3,1,H,9,5,Home Win,good,medium,Vicente Calderón,54851.0,1.0,1.0,D
2021-01-24,La Liga,2020_2021,covid,1,Celta,Eibar,1,1,D,0,3,Draw,bad,bad,NA,NA,1.0,0.0,H
2021-01-24,La Liga,2020_2021,covid,1,Elche,Barcelona,0,2,A,1,9,Away Win,bad,good,NA,NA,0.0,1.0,A
2021-01-24,La Liga,2020_2021,covid,1,Osasuna,Granada,3,1,H,2,4,Home Win,bad,medium,Reyno de Navarra,19800.0,2.0,0.0,H
2021-01-24,Ligue 1,2020_2021,covid,1,Bordeaux,Angers,2,1,H,7,3,Home Win,good,bad,NA,NA,2.0,1.0,H
2021-01-24,Ligue 1,2020_2021,covid,1,Dijon,Strasbourg,1,1,D,5,9,Draw,medium,good,NA,NA,0.0,0.0,D
2021-01-24,Ligue 1,2020_2021,covid,1,Metz,Nantes,2,0,H,5,3,Home Win,medium,bad,NA,NA,1.0,0.0,H
2021-01-24,Ligue 1,2020_2021,covid,1,Reims,Brest,1,0,H,4,3,Home Win,medium,bad,Stade Auguste-Delaune II,21684.0,1.0,0.0,H
2021-01-24,Ligue 1,2020_2021,covid,1,Rennes,Lille,0,1,A,5,6,Away Win,medium,medium,Stade de la Route de Lorient,31127.0,0.0,1.0,A
2021-01-24,Ligue 1,2020_2021,covid,1,St Etienne,Lyon,0,5,A,1,4,Away Win,bad,medium,NA,NA,0.0,2.0,A
2021-01-24,Serie A,2020_2021,covid,1,Genoa,Cagliari,1,0,H,4,0,Home Win,medium,bad,NA,NA,1.0,0.0,H
2021-01-24,Serie A,2020_2021,covid,1,Juventus,Bologna,2,0,H,6,4,Home Win,medium,medium,Juventus Stadium,41507.0,1.0,0.0,H
2021-01-24,Serie A,2020_2021,covid,1,Lazio,Sassuolo,2,1,H,9,4,Home Win,good,medium,NA,NA,1.0,1.0,D
2021-01-24,Serie A,2020_2021,covid,1,Parma,Sampdoria,0,2,A,1,6,Away Win,bad,medium,Stadio Ennio Tardini,27906.0,0.0,2.0,A
2021-01-24,Serie A,2020_2021,covid,1,Verona,Napoli,3,1,H,4,6,Home Win,medium,medium,NA,NA,1.0,1.0,D
2021-01-25,La Liga,2020_2021,covid,1,Ath Bilbao,Getafe,5,1,H,3,6,Home Win,bad,medium,NA,NA,1.0,1.0,D
2021-01-26,Premier League,2020_2021,covid,1,Crystal Palace,West Ham,2,3,A,4,9,Away Win,medium,good,Selhurst Park,26225.0,1.0,2.0,A
2021-01-26,Premier League,2020_2021,covid,1,Newcastle,Leeds,1,2,A,0,3,Away Win,bad,bad,St James' Park,52409.0,0.0,1.0,A
2021-01-26,Premier League,2020_2021,covid,1,Southampton,Arsenal,1,3,A,4,7,Away Win,medium,good,St Mary's Stadium,32689.0,1.0,2.0,A
2021-01-26,Premier League,2020_2021,covid,1,West Brom,Man City,0,5,A,3,9,Away Win,bad,good,NA,NA,0.0,4.0,A
2021-01-27,Ligue 1,2020_2021,covid,1,Lorient,Dijon,3,2,H,1,3,Home Win,bad,bad,NA,NA,1.0,2.0,A
2021-01-27,Premier League,2020_2021,covid,1,Brighton,Fulham,0,0,D,4,1,Draw,medium,bad,Falmer Stadyumu,22500.0,0.0,0.0,D
2021-01-27,Premier League,2020_2021,covid,1,Burnley,Aston Villa,3,2,H,3,3,Home Win,bad,bad,NA,NA,0.0,1.0,A
2021-01-27,Premier League,2020_2021,covid,1,Chelsea,Wolves,0,0,D,3,1,Draw,bad,bad,Stamford Bridge,42449.0,0.0,0.0,D
2021-01-27,Premier League,2020_2021,covid,1,Everton,Leicester,1,1,D,6,9,Draw,medium,good,Goodison Park,40157.0,1.0,0.0,H
2021-01-27,Premier League,2020_2021,covid,1,Man United,Sheffield United,1,2,A,7,3,Away Win,good,bad,Old Trafford,75653.0,0.0,1.0,A
2021-01-28,Premier League,2020_2021,covid,1,Tottenham,Liverpool,1,3,A,7,1,Away Win,good,bad,White Hart Lane,36230.0,0.0,1.0,A
2021-01-29,Bundesliga,2020_2021,covid,1,Stuttgart,Mainz,2,0,H,1,4,Home Win,bad,medium,MHPArena,60469.0,0.0,0.0,D
2021-01-29,La Liga,2020_2021,covid,1,Valladolid,Huesca,1,3,A,2,1,Away Win,bad,bad,José Zorilla,26512.0,0.0,1.0,A
2021-01-29,Ligue 1,2020_2021,covid,1,Lyon,Bordeaux,2,1,H,4,9,Home Win,medium,good,Gerland Stadyumu,41044.0,1.0,0.0,H
2021-01-29,Serie A,2020_2021,covid,1,Torino,Fiorentina,1,1,D,2,6,Draw,bad,medium,Stadio Filadelfia,4000.0,0.0,0.0,D
2021-01-30,Bundesliga,2020_2021,covid,1,Bayern Munich,Hoffenheim,4,1,H,9,7,Home Win,good,good,NA,NA,2.0,1.0,H
2021-01-30,Bundesliga,2020_2021,covid,1,Dortmund,Augsburg,3,1,H,1,3,Home Win,bad,bad,Signal Iduna Park,81359.0,1.0,1.0,D
2021-01-30,Bundesliga,2020_2021,covid,1,Ein Frankfurt,Hertha,3,1,H,7,1,Home Win,good,bad,Frankfurt Stadyumu,52300.0,0.0,0.0,D
2021-01-30,Bundesliga,2020_2021,covid,1,RB Leipzig,Leverkusen,1,0,H,4,3,Home Win,medium,bad,Red Bull Arena,44345.0,0.0,0.0,D
2021-01-30,Bundesliga,2020_2021,covid,1,Union Berlin,M'gladbach,1,1,D,3,7,Draw,bad,good,Stadion An der Alten Försterei,22012.0,1.0,0.0,H
2021-01-30,Bundesliga,2020_2021,covid,1,Werder Bremen,Schalke 04,1,1,D,6,0,Draw,medium,bad,Weser Stadyumu,42358.0,0.0,1.0,A
2021-01-30,La Liga,2020_2021,covid,1,Eibar,Sevilla,0,2,A,1,6,Away Win,bad,medium,NA,NA,0.0,1.0,A
2021-01-30,La Liga,2020_2021,covid,1,Real Madrid,Levante,1,2,A,7,5,Away Win,good,medium,Santiago Bernabéu,80354.0,1.0,1.0,D
2021-01-30,La Liga,2020_2021,covid,1,Valencia,Elche,1,0,H,4,1,Home Win,medium,bad,Mestalla,55000.0,1.0,0.0,H
2021-01-30,La Liga,2020_2021,covid,1,Villarreal,Sociedad,1,1,D,5,2,Draw,medium,bad,El Madrigal,26000.0,1.0,0.0,H
2021-01-30,Ligue 1,2020_2021,covid,1,Montpellier,Lens,1,2,A,1,4,Away Win,bad,medium,Stade de la Mosson,32939.0,0.0,1.0,A
2021-01-30,Premier League,2020_2021,covid,1,Arsenal,Man United,0,0,D,7,4,Draw,good,medium,Emirates Stadyumu,60361.0,0.0,0.0,D
2021-01-30,Premier League,2020_2021,covid,1,Crystal Palace,Wolves,1,0,H,1,1,Home Win,bad,bad,Selhurst Park,26225.0,0.0,0.0,D
2021-01-30,Premier League,2020_2021,covid,1,Everton,Newcastle,0,2,A,4,0,Away Win,medium,bad,Goodison Park,40157.0,0.0,0.0,D
2021-01-30,Premier League,2020_2021,covid,1,Man City,Sheffield United,1,0,H,9,6,Home Win,good,medium,Etihad Stadium,47405.0,1.0,0.0,H
2021-01-30,Premier League,2020_2021,covid,1,Southampton,Aston Villa,0,1,A,3,3,Away Win,bad,bad,St Mary's Stadium,32689.0,0.0,1.0,A
2021-01-30,Premier League,2020_2021,covid,1,West Brom,Fulham,2,2,D,3,1,Draw,bad,bad,NA,NA,0.0,1.0,A
2021-01-30,Serie A,2020_2021,covid,1,Bologna,Milan,1,2,A,3,6,Away Win,bad,medium,Stadio Renato Dall'Ara,38279.0,0.0,1.0,A
2021-01-30,Serie A,2020_2021,covid,1,Inter,Benevento,4,0,H,5,1,Home Win,medium,bad,NA,NA,1.0,0.0,H
2021-01-30,Serie A,2020_2021,covid,1,Sampdoria,Juventus,0,2,A,6,6,Away Win,medium,medium,NA,NA,0.0,1.0,A
2021-01-31,Bundesliga,2020_2021,covid,1,FC Koln,Bielefeld,3,1,H,4,4,Home Win,medium,medium,NA,NA,2.0,0.0,H
2021-01-31,Bundesliga,2020_2021,covid,1,Wolfsburg,Freiburg,3,0,H,7,4,Home Win,good,medium,Volkswagen Arena,30000.0,2.0,0.0,H
2021-01-31,La Liga,2020_2021,covid,1,Barcelona,Ath Bilbao,2,1,H,9,6,Home Win,good,medium,Camp Nou,99354.0,1.0,0.0,H
2021-01-31,La Liga,2020_2021,covid,1,Cadiz,Ath Madrid,2,4,A,4,9,Away Win,medium,good,NA,NA,1.0,2.0,A
2021-01-31,La Liga,2020_2021,covid,1,Getafe,Alaves,0,0,D,6,0,Draw,medium,bad,Alfonso Pérez,16000.0,0.0,0.0,D
2021-01-31,La Liga,2020_2021,covid,1,Granada,Celta,0,0,D,4,1,Draw,medium,bad,NA,NA,0.0,0.0,D
2021-01-31,Ligue 1,2020_2021,covid,1,Angers,Nimes,3,1,H,0,3,Home Win,bad,bad,NA,NA,2.0,1.0,H
2021-01-31,Ligue 1,2020_2021,covid,1,Brest,Metz,2,4,A,0,7,Away Win,bad,good,NA,NA,1.0,1.0,D
2021-01-31,Ligue 1,2020_2021,covid,1,Lille,Dijon,1,0,H,9,2,Home Win,good,bad,Stade Borne de l'Espoir,50186.0,1.0,0.0,H
2021-01-31,Ligue 1,2020_2021,covid,1,Lorient,Paris SG,3,2,H,3,9,Home Win,bad,good,NA,NA,1.0,1.0,D
2021-01-31,Ligue 1,2020_2021,covid,1,Nantes,Monaco,1,2,A,2,9,Away Win,bad,good,Beaujoire Stadyumu,38285.0,0.0,1.0,A
2021-01-31,Ligue 1,2020_2021,covid,1,Nice,St Etienne,0,1,A,4,0,Away Win,medium,bad,Grand Stade Nice,35624.0,0.0,0.0,D
2021-01-31,Ligue 1,2020_2021,covid,1,Strasbourg,Reims,0,1,A,7,6,Away Win,good,medium,Meinau Stadyumu,29230.0,0.0,0.0,D
2021-01-31,Premier League,2020_2021,covid,1,Brighton,Tottenham,1,0,H,4,4,Home Win,medium,medium,Falmer Stadyumu,22500.0,1.0,0.0,H
2021-01-31,Premier League,2020_2021,covid,1,Chelsea,Burnley,2,0,H,4,6,Home Win,medium,medium,Stamford Bridge,42449.0,1.0,0.0,H
2021-01-31,Premier League,2020_2021,covid,1,Leicester,Leeds,1,3,A,7,3,Away Win,good,bad,King Power Stadyumu,32312.0,1.0,1.0,D
2021-01-31,Premier League,2020_2021,covid,1,West Ham,Liverpool,1,3,A,9,4,Away Win,good,medium,The Boleyn Ground,35303.0,0.0,0.0,D
2021-01-31,Serie A,2020_2021,covid,1,Atalanta,Lazio,1,3,A,5,9,Away Win,medium,good,Stadio Atleti Azzurri d'Italia,26562.0,0.0,1.0,A
2021-01-31,Serie A,2020_2021,covid,1,Cagliari,Sassuolo,1,1,D,0,1,Draw,bad,bad,Unipol Domus,16233.0,0.0,0.0,D
2021-01-31,Serie A,2020_2021,covid,1,Crotone,Genoa,0,3,A,3,7,Away Win,bad,good,NA,NA,0.0,2.0,A
2021-01-31,Serie A,2020_2021,covid,1,Napoli,Parma,2,0,H,6,1,Home Win,medium,bad,Stadio Arturo Collana,12000.0,1.0,0.0,H
2021-01-31,Serie A,2020_2021,covid,1,Roma,Verona,3,1,H,4,6,Home Win,medium,medium,Campo Testaccio,20000.0,3.0,0.0,H
2021-01-31,Serie A,2020_2021,covid,1,Spezia,Udinese,0,1,A,4,2,Away Win,medium,bad,NA,NA,0.0,0.0,D
2021-02-01,La Liga,2020_2021,covid,1,Betis,Osasuna,1,0,H,7,4,Home Win,good,medium,Benito Villamarín,52745.0,0.0,0.0,D
2021-02-02,Premier League,2020_2021,covid,1,Man United,Southampton,9,0,H,4,0,Home Win,medium,bad,Old Trafford,75653.0,4.0,0.0,H
2021-02-02,Premier League,2020_2021,covid,1,Newcastle,Crystal Palace,1,2,A,3,3,Away Win,bad,bad,St James' Park,52409.0,1.0,2.0,A
2021-02-02,Premier League,2020_2021,covid,1,Sheffield United,West Brom,2,1,H,3,1,Home Win,bad,bad,NA,NA,0.0,1.0,A
2021-02-02,Premier League,2020_2021,covid,1,Wolves,Arsenal,2,1,H,1,7,Home Win,bad,good,Molineux,24259.0,1.0,1.0,D
2021-02-03,Ligue 1,2020_2021,covid,1,Bordeaux,Lille,0,3,A,6,9,Away Win,medium,good,NA,NA,0.0,0.0,D
2021-02-03,Ligue 1,2020_2021,covid,1,Dijon,Lyon,0,1,A,1,6,Away Win,bad,medium,NA,NA,0.0,1.0,A
2021-02-03,Ligue 1,2020_2021,covid,1,Lens,Marseille,2,2,D,6,0,Draw,medium,bad,Stade Félix Bollaert,41233.0,0.0,2.0,A
2021-02-03,Ligue 1,2020_2021,covid,1,Metz,Montpellier,1,1,D,9,0,Draw,good,bad,NA,NA,0.0,0.0,D
2021-02-03,Ligue 1,2020_2021,covid,1,Monaco,Nice,2,1,H,9,3,Home Win,good,bad,NA,NA,1.0,0.0,H
2021-02-03,Ligue 1,2020_2021,covid,1,Paris SG,Nimes,3,0,H,6,3,Home Win,medium,bad,NA,NA,2.0,0.0,H
2021-02-03,Ligue 1,2020_2021,covid,1,Reims,Angers,0,0,D,6,3,Draw,medium,bad,Stade Auguste-Delaune II,21684.0,0.0,0.0,D
2021-02-03,Ligue 1,2020_2021,covid,1,Rennes,Lorient,1,1,D,4,6,Draw,medium,medium,Stade de la Route de Lorient,31127.0,1.0,0.0,H
2021-02-03,Ligue 1,2020_2021,covid,1,St Etienne,Nantes,1,1,D,3,1,Draw,bad,bad,NA,NA,0.0,1.0,A
2021-02-03,Ligue 1,2020_2021,covid,1,Strasbourg,Brest,2,2,D,4,0,Draw,medium,bad,Meinau Stadyumu,29230.0,1.0,0.0,H
2021-02-03,Premier League,2020_2021,covid,1,Aston Villa,West Ham,1,3,A,6,6,Away Win,medium,medium,Villa Park,42786.0,0.0,0.0,D
2021-02-03,Premier League,2020_2021,covid,1,Burnley,Man City,0,2,A,6,9,Away Win,medium,good,NA,NA,0.0,2.0,A
2021-02-03,Premier League,2020_2021,covid,1,Fulham,Leicester,0,2,A,2,4,Away Win,bad,medium,Craven Cottage,25700.0,0.0,2.0,A
2021-02-03,Premier League,2020_2021,covid,1,Leeds,Everton,1,2,A,6,4,Away Win,medium,medium,NA,NA,0.0,2.0,A
2021-02-03,Premier League,2020_2021,covid,1,Liverpool,Brighton,0,1,A,6,7,Away Win,medium,good,Anfield,45276.0,0.0,0.0,D
2021-02-04,Premier League,2020_2021,covid,1,Tottenham,Chelsea,0,1,A,3,4,Away Win,bad,medium,White Hart Lane,36230.0,0.0,1.0,A
2021-02-05,Bundesliga,2020_2021,covid,1,Hertha,Bayern Munich,0,1,A,0,9,Away Win,bad,good,NA,NA,0.0,1.0,A
2021-02-05,La Liga,2020_2021,covid,1,Alaves,Valladolid,1,0,H,1,2,Home Win,bad,bad,Mendizorrotza,19900.0,0.0,0.0,D
2021-02-05,Serie A,2020_2021,covid,1,Fiorentina,Inter,0,2,A,4,7,Away Win,medium,good,Stadio Artemio Franchi,43147.0,0.0,1.0,A
2021-02-06,Bundesliga,2020_2021,covid,1,Augsburg,Wolfsburg,0,2,A,3,9,Away Win,bad,good,Impuls Arena,30660.0,0.0,1.0,A
2021-02-06,Bundesliga,2020_2021,covid,1,Freiburg,Dortmund,2,1,H,4,3,Home Win,medium,bad,Kara Orman Stadyumu,24036.0,0.0,0.0,D
2021-02-06,Bundesliga,2020_2021,covid,1,Leverkusen,Stuttgart,5,2,H,3,3,Home Win,bad,bad,NA,NA,2.0,0.0,H
2021-02-06,Bundesliga,2020_2021,covid,1,M'gladbach,FC Koln,1,2,A,7,6,Away Win,good,medium,Stadion im Borussia-Park,54067.0,1.0,1.0,D
2021-02-06,Bundesliga,2020_2021,covid,1,Mainz,Union Berlin,1,0,H,3,1,Home Win,bad,bad,NA,NA,1.0,0.0,H
2021-02-06,Bundesliga,2020_2021,covid,1,Schalke 04,RB Leipzig,0,3,A,1,6,Away Win,bad,medium,NA,NA,0.0,1.0,A
2021-02-06,La Liga,2020_2021,covid,1,Elche,Villarreal,2,2,D,1,3,Draw,bad,bad,NA,NA,0.0,2.0,A
2021-02-06,La Liga,2020_2021,covid,1,Huesca,Real Madrid,1,2,A,4,4,Away Win,medium,medium,NA,NA,0.0,0.0,D
2021-02-06,La Liga,2020_2021,covid,1,Levante,Granada,2,2,D,5,2,Draw,medium,bad,NA,NA,1.0,1.0,D
2021-02-06,La Liga,2020_2021,covid,1,Sevilla,Getafe,3,0,H,9,4,Home Win,good,medium,Ramón Sánchez Pizjuán,48649.0,0.0,0.0,D
2021-02-06,Ligue 1,2020_2021,covid,1,Lens,Rennes,0,0,D,4,4,Draw,medium,medium,Stade Félix Bollaert,41233.0,0.0,0.0,D
2021-02-06,Ligue 1,2020_2021,covid,1,Lorient,Reims,1,0,H,7,7,Home Win,good,good,NA,NA,0.0,0.0,D
2021-02-06,Ligue 1,2020_2021,covid,1,Lyon,Strasbourg,3,0,H,9,2,Home Win,good,bad,Gerland Stadyumu,41044.0,2.0,0.0,H
2021-02-06,Premier League,2020_2021,covid,1,Aston Villa,Arsenal,1,0,H,3,4,Home Win,bad,medium,Villa Park,42786.0,1.0,0.0,H
2021-02-06,Premier League,2020_2021,covid,1,Burnley,Brighton,1,1,D,3,7,Draw,bad,good,NA,NA,0.0,1.0,A
2021-02-06,Premier League,2020_2021,covid,1,Fulham,West Ham,0,0,D,2,6,Draw,bad,medium,Craven Cottage,25700.0,0.0,0.0,D
2021-02-06,Premier League,2020_2021,covid,1,Man United,Everton,3,3,D,4,4,Draw,medium,medium,Old Trafford,75653.0,2.0,0.0,H
2021-02-06,Premier League,2020_2021,covid,1,Newcastle,Southampton,3,2,H,3,0,Home Win,bad,bad,St James' Park,52409.0,3.0,1.0,H
2021-02-06,Serie A,2020_2021,covid,1,Atalanta,Torino,3,3,D,4,3,Draw,medium,bad,Stadio Atleti Azzurri d'Italia,26562.0,3.0,2.0,H
2021-02-06,Serie A,2020_2021,covid,1,Genoa,Napoli,2,1,H,7,6,Home Win,good,medium,NA,NA,2.0,0.0,H
2021-02-06,Serie A,2020_2021,covid,1,Juventus,Roma,2,0,H,6,6,Home Win,medium,medium,Juventus Stadium,41507.0,1.0,0.0,H
2021-02-06,Serie A,2020_2021,covid,1,Sassuolo,Spezia,1,2,A,2,1,Away Win,bad,bad,NA,NA,1.0,1.0,D
2021-02-07,Bundesliga,2020_2021,covid,1,Hoffenheim,Ein Frankfurt,1,3,A,6,7,Away Win,medium,good,NA,NA,0.0,1.0,A
2021-02-07,La Liga,2020_2021,covid,1,Ath Bilbao,Valencia,1,1,D,3,4,Draw,bad,medium,NA,NA,1.0,0.0,H
2021-02-07,La Liga,2020_2021,covid,1,Betis,Barcelona,2,3,A,7,9,Away Win,good,good,Benito Villamarín,52745.0,1.0,0.0,H
2021-02-07,La Liga,2020_2021,covid,1,Osasuna,Eibar,2,1,H,4,1,Home Win,medium,bad,Reyno de Navarra,19800.0,1.0,1.0,D
2021-02-07,La Liga,2020_2021,covid,1,Sociedad,Cadiz,4,1,H,2,1,Home Win,bad,bad,Anoeta,32076.0,2.0,0.0,H
2021-02-07,Ligue 1,2020_2021,covid,1,Brest,Bordeaux,2,1,H,1,3,Home Win,bad,bad,NA,NA,0.0,0.0,D
2021-02-07,Ligue 1,2020_2021,covid,1,Marseille,Paris SG,0,2,A,1,6,Away Win,bad,medium,Vélodrome Stadyumu,60013.0,0.0,2.0,A
2021-02-07,Ligue 1,2020_2021,covid,1,Montpellier,Dijon,4,2,H,1,0,Home Win,bad,bad,Stade de la Mosson,32939.0,0.0,1.0,A
2021-02-07,Ligue 1,2020_2021,covid,1,Nantes,Lille,0,2,A,1,9,Away Win,bad,good,Beaujoire Stadyumu,38285.0,0.0,1.0,A
2021-02-07,Ligue 1,2020_2021,covid,1,Nice,Angers,3,0,H,3,4,Home Win,bad,medium,Grand Stade Nice,35624.0,2.0,0.0,H
2021-02-07,Ligue 1,2020_2021,covid,1,Nimes,Monaco,3,4,A,3,9,Away Win,bad,good,NA,NA,2.0,2.0,D
2021-02-07,Ligue 1,2020_2021,covid,1,St Etienne,Metz,1,0,H,4,7,Home Win,medium,good,NA,NA,1.0,0.0,H
2021-02-07,Premier League,2020_2021,covid,1,Liverpool,Man City,1,4,A,6,9,Away Win,medium,good,Anfield,45276.0,0.0,0.0,D
2021-02-07,Premier League,2020_2021,covid,1,Sheffield United,Chelsea,1,2,A,6,7,Away Win,medium,good,NA,NA,0.0,1.0,A
2021-02-07,Premier League,2020_2021,covid,1,Tottenham,West Brom,2,0,H,0,1,Home Win,bad,bad,White Hart Lane,36230.0,0.0,0.0,D
2021-02-07,Premier League,2020_2021,covid,1,Wolves,Leicester,0,0,D,4,4,Draw,medium,medium,Molineux,24259.0,0.0,0.0,D
2021-02-07,Serie A,2020_2021,covid,1,Benevento,Sampdoria,1,1,D,1,6,Draw,bad,medium,NA,NA,0.0,0.0,D
2021-02-07,Serie A,2020_2021,covid,1,Lazio,Cagliari,1,0,H,9,1,Home Win,good,bad,NA,NA,0.0,0.0,D
2021-02-07,Serie A,2020_2021,covid,1,Milan,Crotone,4,0,H,6,3,Home Win,medium,bad,NA,NA,1.0,0.0,H
2021-02-07,Serie A,2020_2021,covid,1,Parma,Bologna,0,3,A,1,3,Away Win,bad,bad,Stadio Ennio Tardini,27906.0,0.0,2.0,A
2021-02-07,Serie A,2020_2021,covid,1,Udinese,Verona,2,0,H,5,3,Home Win,medium,bad,Stadio Friuli,25144.0,0.0,0.0,D
2021-02-08,La Liga,2020_2021,covid,1,Ath Madrid,Celta,2,2,D,9,2,Draw,good,bad,Vicente Calderón,54851.0,1.0,1.0,D
2021-02-08,Premier League,2020_2021,covid,1,Leeds,Crystal Palace,2,0,H,6,6,Home Win,medium,medium,NA,NA,1.0,0.0,H
2021-02-09,La Liga,2020_2021,covid,1,Real Madrid,Getafe,2,0,H,6,1,Home Win,medium,bad,Santiago Bernabéu,80354.0,0.0,0.0,D
2021-02-12,Bundesliga,2020_2021,covid,1,RB Leipzig,Augsburg,2,1,H,6,3,Home Win,medium,bad,Red Bull Arena,44345.0,2.0,0.0,H
2021-02-12,La Liga,2020_2021,covid,1,Celta,Elche,3,1,H,3,1,Home Win,bad,bad,NA,NA,2.0,0.0,H
2021-02-12,Serie A,2020_2021,covid,1,Bologna,Benevento,1,1,D,3,2,Draw,bad,bad,Stadio Renato Dall'Ara,38279.0,1.0,0.0,H
2021-02-13,Bundesliga,2020_2021,covid,1,Dortmund,Hoffenheim,2,2,D,3,3,Draw,bad,bad,Signal Iduna Park,81359.0,1.0,1.0,D
2021-02-13,Bundesliga,2020_2021,covid,1,Leverkusen,Mainz,2,2,D,3,6,Draw,bad,medium,NA,NA,1.0,0.0,H
2021-02-13,Bundesliga,2020_2021,covid,1,Stuttgart,Hertha,1,1,D,3,0,Draw,bad,bad,MHPArena,60469.0,1.0,0.0,H
2021-02-13,Bundesliga,2020_2021,covid,1,Union Berlin,Schalke 04,0,0,D,1,1,Draw,bad,bad,Stadion An der Alten Försterei,22012.0,0.0,0.0,D
2021-02-13,Bundesliga,2020_2021,covid,1,Werder Bremen,Freiburg,0,0,D,4,6,Draw,medium,medium,Weser Stadyumu,42358.0,0.0,0.0,D
2021-02-13,La Liga,2020_2021,covid,1,Barcelona,Alaves,5,1,H,9,4,Home Win,good,medium,Camp Nou,99354.0,2.0,0.0,H
2021-02-13,La Liga,2020_2021,covid,1,Eibar,Valladolid,1,1,D,1,1,Draw,bad,bad,NA,NA,1.0,1.0,D
2021-02-13,La Liga,2020_2021,covid,1,Granada,Ath Madrid,1,2,A,2,7,Away Win,bad,good,NA,NA,0.0,0.0,D
2021-02-13,La Liga,2020_2021,covid,1,Sevilla,Huesca,1,0,H,9,4,Home Win,good,medium,Ramón Sánchez Pizjuán,48649.0,0.0,0.0,D
2021-02-13,Ligue 1,2020_2021,covid,1,Lyon,Montpellier,1,2,A,9,4,Away Win,good,medium,Gerland Stadyumu,41044.0,1.0,1.0,D
2021-02-13,Ligue 1,2020_2021,covid,1,Paris SG,Nice,2,1,H,6,3,Home Win,medium,bad,NA,NA,1.0,0.0,H
2021-02-13,Ligue 1,2020_2021,covid,1,Reims,Lens,1,1,D,4,5,Draw,medium,medium,Stade Auguste-Delaune II,21684.0,1.0,0.0,H
2021-02-13,Premier League,2020_2021,covid,1,Brighton,Aston Villa,0,0,D,7,6,Draw,good,medium,Falmer Stadyumu,22500.0,0.0,0.0,D
2021-02-13,Premier League,2020_2021,covid,1,Crystal Palace,Burnley,0,3,A,6,1,Away Win,medium,bad,Selhurst Park,26225.0,0.0,2.0,A
2021-02-13,Premier League,2020_2021,covid,1,Leicester,Liverpool,3,1,H,4,3,Home Win,medium,bad,King Power Stadyumu,32312.0,0.0,0.0,D
2021-02-13,Premier League,2020_2021,covid,1,Man City,Tottenham,3,0,H,9,3,Home Win,good,bad,Etihad Stadium,47405.0,1.0,0.0,H
2021-02-13,Serie A,2020_2021,covid,1,Napoli,Juventus,1,0,H,3,9,Home Win,bad,good,Stadio Arturo Collana,12000.0,1.0,0.0,H
2021-02-13,Serie A,2020_2021,covid,1,Spezia,Milan,2,0,H,3,6,Home Win,bad,medium,NA,NA,0.0,0.0,D
2021-02-13,Serie A,2020_2021,covid,1,Torino,Genoa,0,0,D,3,9,Draw,bad,good,Stadio Filadelfia,4000.0,0.0,0.0,D
2021-02-14,Bundesliga,2020_2021,covid,1,Ein Frankfurt,FC Koln,2,0,H,9,6,Home Win,good,medium,Frankfurt Stadyumu,52300.0,0.0,0.0,D
2021-02-14,Bundesliga,2020_2021,covid,1,Wolfsburg,M'gladbach,0,0,D,9,4,Draw,good,medium,Volkswagen Arena,30000.0,0.0,0.0,D
2021-02-14,La Liga,2020_2021,covid,1,Getafe,Sociedad,0,1,A,1,5,Away Win,bad,medium,Alfonso Pérez,16000.0,0.0,1.0,A
2021-02-14,La Liga,2020_2021,covid,1,Levante,Osasuna,0,1,A,5,6,Away Win,medium,medium,NA,NA,0.0,0.0,D
2021-02-14,La Liga,2020_2021,covid,1,Real Madrid,Valencia,2,0,H,6,4,Home Win,medium,medium,Santiago Bernabéu,80354.0,2.0,0.0,H
2021-02-14,La Liga,2020_2021,covid,1,Villarreal,Betis,1,2,A,3,4,Away Win,bad,medium,El Madrigal,26000.0,0.0,1.0,A
2021-02-14,Ligue 1,2020_2021,covid,1,Angers,Nantes,1,3,A,4,1,Away Win,medium,bad,NA,NA,1.0,2.0,A
2021-02-14,Ligue 1,2020_2021,covid,1,Bordeaux,Marseille,0,0,D,0,1,Draw,bad,bad,NA,NA,0.0,0.0,D
2021-02-14,Ligue 1,2020_2021,covid,1,Dijon,Nimes,0,2,A,0,0,Away Win,bad,bad,NA,NA,0.0,0.0,D
2021-02-14,Ligue 1,2020_2021,covid,1,Lille,Brest,0,0,D,9,4,Draw,good,medium,Stade Borne de l'Espoir,50186.0,0.0,0.0,D
2021-02-14,Ligue 1,2020_2021,covid,1,Metz,Strasbourg,1,2,A,4,1,Away Win,medium,bad,NA,NA,1.0,1.0,D
2021-02-14,Ligue 1,2020_2021,covid,1,Monaco,Lorient,2,2,D,9,7,Draw,good,good,NA,NA,0.0,1.0,A
2021-02-14,Ligue 1,2020_2021,covid,1,Rennes,St Etienne,0,2,A,2,7,Away Win,bad,good,Stade de la Route de Lorient,31127.0,0.0,1.0,A
2021-02-14,Premier League,2020_2021,covid,1,Arsenal,Leeds,4,2,H,1,6,Home Win,bad,medium,Emirates Stadyumu,60361.0,3.0,0.0,H
2021-02-14,Premier League,2020_2021,covid,1,Everton,Fulham,0,2,A,4,2,Away Win,medium,bad,Goodison Park,40157.0,0.0,0.0,D
2021-02-14,Premier League,2020_2021,covid,1,Southampton,Wolves,1,2,A,0,4,Away Win,bad,medium,St Mary's Stadium,32689.0,1.0,0.0,H
2021-02-14,Premier League,2020_2021,covid,1,West Brom,Man United,1,1,D,1,5,Draw,bad,medium,NA,NA,1.0,1.0,D
2021-02-14,Serie A,2020_2021,covid,1,Cagliari,Atalanta,0,1,A,1,4,Away Win,bad,medium,Unipol Domus,16233.0,0.0,0.0,D
2021-02-14,Serie A,2020_2021,covid,1,Crotone,Sassuolo,1,2,A,0,1,Away Win,bad,bad,NA,NA,1.0,1.0,D
2021-02-14,Serie A,2020_2021,covid,1,Inter,Lazio,3,1,H,7,9,Home Win,good,good,NA,NA,2.0,0.0,H
2021-02-14,Serie A,2020_2021,covid,1,Roma,Udinese,3,0,H,6,7,Home Win,medium,good,Campo Testaccio,20000.0,2.0,0.0,H
2021-02-14,Serie A,2020_2021,covid,1,Sampdoria,Fiorentina,2,1,H,4,4,Home Win,medium,medium,NA,NA,1.0,1.0,D
2021-02-15,Bundesliga,2020_2021,covid,1,Bayern Munich,Bielefeld,3,3,D,9,3,Draw,good,bad,NA,NA,0.0,2.0,A
2021-02-15,La Liga,2020_2021,covid,1,Cadiz,Ath Bilbao,0,4,A,0,4,Away Win,bad,medium,NA,NA,0.0,3.0,A
2021-02-15,Premier League,2020_2021,covid,1,Chelsea,Newcastle,2,0,H,9,6,Home Win,good,medium,Stamford Bridge,42449.0,2.0,0.0,H
2021-02-15,Premier League,2020_2021,covid,1,West Ham,Sheffield United,3,0,H,4,3,Home Win,medium,bad,The Boleyn Ground,35303.0,1.0,0.0,H
2021-02-15,Serie A,2020_2021,covid,1,Verona,Parma,2,1,H,3,0,Home Win,bad,bad,NA,NA,1.0,1.0,D
2021-02-17,La Liga,2020_2021,covid,1,Levante,Ath Madrid,1,1,D,4,7,Draw,medium,good,NA,NA,1.0,1.0,D
2021-02-17,Ligue 1,2020_2021,covid,1,Marseille,Nice,3,2,H,2,3,Home Win,bad,bad,Vélodrome Stadyumu,60013.0,2.0,0.0,H
2021-02-17,Premier League,2020_2021,covid,1,Burnley,Fulham,1,1,D,4,4,Draw,medium,medium,NA,NA,0.0,0.0,D
2021-02-17,Premier League,2020_2021,covid,1,Everton,Man City,1,3,A,4,9,Away Win,medium,good,Goodison Park,40157.0,1.0,1.0,D
2021-02-19,Bundesliga,2020_2021,covid,1,Bielefeld,Wolfsburg,0,3,A,1,7,Away Win,bad,good,NA,NA,0.0,1.0,A
2021-02-19,La Liga,2020_2021,covid,1,Betis,Getafe,1,0,H,6,0,Home Win,medium,bad,Benito Villamarín,52745.0,0.0,0.0,D
2021-02-19,Ligue 1,2020_2021,covid,1,Brest,Lyon,2,3,A,5,6,Away Win,medium,medium,NA,NA,0.0,3.0,A
2021-02-19,Premier League,2020_2021,covid,1,Wolves,Leeds,1,0,H,7,3,Home Win,good,bad,Molineux,24259.0,0.0,0.0,D
2021-02-19,Serie A,2020_2021,covid,1,Cagliari,Torino,0,1,A,1,3,Away Win,bad,bad,Unipol Domus,16233.0,0.0,0.0,D
2021-02-19,Serie A,2020_2021,covid,1,Fiorentina,Spezia,3,0,H,1,6,Home Win,bad,medium,Stadio Artemio Franchi,43147.0,0.0,0.0,D
2021-02-20,Bundesliga,2020_2021,covid,1,Ein Frankfurt,Bayern Munich,2,1,H,9,7,Home Win,good,good,Frankfurt Stadyumu,52300.0,2.0,0.0,H
2021-02-20,Bundesliga,2020_2021,covid,1,FC Koln,Stuttgart,0,1,A,6,4,Away Win,medium,medium,NA,NA,0.0,0.0,D
2021-02-20,Bundesliga,2020_2021,covid,1,Freiburg,Union Berlin,0,1,A,4,2,Away Win,medium,bad,Kara Orman Stadyumu,24036.0,0.0,0.0,D
2021-02-20,Bundesliga,2020_2021,covid,1,M'gladbach,Mainz,1,2,A,2,4,Away Win,bad,medium,Stadion im Borussia-Park,54067.0,1.0,1.0,D
2021-02-20,Bundesliga,2020_2021,covid,1,Schalke 04,Dortmund,0,4,A,2,4,Away Win,bad,medium,NA,NA,0.0,2.0,A
2021-02-20,La Liga,2020_2021,covid,1,Ath Madrid,Levante,0,2,A,5,2,Away Win,medium,bad,Vicente Calderón,54851.0,0.0,1.0,A
2021-02-20,La Liga,2020_2021,covid,1,Elche,Eibar,1,0,H,1,1,Home Win,bad,bad,NA,NA,1.0,0.0,H
2021-02-20,La Liga,2020_2021,covid,1,Valencia,Celta,2,0,H,4,5,Home Win,medium,medium,Mestalla,55000.0,0.0,0.0,D
2021-02-20,La Liga,2020_2021,covid,1,Valladolid,Real Madrid,0,1,A,1,9,Away Win,bad,good,José Zorilla,26512.0,0.0,0.0,D
2021-02-20,Ligue 1,2020_2021,covid,1,Nantes,Marseille,1,1,D,4,4,Draw,medium,medium,Beaujoire Stadyumu,38285.0,0.0,0.0,D
2021-02-20,Ligue 1,2020_2021,covid,1,St Etienne,Reims,1,1,D,7,2,Draw,good,bad,NA,NA,0.0,0.0,D
2021-02-20,Premier League,2020_2021,covid,1,Burnley,West Brom,0,0,D,5,1,Draw,medium,bad,NA,NA,0.0,0.0,D
2021-02-20,Premier League,2020_2021,covid,1,Fulham,Sheffield United,1,0,H,5,3,Home Win,medium,bad,Craven Cottage,25700.0,0.0,0.0,D
2021-02-20,Premier League,2020_2021,covid,1,Liverpool,Everton,0,2,A,0,1,Away Win,bad,bad,Anfield,45276.0,0.0,1.0,A
2021-02-20,Premier League,2020_2021,covid,1,Southampton,Chelsea,1,1,D,0,9,Draw,bad,good,St Mary's Stadium,32689.0,1.0,0.0,H
2021-02-20,Serie A,2020_2021,covid,1,Genoa,Verona,2,2,D,7,3,Draw,good,bad,NA,NA,0.0,1.0,A
2021-02-20,Serie A,2020_2021,covid,1,Lazio,Sampdoria,1,0,H,6,4,Home Win,medium,medium,NA,NA,1.0,0.0,H
2021-02-20,Serie A,2020_2021,covid,1,Sassuolo,Bologna,1,1,D,4,4,Draw,medium,medium,NA,NA,0.0,1.0,A
2021-02-21,Bundesliga,2020_2021,covid,1,Augsburg,Leverkusen,1,1,D,0,4,Draw,bad,medium,Impuls Arena,30660.0,1.0,0.0,H
2021-02-21,Bundesliga,2020_2021,covid,1,Hertha,RB Leipzig,0,3,A,1,9,Away Win,bad,good,NA,NA,0.0,1.0,A
2021-02-21,Bundesliga,2020_2021,covid,1,Hoffenheim,Werder Bremen,4,0,H,1,5,Home Win,bad,medium,NA,NA,2.0,0.0,H
2021-02-21,La Liga,2020_2021,covid,1,Ath Bilbao,Villarreal,1,1,D,4,2,Draw,medium,bad,NA,NA,1.0,1.0,D
2021-02-21,La Liga,2020_2021,covid,1,Barcelona,Cadiz,1,1,D,9,0,Draw,good,bad,Camp Nou,99354.0,1.0,0.0,H
2021-02-21,La Liga,2020_2021,covid,1,Huesca,Granada,3,2,H,3,2,Home Win,bad,bad,NA,NA,3.0,1.0,H
2021-02-21,La Liga,2020_2021,covid,1,Sociedad,Alaves,4,0,H,7,4,Home Win,good,medium,Anoeta,32076.0,1.0,0.0,H
2021-02-21,Ligue 1,2020_2021,covid,1,Lens,Dijon,2,1,H,3,0,Home Win,bad,bad,Stade Félix Bollaert,41233.0,1.0,0.0,H
2021-02-21,Ligue 1,2020_2021,covid,1,Lorient,Lille,1,4,A,5,7,Away Win,medium,good,NA,NA,1.0,2.0,A
2021-02-21,Ligue 1,2020_2021,covid,1,Montpellier,Rennes,2,1,H,7,2,Home Win,good,bad,Stade de la Mosson,32939.0,2.0,0.0,H
2021-02-21,Ligue 1,2020_2021,covid,1,Nice,Metz,1,2,A,3,1,Away Win,bad,bad,Grand Stade Nice,35624.0,0.0,2.0,A
2021-02-21,Ligue 1,2020_2021,covid,1,Nimes,Bordeaux,2,0,H,3,1,Home Win,bad,bad,NA,NA,1.0,0.0,H
2021-02-21,Ligue 1,2020_2021,covid,1,Paris SG,Monaco,0,2,A,9,7,Away Win,good,good,NA,NA,0.0,1.0,A
2021-02-21,Ligue 1,2020_2021,covid,1,Strasbourg,Angers,0,0,D,4,1,Draw,medium,bad,Meinau Stadyumu,29230.0,0.0,0.0,D
2021-02-21,Premier League,2020_2021,covid,1,Arsenal,Man City,0,1,A,3,9,Away Win,bad,good,Emirates Stadyumu,60361.0,0.0,1.0,A
2021-02-21,Premier League,2020_2021,covid,1,Aston Villa,Leicester,1,2,A,4,7,Away Win,medium,good,Villa Park,42786.0,0.0,2.0,A
2021-02-21,Premier League,2020_2021,covid,1,Man United,Newcastle,3,1,H,5,3,Home Win,medium,bad,Old Trafford,75653.0,1.0,1.0,D
2021-02-21,Premier League,2020_2021,covid,1,West Ham,Tottenham,2,1,H,7,3,Home Win,good,bad,The Boleyn Ground,35303.0,1.0,0.0,H
2021-02-21,Serie A,2020_2021,covid,1,Atalanta,Napoli,4,2,H,4,6,Home Win,medium,medium,Stadio Atleti Azzurri d'Italia,26562.0,0.0,0.0,D
2021-02-21,Serie A,2020_2021,covid,1,Benevento,Roma,0,0,D,2,6,Draw,bad,medium,NA,NA,0.0,0.0,D
2021-02-21,Serie A,2020_2021,covid,1,Milan,Inter,0,3,A,6,9,Away Win,medium,good,NA,NA,0.0,1.0,A
2021-02-21,Serie A,2020_2021,covid,1,Parma,Udinese,2,2,D,0,6,Draw,bad,medium,Stadio Ennio Tardini,27906.0,2.0,0.0,H
2021-02-22,La Liga,2020_2021,covid,1,Osasuna,Sevilla,0,2,A,6,9,Away Win,medium,good,Reyno de Navarra,19800.0,0.0,1.0,A
2021-02-22,Premier League,2020_2021,covid,1,Brighton,Crystal Palace,1,2,A,5,3,Away Win,medium,bad,Falmer Stadyumu,22500.0,0.0,1.0,A
2021-02-22,Serie A,2020_2021,covid,1,Juventus,Crotone,3,0,H,6,0,Home Win,medium,bad,Juventus Stadium,41507.0,2.0,0.0,H
2021-02-23,Premier League,2020_2021,covid,1,Leeds,Southampton,3,0,H,3,1,Home Win,bad,bad,NA,NA,0.0,0.0,D
2021-02-24,La Liga,2020_2021,covid,1,Barcelona,Elche,3,0,H,7,4,Home Win,good,medium,Camp Nou,99354.0,0.0,0.0,D
2021-02-24,Ligue 1,2020_2021,covid,1,Nimes,Lorient,1,0,H,6,4,Home Win,medium,medium,NA,NA,0.0,0.0,D
2021-02-26,Bundesliga,2020_2021,covid,1,Werder Bremen,Ein Frankfurt,2,1,H,2,9,Home Win,bad,good,Weser Stadyumu,42358.0,0.0,1.0,A
2021-02-26,La Liga,2020_2021,covid,1,Levante,Ath Bilbao,1,1,D,4,5,Draw,medium,medium,NA,NA,1.0,0.0,H
2021-02-26,Ligue 1,2020_2021,covid,1,Rennes,Nice,1,2,A,1,0,Away Win,bad,bad,Stade de la Route de Lorient,31127.0,1.0,1.0,D
2021-02-27,Bundesliga,2020_2021,covid,1,Bayern Munich,FC Koln,5,1,H,4,3,Home Win,medium,bad,NA,NA,2.0,0.0,H
2021-02-27,Bundesliga,2020_2021,covid,1,Dortmund,Bielefeld,3,0,H,4,1,Home Win,medium,bad,Signal Iduna Park,81359.0,0.0,0.0,D
2021-02-27,Bundesliga,2020_2021,covid,1,RB Leipzig,M'gladbach,3,2,H,9,1,Home Win,good,bad,Red Bull Arena,44345.0,0.0,2.0,A
2021-02-27,Bundesliga,2020_2021,covid,1,Stuttgart,Schalke 04,5,1,H,4,1,Home Win,medium,bad,MHPArena,60469.0,3.0,1.0,H
2021-02-27,Bundesliga,2020_2021,covid,1,Wolfsburg,Hertha,2,0,H,7,1,Home Win,good,bad,Volkswagen Arena,30000.0,1.0,0.0,H
2021-02-27,La Liga,2020_2021,covid,1,Alaves,Osasuna,0,1,A,3,6,Away Win,bad,medium,Mendizorrotza,19900.0,0.0,0.0,D
2021-02-27,La Liga,2020_2021,covid,1,Eibar,Huesca,1,1,D,1,3,Draw,bad,bad,NA,NA,0.0,0.0,D
2021-02-27,La Liga,2020_2021,covid,1,Getafe,Valencia,3,0,H,0,4,Home Win,bad,medium,Alfonso Pérez,16000.0,1.0,0.0,H
2021-02-27,La Liga,2020_2021,covid,1,Sevilla,Barcelona,0,2,A,9,7,Away Win,good,good,Ramón Sánchez Pizjuán,48649.0,0.0,1.0,A
2021-02-27,Ligue 1,2020_2021,covid,1,Bordeaux,Metz,1,2,A,1,3,Away Win,bad,bad,NA,NA,1.0,0.0,H
2021-02-27,Ligue 1,2020_2021,covid,1,Dijon,Paris SG,0,4,A,0,6,Away Win,bad,medium,NA,NA,0.0,2.0,A
2021-02-27,Premier League,2020_2021,covid,1,Leeds,Aston Villa,0,1,A,3,4,Away Win,bad,medium,NA,NA,0.0,1.0,A
2021-02-27,Premier League,2020_2021,covid,1,Man City,West Ham,2,1,H,9,7,Home Win,good,good,Etihad Stadium,47405.0,1.0,1.0,D
2021-02-27,Premier League,2020_2021,covid,1,Newcastle,Wolves,1,1,D,3,7,Draw,bad,good,St James' Park,52409.0,0.0,0.0,D
2021-02-27,Premier League,2020_2021,covid,1,West Brom,Brighton,1,0,H,2,2,Home Win,bad,bad,NA,NA,1.0,0.0,H
2021-02-27,Serie A,2020_2021,covid,1,Bologna,Lazio,2,0,H,5,6,Home Win,medium,medium,Stadio Renato Dall'Ara,38279.0,1.0,0.0,H
2021-02-27,Serie A,2020_2021,covid,1,Spezia,Parma,2,2,D,6,1,Draw,medium,bad,NA,NA,0.0,2.0,A
2021-02-27,Serie A,2020_2021,covid,1,Verona,Juventus,1,1,D,4,6,Draw,medium,medium,NA,NA,0.0,0.0,D
2021-02-28,Bundesliga,2020_2021,covid,1,Leverkusen,Freiburg,1,2,A,5,4,Away Win,medium,medium,NA,NA,0.0,0.0,D
2021-02-28,Bundesliga,2020_2021,covid,1,Mainz,Augsburg,0,1,A,7,1,Away Win,good,bad,NA,NA,0.0,1.0,A
2021-02-28,Bundesliga,2020_2021,covid,1,Union Berlin,Hoffenheim,1,1,D,4,4,Draw,medium,medium,Stadion An der Alten Försterei,22012.0,1.0,1.0,D
2021-02-28,La Liga,2020_2021,covid,1,Cadiz,Betis,0,1,A,1,6,Away Win,bad,medium,NA,NA,0.0,0.0,D
2021-02-28,La Liga,2020_2021,covid,1,Celta,Valladolid,1,1,D,4,1,Draw,medium,bad,NA,NA,0.0,0.0,D
2021-02-28,La Liga,2020_2021,covid,1,Granada,Elche,2,1,H,1,3,Home Win,bad,bad,NA,NA,1.0,1.0,D
2021-02-28,La Liga,2020_2021,covid,1,Villarreal,Ath Madrid,0,2,A,2,4,Away Win,bad,medium,El Madrigal,26000.0,0.0,1.0,A
2021-02-28,Ligue 1,2020_2021,covid,1,Angers,Lens,2,2,D,1,5,Draw,bad,medium,NA,NA,2.0,1.0,H
2021-02-28,Ligue 1,2020_2021,covid,1,Lille,Strasbourg,1,1,D,7,4,Draw,good,medium,Stade Borne de l'Espoir,50186.0,0.0,1.0,A
2021-02-28,Ligue 1,2020_2021,covid,1,Lorient,St Etienne,2,1,H,1,7,Home Win,bad,good,NA,NA,0.0,1.0,A
2021-02-28,Ligue 1,2020_2021,covid,1,Marseille,Lyon,1,1,D,5,6,Draw,medium,medium,Vélodrome Stadyumu,60013.0,1.0,1.0,D
2021-02-28,Ligue 1,2020_2021,covid,1,Monaco,Brest,2,0,H,7,4,Home Win,good,medium,NA,NA,0.0,0.0,D
2021-02-28,Ligue 1,2020_2021,covid,1,Nimes,Nantes,1,1,D,9,4,Draw,good,medium,NA,NA,0.0,1.0,A
2021-02-28,Ligue 1,2020_2021,covid,1,Reims,Montpellier,0,0,D,2,9,Draw,bad,good,Stade Auguste-Delaune II,21684.0,0.0,0.0,D
2021-02-28,Premier League,2020_2021,covid,1,Chelsea,Man United,0,0,D,7,5,Draw,good,medium,Stamford Bridge,42449.0,0.0,0.0,D
2021-02-28,Premier League,2020_2021,covid,1,Crystal Palace,Fulham,0,0,D,3,7,Draw,bad,good,Selhurst Park,26225.0,0.0,0.0,D
2021-02-28,Premier League,2020_2021,covid,1,Leicester,Arsenal,1,3,A,7,3,Away Win,good,bad,King Power Stadyumu,32312.0,1.0,2.0,A
2021-02-28,Premier League,2020_2021,covid,1,Sheffield United,Liverpool,0,2,A,0,0,Away Win,bad,bad,NA,NA,0.0,0.0,D
2021-02-28,Premier League,2020_2021,covid,1,Tottenham,Burnley,4,0,H,3,5,Home Win,bad,medium,White Hart Lane,36230.0,3.0,0.0,H
2021-02-28,Serie A,2020_2021,covid,1,Crotone,Cagliari,0,2,A,0,0,Away Win,bad,bad,NA,NA,0.0,0.0,D
2021-02-28,Serie A,2020_2021,covid,1,Inter,Genoa,3,0,H,9,5,Home Win,good,medium,NA,NA,1.0,0.0,H
2021-02-28,Serie A,2020_2021,covid,1,Napoli,Benevento,2,0,H,3,3,Home Win,bad,bad,Stadio Arturo Collana,12000.0,1.0,0.0,H
2021-02-28,Serie A,2020_2021,covid,1,Roma,Milan,1,2,A,4,3,Away Win,medium,bad,Campo Testaccio,20000.0,0.0,1.0,A
2021-02-28,Serie A,2020_2021,covid,1,Sampdoria,Atalanta,0,2,A,4,7,Away Win,medium,good,NA,NA,0.0,1.0,A
2021-02-28,Serie A,2020_2021,covid,1,Udinese,Fiorentina,1,0,H,4,3,Home Win,medium,bad,Stadio Friuli,25144.0,0.0,0.0,D
2021-03-01,La Liga,2020_2021,covid,1,Real Madrid,Sociedad,1,1,D,9,9,Draw,good,good,Santiago Bernabéu,80354.0,0.0,0.0,D
2021-03-01,Premier League,2020_2021,covid,1,Everton,Southampton,1,0,H,3,1,Home Win,bad,bad,Goodison Park,40157.0,1.0,0.0,H
2021-03-02,Premier League,2020_2021,covid,1,Man City,Wolves,4,1,H,9,7,Home Win,good,good,Etihad Stadium,47405.0,1.0,0.0,H
2021-03-02,Serie A,2020_2021,covid,1,Juventus,Spezia,3,0,H,4,4,Home Win,medium,medium,Juventus Stadium,41507.0,0.0,0.0,D
2021-03-03,Ligue 1,2020_2021,covid,1,Bordeaux,Paris SG,0,1,A,1,6,Away Win,bad,medium,NA,NA,0.0,1.0,A
2021-03-03,Ligue 1,2020_2021,covid,1,Brest,Dijon,3,1,H,1,0,Home Win,bad,bad,NA,NA,3.0,1.0,H
2021-03-03,Ligue 1,2020_2021,covid,1,Lille,Marseille,2,0,H,5,5,Home Win,medium,medium,Stade Borne de l'Espoir,50186.0,0.0,0.0,D
2021-03-03,Ligue 1,2020_2021,covid,1,Lyon,Rennes,1,0,H,4,0,Home Win,medium,bad,Gerland Stadyumu,41044.0,0.0,0.0,D
2021-03-03,Ligue 1,2020_2021,covid,1,Metz,Angers,0,1,A,6,2,Away Win,medium,bad,NA,NA,0.0,1.0,A
2021-03-03,Ligue 1,2020_2021,covid,1,Montpellier,Lorient,1,1,D,7,3,Draw,good,bad,Stade de la Mosson,32939.0,1.0,1.0,D
2021-03-03,Ligue 1,2020_2021,covid,1,Nantes,Reims,1,2,A,5,3,Away Win,medium,bad,Beaujoire Stadyumu,38285.0,1.0,1.0,D
2021-03-03,Ligue 1,2020_2021,covid,1,Nice,Nimes,2,1,H,3,7,Home Win,bad,good,Grand Stade Nice,35624.0,1.0,0.0,H
2021-03-03,Ligue 1,2020_2021,covid,1,St Etienne,Lens,2,3,A,4,5,Away Win,medium,medium,NA,NA,1.0,2.0,A
2021-03-03,Ligue 1,2020_2021,covid,1,Strasbourg,Monaco,1,0,H,5,7,Home Win,medium,good,Meinau Stadyumu,29230.0,0.0,0.0,D
2021-03-03,Premier League,2020_2021,covid,1,Burnley,Leicester,1,1,D,2,6,Draw,bad,medium,NA,NA,1.0,1.0,D
2021-03-03,Premier League,2020_2021,covid,1,Crystal Palace,Man United,0,0,D,4,5,Draw,medium,medium,Selhurst Park,26225.0,0.0,0.0,D
2021-03-03,Premier League,2020_2021,covid,1,Sheffield United,Aston Villa,1,0,H,0,4,Home Win,bad,medium,NA,NA,1.0,0.0,H
2021-03-03,Serie A,2020_2021,covid,1,Atalanta,Crotone,5,1,H,9,0,Home Win,good,bad,Stadio Atleti Azzurri d'Italia,26562.0,1.0,1.0,D
2021-03-03,Serie A,2020_2021,covid,1,Benevento,Verona,0,3,A,2,5,Away Win,bad,medium,NA,NA,0.0,2.0,A
2021-03-03,Serie A,2020_2021,covid,1,Cagliari,Bologna,1,0,H,3,5,Home Win,bad,medium,Unipol Domus,16233.0,1.0,0.0,H
2021-03-03,Serie A,2020_2021,covid,1,Fiorentina,Roma,1,2,A,3,4,Away Win,bad,medium,Stadio Artemio Franchi,43147.0,0.0,0.0,D
2021-03-03,Serie A,2020_2021,covid,1,Genoa,Sampdoria,1,1,D,2,3,Draw,bad,bad,NA,NA,0.0,0.0,D
2021-03-03,Serie A,2020_2021,covid,1,Milan,Udinese,1,1,D,3,4,Draw,bad,medium,NA,NA,0.0,0.0,D
2021-03-03,Serie A,2020_2021,covid,1,Sassuolo,Napoli,3,3,D,4,6,Draw,medium,medium,NA,NA,2.0,1.0,H
2021-03-04,Premier League,2020_2021,covid,1,Fulham,Tottenham,0,1,A,5,3,Away Win,medium,bad,Craven Cottage,25700.0,0.0,1.0,A
2021-03-04,Premier League,2020_2021,covid,1,Liverpool,Chelsea,0,1,A,3,5,Away Win,bad,medium,Anfield,45276.0,0.0,1.0,A
2021-03-04,Premier League,2020_2021,covid,1,West Brom,Everton,0,1,A,5,6,Away Win,medium,medium,NA,NA,0.0,0.0,D
2021-03-04,Serie A,2020_2021,covid,1,Parma,Inter,1,2,A,2,9,Away Win,bad,good,Stadio Ennio Tardini,27906.0,0.0,0.0,D
2021-03-05,Bundesliga,2020_2021,covid,1,Schalke 04,Mainz,0,0,D,1,4,Draw,bad,medium,NA,NA,0.0,0.0,D
2021-03-05,La Liga,2020_2021,covid,1,Valencia,Villarreal,2,1,H,3,1,Home Win,bad,bad,Mestalla,55000.0,0.0,1.0,A
2021-03-06,Bundesliga,2020_2021,covid,1,Bayern Munich,Dortmund,4,2,H,4,7,Home Win,medium,good,NA,NA,2.0,2.0,D
2021-03-06,Bundesliga,2020_2021,covid,1,Ein Frankfurt,Stuttgart,1,1,D,6,7,Draw,medium,good,Frankfurt Stadyumu,52300.0,0.0,0.0,D
2021-03-06,Bundesliga,2020_2021,covid,1,Freiburg,RB Leipzig,0,3,A,4,9,Away Win,medium,good,Kara Orman Stadyumu,24036.0,0.0,1.0,A
2021-03-06,Bundesliga,2020_2021,covid,1,Hertha,Augsburg,2,1,H,1,4,Home Win,bad,medium,NA,NA,0.0,1.0,A
2021-03-06,Bundesliga,2020_2021,covid,1,Hoffenheim,Wolfsburg,2,1,H,5,7,Home Win,medium,good,NA,NA,2.0,1.0,H
2021-03-06,Bundesliga,2020_2021,covid,1,M'gladbach,Leverkusen,0,1,A,1,2,Away Win,bad,bad,Stadion im Borussia-Park,54067.0,0.0,0.0,D
2021-03-06,La Liga,2020_2021,covid,1,Cadiz,Eibar,1,0,H,1,2,Home Win,bad,bad,NA,NA,1.0,0.0,H
2021-03-06,La Liga,2020_2021,covid,1,Elche,Sevilla,2,1,H,3,6,Home Win,bad,medium,NA,NA,0.0,0.0,D
2021-03-06,La Liga,2020_2021,covid,1,Osasuna,Barcelona,0,2,A,6,7,Away Win,medium,good,Reyno de Navarra,19800.0,0.0,1.0,A
2021-03-06,La Liga,2020_2021,covid,1,Valladolid,Getafe,2,1,H,2,3,Home Win,bad,bad,José Zorilla,26512.0,2.0,1.0,H
2021-03-06,Premier League,2020_2021,covid,1,Aston Villa,Wolves,0,0,D,3,4,Draw,bad,medium,Villa Park,42786.0,0.0,0.0,D
2021-03-06,Premier League,2020_2021,covid,1,Brighton,Leicester,1,2,A,1,4,Away Win,bad,medium,Falmer Stadyumu,22500.0,1.0,0.0,H
2021-03-06,Premier League,2020_2021,covid,1,Burnley,Arsenal,1,1,D,2,6,Draw,bad,medium,NA,NA,1.0,1.0,D
2021-03-06,Premier League,2020_2021,covid,1,Sheffield United,Southampton,0,2,A,3,1,Away Win,bad,bad,NA,NA,0.0,1.0,A
2021-03-06,Serie A,2020_2021,covid,1,Juventus,Lazio,3,1,H,7,3,Home Win,good,bad,Juventus Stadium,41507.0,1.0,1.0,D
2021-03-06,Serie A,2020_2021,covid,1,Spezia,Benevento,1,1,D,1,1,Draw,bad,bad,NA,NA,0.0,1.0,A
2021-03-06,Serie A,2020_2021,covid,1,Udinese,Sassuolo,2,0,H,5,5,Home Win,medium,medium,Stadio Friuli,25144.0,1.0,0.0,H
2021-03-07,Bundesliga,2020_2021,covid,1,Bielefeld,Union Berlin,0,0,D,1,5,Draw,bad,medium,NA,NA,0.0,0.0,D
2021-03-07,Bundesliga,2020_2021,covid,1,FC Koln,Werder Bremen,1,1,D,0,4,Draw,bad,medium,NA,NA,0.0,0.0,D
2021-03-07,La Liga,2020_2021,covid,1,Ath Bilbao,Granada,2,1,H,5,3,Home Win,medium,bad,NA,NA,1.0,0.0,H
2021-03-07,La Liga,2020_2021,covid,1,Ath Madrid,Real Madrid,1,1,D,4,7,Draw,medium,good,Vicente Calderón,54851.0,1.0,0.0,H
2021-03-07,La Liga,2020_2021,covid,1,Huesca,Celta,3,4,A,4,4,Away Win,medium,medium,NA,NA,2.0,2.0,D
2021-03-07,La Liga,2020_2021,covid,1,Sociedad,Levante,1,0,H,7,5,Home Win,good,medium,Anoeta,32076.0,1.0,0.0,H
2021-03-07,Premier League,2020_2021,covid,1,Liverpool,Fulham,0,1,A,3,4,Away Win,bad,medium,Anfield,45276.0,0.0,1.0,A
2021-03-07,Premier League,2020_2021,covid,1,Man City,Man United,0,2,A,9,5,Away Win,good,medium,Etihad Stadium,47405.0,0.0,1.0,A
2021-03-07,Premier League,2020_2021,covid,1,Tottenham,Crystal Palace,4,1,H,6,5,Home Win,medium,medium,White Hart Lane,36230.0,1.0,1.0,D
2021-03-07,Premier League,2020_2021,covid,1,West Brom,Newcastle,0,0,D,4,1,Draw,medium,bad,NA,NA,0.0,0.0,D
2021-03-07,Serie A,2020_2021,covid,1,Crotone,Torino,4,2,H,0,5,Home Win,bad,medium,NA,NA,1.0,1.0,D
2021-03-07,Serie A,2020_2021,covid,1,Fiorentina,Parma,3,3,D,3,2,Draw,bad,bad,Stadio Artemio Franchi,43147.0,2.0,1.0,H
2021-03-07,Serie A,2020_2021,covid,1,Napoli,Bologna,3,1,H,4,4,Home Win,medium,medium,Stadio Arturo Collana,12000.0,1.0,0.0,H
2021-03-07,Serie A,2020_2021,covid,1,Roma,Genoa,1,0,H,4,2,Home Win,medium,bad,Campo Testaccio,20000.0,1.0,0.0,H
2021-03-07,Serie A,2020_2021,covid,1,Sampdoria,Cagliari,2,2,D,1,6,Draw,bad,medium,NA,NA,0.0,1.0,A
2021-03-07,Serie A,2020_2021,covid,1,Verona,Milan,0,2,A,5,4,Away Win,medium,medium,NA,NA,0.0,1.0,A
2021-03-08,La Liga,2020_2021,covid,1,Betis,Alaves,3,2,H,9,0,Home Win,good,bad,Benito Villamarín,52745.0,0.0,2.0,A
2021-03-08,Premier League,2020_2021,covid,1,Chelsea,Everton,2,0,H,5,9,Home Win,medium,good,Stamford Bridge,42449.0,1.0,0.0,H
2021-03-08,Premier League,2020_2021,covid,1,West Ham,Leeds,2,0,H,6,3,Home Win,medium,bad,The Boleyn Ground,35303.0,2.0,0.0,H
2021-03-08,Serie A,2020_2021,covid,1,Inter,Atalanta,1,0,H,9,9,Home Win,good,good,NA,NA,0.0,0.0,D
2021-03-10,Bundesliga,2020_2021,covid,1,Bielefeld,Werder Bremen,0,2,A,1,4,Away Win,bad,medium,NA,NA,0.0,0.0,D
2021-03-10,La Liga,2020_2021,covid,1,Ath Madrid,Ath Bilbao,2,1,H,4,5,Home Win,medium,medium,Vicente Calderón,54851.0,1.0,1.0,D
2021-03-10,Ligue 1,2020_2021,covid,1,Marseille,Rennes,1,0,H,2,0,Home Win,bad,bad,Vélodrome Stadyumu,60013.0,0.0,0.0,D
2021-03-10,Premier League,2020_2021,covid,1,Man City,Southampton,5,2,H,6,3,Home Win,medium,bad,Etihad Stadium,47405.0,3.0,1.0,H
2021-03-12,Bundesliga,2020_2021,covid,1,Augsburg,M'gladbach,3,1,H,4,0,Home Win,medium,bad,Impuls Arena,30660.0,0.0,0.0,D
2021-03-12,La Liga,2020_2021,covid,1,Levante,Valencia,1,0,H,4,6,Home Win,medium,medium,NA,NA,1.0,0.0,H
2021-03-12,Ligue 1,2020_2021,covid,1,Reims,Lyon,1,1,D,5,7,Draw,medium,good,Stade Auguste-Delaune II,21684.0,1.0,0.0,H
2021-03-12,Premier League,2020_2021,covid,1,Newcastle,Aston Villa,1,1,D,2,4,Draw,bad,medium,St James' Park,52409.0,0.0,0.0,D
2021-03-12,Serie A,2020_2021,covid,1,Atalanta,Spezia,3,1,H,6,2,Home Win,medium,bad,Stadio Atleti Azzurri d'Italia,26562.0,0.0,0.0,D
2021-03-12,Serie A,2020_2021,covid,1,Lazio,Crotone,3,2,H,3,3,Home Win,bad,bad,NA,NA,2.0,1.0,H
2021-03-13,Bundesliga,2020_2021,covid,1,Dortmund,Hertha,2,0,H,6,3,Home Win,medium,bad,Signal Iduna Park,81359.0,0.0,0.0,D
2021-03-13,Bundesliga,2020_2021,covid,1,Mainz,Freiburg,1,0,H,4,3,Home Win,medium,bad,NA,NA,0.0,0.0,D
2021-03-13,Bundesliga,2020_2021,covid,1,Union Berlin,FC Koln,2,1,H,5,1,Home Win,medium,bad,Stadion An der Alten Försterei,22012.0,0.0,1.0,A
2021-03-13,Bundesliga,2020_2021,covid,1,Werder Bremen,Bayern Munich,1,3,A,7,6,Away Win,good,medium,Weser Stadyumu,42358.0,0.0,2.0,A
2021-03-13,Bundesliga,2020_2021,covid,1,Wolfsburg,Schalke 04,5,0,H,6,1,Home Win,medium,bad,Volkswagen Arena,30000.0,1.0,0.0,H
2021-03-13,La Liga,2020_2021,covid,1,Alaves,Cadiz,1,1,D,0,4,Draw,bad,medium,Mendizorrotza,19900.0,1.0,0.0,H
2021-03-13,La Liga,2020_2021,covid,1,Getafe,Ath Madrid,0,0,D,3,7,Draw,bad,good,Alfonso Pérez,16000.0,0.0,0.0,D
2021-03-13,La Liga,2020_2021,covid,1,Osasuna,Valladolid,0,0,D,3,4,Draw,bad,medium,Reyno de Navarra,19800.0,0.0,0.0,D
2021-03-13,La Liga,2020_2021,covid,1,Real Madrid,Elche,2,1,H,5,3,Home Win,medium,bad,Santiago Bernabéu,80354.0,0.0,0.0,D
2021-03-13,Ligue 1,2020_2021,covid,1,Angers,St Etienne,0,1,A,5,1,Away Win,medium,bad,NA,NA,0.0,0.0,D
2021-03-13,Ligue 1,2020_2021,covid,1,Marseille,Brest,3,1,H,4,3,Home Win,medium,bad,Vélodrome Stadyumu,60013.0,1.0,0.0,H
2021-03-13,Premier League,2020_2021,covid,1,Crystal Palace,West Brom,1,0,H,2,4,Home Win,bad,medium,Selhurst Park,26225.0,1.0,0.0,H
2021-03-13,Premier League,2020_2021,covid,1,Everton,Burnley,1,2,A,6,2,Away Win,medium,bad,Goodison Park,40157.0,1.0,2.0,A
2021-03-13,Premier League,2020_2021,covid,1,Fulham,Man City,0,3,A,4,6,Away Win,medium,medium,Craven Cottage,25700.0,0.0,0.0,D
2021-03-13,Premier League,2020_2021,covid,1,Leeds,Chelsea,0,0,D,3,7,Draw,bad,good,NA,NA,0.0,0.0,D
2021-03-13,Serie A,2020_2021,covid,1,Benevento,Fiorentina,1,4,A,1,1,Away Win,bad,bad,NA,NA,0.0,3.0,A
2021-03-13,Serie A,2020_2021,covid,1,Genoa,Udinese,1,1,D,1,7,Draw,bad,good,NA,NA,1.0,1.0,D
2021-03-13,Serie A,2020_2021,covid,1,Sassuolo,Verona,3,2,H,2,4,Home Win,bad,medium,NA,NA,1.0,1.0,D
2021-03-14,Bundesliga,2020_2021,covid,1,Leverkusen,Bielefeld,1,2,A,4,1,Away Win,medium,bad,NA,NA,0.0,1.0,A
2021-03-14,Bundesliga,2020_2021,covid,1,RB Leipzig,Ein Frankfurt,1,1,D,9,4,Draw,good,medium,Red Bull Arena,44345.0,0.0,0.0,D
2021-03-14,Bundesliga,2020_2021,covid,1,Stuttgart,Hoffenheim,2,0,H,7,7,Home Win,good,good,MHPArena,60469.0,1.0,0.0,H
2021-03-14,La Liga,2020_2021,covid,1,Celta,Ath Bilbao,0,0,D,4,4,Draw,medium,medium,NA,NA,0.0,0.0,D
2021-03-14,La Liga,2020_2021,covid,1,Eibar,Villarreal,1,3,A,1,1,Away Win,bad,bad,NA,NA,0.0,2.0,A
2021-03-14,La Liga,2020_2021,covid,1,Granada,Sociedad,1,0,H,3,7,Home Win,bad,good,NA,NA,0.0,0.0,D
2021-03-14,La Liga,2020_2021,covid,1,Sevilla,Betis,1,0,H,3,9,Home Win,bad,good,Ramón Sánchez Pizjuán,48649.0,1.0,0.0,H
2021-03-14,Ligue 1,2020_2021,covid,1,Dijon,Bordeaux,1,3,A,0,0,Away Win,bad,bad,NA,NA,0.0,2.0,A
2021-03-14,Ligue 1,2020_2021,covid,1,Lens,Metz,2,2,D,7,6,Draw,good,medium,Stade Félix Bollaert,41233.0,2.0,1.0,H
2021-03-14,Ligue 1,2020_2021,covid,1,Lorient,Nice,1,1,D,4,6,Draw,medium,medium,NA,NA,0.0,0.0,D
2021-03-14,Ligue 1,2020_2021,covid,1,Monaco,Lille,0,0,D,6,7,Draw,medium,good,NA,NA,0.0,0.0,D
2021-03-14,Ligue 1,2020_2021,covid,1,Nimes,Montpellier,1,1,D,4,5,Draw,medium,medium,NA,NA,0.0,0.0,D
2021-03-14,Ligue 1,2020_2021,covid,1,Paris SG,Nantes,1,2,A,6,2,Away Win,medium,bad,NA,NA,1.0,0.0,H
2021-03-14,Ligue 1,2020_2021,covid,1,Rennes,Strasbourg,1,0,H,0,5,Home Win,bad,medium,Stade de la Route de Lorient,31127.0,1.0,0.0,H
2021-03-14,Premier League,2020_2021,covid,1,Arsenal,Tottenham,2,1,H,4,9,Home Win,medium,good,Emirates Stadyumu,60361.0,1.0,1.0,D
2021-03-14,Premier League,2020_2021,covid,1,Leicester,Sheffield United,5,0,H,4,3,Home Win,medium,bad,King Power Stadyumu,32312.0,1.0,0.0,H
2021-03-14,Premier League,2020_2021,covid,1,Man United,West Ham,1,0,H,5,6,Home Win,medium,medium,Old Trafford,75653.0,0.0,0.0,D
2021-03-14,Premier League,2020_2021,covid,1,Southampton,Brighton,1,2,A,3,0,Away Win,bad,bad,St Mary's Stadium,32689.0,1.0,1.0,D
2021-03-14,Serie A,2020_2021,covid,1,Bologna,Sampdoria,3,1,H,3,2,Home Win,bad,bad,Stadio Renato Dall'Ara,38279.0,2.0,1.0,H
2021-03-14,Serie A,2020_2021,covid,1,Cagliari,Juventus,1,3,A,7,7,Away Win,good,good,Unipol Domus,16233.0,0.0,3.0,A
2021-03-14,Serie A,2020_2021,covid,1,Milan,Napoli,0,1,A,7,7,Away Win,good,good,NA,NA,0.0,0.0,D
2021-03-14,Serie A,2020_2021,covid,1,Parma,Roma,2,0,H,2,6,Home Win,bad,medium,Stadio Ennio Tardini,27906.0,1.0,0.0,H
2021-03-14,Serie A,2020_2021,covid,1,Torino,Inter,1,2,A,4,9,Away Win,medium,good,Stadio Filadelfia,4000.0,0.0,0.0,D
2021-03-15,La Liga,2020_2021,covid,1,Barcelona,Huesca,4,1,H,9,4,Home Win,good,medium,Camp Nou,99354.0,2.0,1.0,H
2021-03-15,Premier League,2020_2021,covid,1,Wolves,Liverpool,0,1,A,2,3,Away Win,bad,bad,Molineux,24259.0,0.0,1.0,A
2021-03-17,La Liga,2020_2021,covid,1,Sevilla,Elche,2,0,H,3,3,Home Win,bad,bad,Ramón Sánchez Pizjuán,48649.0,1.0,0.0,H
2021-03-17,Serie A,2020_2021,covid,1,Torino,Sassuolo,3,2,H,3,4,Home Win,bad,medium,Stadio Filadelfia,4000.0,0.0,2.0,A
2021-03-19,Bundesliga,2020_2021,covid,1,Bielefeld,RB Leipzig,0,1,A,4,7,Away Win,medium,good,NA,NA,0.0,0.0,D
2021-03-19,La Liga,2020_2021,covid,1,Betis,Levante,2,0,H,6,4,Home Win,medium,medium,Benito Villamarín,52745.0,0.0,0.0,D
2021-03-19,Ligue 1,2020_2021,covid,1,St Etienne,Monaco,0,4,A,3,4,Away Win,bad,medium,NA,NA,0.0,1.0,A
2021-03-19,Premier League,2020_2021,covid,1,Fulham,Leeds,1,2,A,3,1,Away Win,bad,bad,Craven Cottage,25700.0,1.0,1.0,D
2021-03-19,Serie A,2020_2021,covid,1,Parma,Genoa,1,2,A,4,2,Away Win,medium,bad,Stadio Ennio Tardini,27906.0,1.0,0.0,H
2021-03-20,Bundesliga,2020_2021,covid,1,Bayern Munich,Stuttgart,4,0,H,9,7,Home Win,good,good,NA,NA,4.0,0.0,H
2021-03-20,Bundesliga,2020_2021,covid,1,Ein Frankfurt,Union Berlin,5,2,H,2,5,Home Win,bad,medium,Frankfurt Stadyumu,52300.0,4.0,2.0,H
2021-03-20,Bundesliga,2020_2021,covid,1,FC Koln,Dortmund,2,2,D,1,6,Draw,bad,medium,NA,NA,1.0,1.0,D
2021-03-20,Bundesliga,2020_2021,covid,1,Schalke 04,M'gladbach,0,3,A,1,0,Away Win,bad,bad,NA,NA,0.0,1.0,A
2021-03-20,Bundesliga,2020_2021,covid,1,Werder Bremen,Wolfsburg,1,2,A,4,6,Away Win,medium,medium,Weser Stadyumu,42358.0,1.0,2.0,A
2021-03-20,La Liga,2020_2021,covid,1,Ath Bilbao,Eibar,1,1,D,4,1,Draw,medium,bad,NA,NA,1.0,1.0,D
2021-03-20,La Liga,2020_2021,covid,1,Celta,Real Madrid,1,3,A,5,5,Away Win,medium,medium,NA,NA,1.0,2.0,A
2021-03-20,La Liga,2020_2021,covid,1,Huesca,Osasuna,0,0,D,1,4,Draw,bad,medium,NA,NA,0.0,0.0,D
2021-03-20,La Liga,2020_2021,covid,1,Valladolid,Sevilla,1,1,D,5,6,Draw,medium,medium,José Zorilla,26512.0,1.0,0.0,H
2021-03-20,Ligue 1,2020_2021,covid,1,Metz,Rennes,1,3,A,4,3,Away Win,medium,bad,NA,NA,0.0,2.0,A
2021-03-20,Ligue 1,2020_2021,covid,1,Nice,Marseille,3,0,H,7,6,Home Win,good,medium,Grand Stade Nice,35624.0,1.0,0.0,H
2021-03-20,Premier League,2020_2021,covid,1,Brighton,Newcastle,3,0,H,3,3,Home Win,bad,bad,Falmer Stadyumu,22500.0,1.0,0.0,H
2021-03-20,Serie A,2020_2021,covid,1,Crotone,Bologna,2,3,A,3,3,Away Win,bad,bad,NA,NA,2.0,0.0,H
2021-03-20,Serie A,2020_2021,covid,1,Spezia,Cagliari,2,1,H,1,4,Home Win,bad,medium,NA,NA,0.0,0.0,D
2021-03-21,Bundesliga,2020_2021,covid,1,Freiburg,Augsburg,2,0,H,3,6,Home Win,bad,medium,Kara Orman Stadyumu,24036.0,0.0,0.0,D
2021-03-21,Bundesliga,2020_2021,covid,1,Hertha,Leverkusen,3,0,H,3,3,Home Win,bad,bad,NA,NA,3.0,0.0,H
2021-03-21,Bundesliga,2020_2021,covid,1,Hoffenheim,Mainz,1,2,A,4,4,Away Win,medium,medium,NA,NA,1.0,2.0,A
2021-03-21,La Liga,2020_2021,covid,1,Ath Madrid,Alaves,1,0,H,5,1,Home Win,medium,bad,Vicente Calderón,54851.0,0.0,0.0,D
2021-03-21,La Liga,2020_2021,covid,1,Getafe,Elche,1,1,D,4,3,Draw,medium,bad,Alfonso Pérez,16000.0,0.0,1.0,A
2021-03-21,La Liga,2020_2021,covid,1,Sociedad,Barcelona,1,6,A,4,9,Away Win,medium,good,Anoeta,32076.0,0.0,2.0,A
2021-03-21,La Liga,2020_2021,covid,1,Valencia,Granada,2,1,H,3,6,Home Win,bad,medium,Mestalla,55000.0,1.0,0.0,H
2021-03-21,La Liga,2020_2021,covid,1,Villarreal,Cadiz,2,1,H,3,4,Home Win,bad,medium,El Madrigal,26000.0,1.0,0.0,H
2021-03-21,Ligue 1,2020_2021,covid,1,Brest,Angers,0,0,D,3,4,Draw,bad,medium,NA,NA,0.0,0.0,D
2021-03-21,Ligue 1,2020_2021,covid,1,Dijon,Reims,0,1,A,0,5,Away Win,bad,medium,NA,NA,0.0,0.0,D
2021-03-21,Ligue 1,2020_2021,covid,1,Lille,Nimes,1,2,A,5,2,Away Win,medium,bad,Stade Borne de l'Espoir,50186.0,1.0,2.0,A
2021-03-21,Ligue 1,2020_2021,covid,1,Lyon,Paris SG,2,4,A,5,6,Away Win,medium,medium,Gerland Stadyumu,41044.0,0.0,2.0,A
2021-03-21,Ligue 1,2020_2021,covid,1,Montpellier,Bordeaux,3,1,H,3,3,Home Win,bad,bad,Stade de la Mosson,32939.0,1.0,1.0,D
2021-03-21,Ligue 1,2020_2021,covid,1,Nantes,Lorient,1,1,D,4,5,Draw,medium,medium,Beaujoire Stadyumu,38285.0,1.0,0.0,H
2021-03-21,Ligue 1,2020_2021,covid,1,Strasbourg,Lens,1,2,A,4,5,Away Win,medium,medium,Meinau Stadyumu,29230.0,1.0,2.0,A
2021-03-21,Premier League,2020_2021,covid,1,Aston Villa,Tottenham,0,2,A,2,6,Away Win,bad,medium,Villa Park,42786.0,0.0,1.0,A
2021-03-21,Premier League,2020_2021,covid,1,West Ham,Arsenal,3,3,D,3,7,Draw,bad,good,The Boleyn Ground,35303.0,3.0,1.0,H
2021-03-21,Serie A,2020_2021,covid,1,Fiorentina,Milan,2,3,A,4,4,Away Win,medium,medium,Stadio Artemio Franchi,43147.0,1.0,1.0,D
2021-03-21,Serie A,2020_2021,covid,1,Juventus,Benevento,0,1,A,9,1,Away Win,good,bad,Juventus Stadium,41507.0,0.0,0.0,D
2021-03-21,Serie A,2020_2021,covid,1,Roma,Napoli,0,2,A,6,7,Away Win,medium,good,Campo Testaccio,20000.0,0.0,2.0,A
2021-03-21,Serie A,2020_2021,covid,1,Sampdoria,Torino,1,0,H,2,3,Home Win,bad,bad,NA,NA,1.0,0.0,H
2021-03-21,Serie A,2020_2021,covid,1,Udinese,Lazio,0,1,A,5,3,Away Win,medium,bad,Stadio Friuli,25144.0,0.0,1.0,A
2021-03-21,Serie A,2020_2021,covid,1,Verona,Atalanta,0,2,A,3,6,Away Win,bad,medium,NA,NA,0.0,2.0,A
2021-04-02,La Liga,2020_2021,covid,1,Levante,Huesca,0,2,A,3,1,Away Win,bad,bad,NA,NA,0.0,1.0,A
2021-04-03,Bundesliga,2020_2021,covid,1,Augsburg,Hoffenheim,2,1,H,3,3,Home Win,bad,bad,Impuls Arena,30660.0,2.0,0.0,H
2021-04-03,Bundesliga,2020_2021,covid,1,Dortmund,Ein Frankfurt,1,2,A,4,5,Away Win,medium,medium,Signal Iduna Park,81359.0,1.0,1.0,D
2021-04-03,Bundesliga,2020_2021,covid,1,Leverkusen,Schalke 04,2,1,H,3,1,Home Win,bad,bad,NA,NA,1.0,0.0,H
2021-04-03,Bundesliga,2020_2021,covid,1,M'gladbach,Freiburg,2,1,H,3,3,Home Win,bad,bad,Stadion im Borussia-Park,54067.0,0.0,1.0,A
2021-04-03,Bundesliga,2020_2021,covid,1,Mainz,Bielefeld,1,1,D,7,3,Draw,good,bad,NA,NA,0.0,0.0,D
2021-04-03,Bundesliga,2020_2021,covid,1,RB Leipzig,Bayern Munich,0,1,A,7,9,Away Win,good,good,Red Bull Arena,44345.0,0.0,1.0,A
2021-04-03,Bundesliga,2020_2021,covid,1,Wolfsburg,FC Koln,1,0,H,6,2,Home Win,medium,bad,Volkswagen Arena,30000.0,0.0,0.0,D
2021-04-03,La Liga,2020_2021,covid,1,Granada,Villarreal,0,3,A,3,6,Away Win,bad,medium,NA,NA,0.0,2.0,A
2021-04-03,La Liga,2020_2021,covid,1,Osasuna,Getafe,0,0,D,2,2,Draw,bad,bad,Reyno de Navarra,19800.0,0.0,0.0,D
2021-04-03,La Liga,2020_2021,covid,1,Real Madrid,Eibar,2,0,H,7,1,Home Win,good,bad,Santiago Bernabéu,80354.0,1.0,0.0,H
2021-04-03,Ligue 1,2020_2021,covid,1,Lens,Lyon,1,1,D,7,4,Draw,good,medium,Stade Félix Bollaert,41233.0,0.0,0.0,D
2021-04-03,Ligue 1,2020_2021,covid,1,Monaco,Metz,4,0,H,4,1,Home Win,medium,bad,NA,NA,0.0,0.0,D
2021-04-03,Ligue 1,2020_2021,covid,1,Paris SG,Lille,0,1,A,6,4,Away Win,medium,medium,NA,NA,0.0,1.0,A
2021-04-03,Premier League,2020_2021,covid,1,Arsenal,Liverpool,0,3,A,5,3,Away Win,medium,bad,Emirates Stadyumu,60361.0,0.0,0.0,D
2021-04-03,Premier League,2020_2021,covid,1,Chelsea,West Brom,2,5,A,7,1,Away Win,good,bad,Stamford Bridge,42449.0,1.0,2.0,A
2021-04-03,Premier League,2020_2021,covid,1,Leeds,Sheffield United,2,1,H,4,3,Home Win,medium,bad,NA,NA,1.0,1.0,D
2021-04-03,Premier League,2020_2021,covid,1,Leicester,Man City,0,2,A,7,6,Away Win,good,medium,King Power Stadyumu,32312.0,0.0,0.0,D
2021-04-03,Serie A,2020_2021,covid,1,Atalanta,Udinese,3,2,H,6,4,Home Win,medium,medium,Stadio Atleti Azzurri d'Italia,26562.0,2.0,1.0,H
2021-04-03,Serie A,2020_2021,covid,1,Benevento,Parma,2,2,D,4,4,Draw,medium,medium,NA,NA,1.0,0.0,H
2021-04-03,Serie A,2020_2021,covid,1,Bologna,Inter,0,1,A,6,9,Away Win,medium,good,Stadio Renato Dall'Ara,38279.0,0.0,1.0,A
2021-04-03,Serie A,2020_2021,covid,1,Cagliari,Verona,0,2,A,1,0,Away Win,bad,bad,Unipol Domus,16233.0,0.0,0.0,D
2021-04-03,Serie A,2020_2021,covid,1,Genoa,Fiorentina,1,1,D,4,4,Draw,medium,medium,NA,NA,1.0,1.0,D
2021-04-03,Serie A,2020_2021,covid,1,Lazio,Spezia,2,1,H,6,4,Home Win,medium,medium,NA,NA,0.0,0.0,D
2021-04-03,Serie A,2020_2021,covid,1,Milan,Sampdoria,1,1,D,6,4,Draw,medium,medium,NA,NA,0.0,0.0,D
2021-04-03,Serie A,2020_2021,covid,1,Napoli,Crotone,4,3,H,9,3,Home Win,good,bad,Stadio Arturo Collana,12000.0,3.0,1.0,H
2021-04-03,Serie A,2020_2021,covid,1,Sassuolo,Roma,2,2,D,3,3,Draw,bad,bad,NA,NA,0.0,1.0,A
2021-04-03,Serie A,2020_2021,covid,1,Torino,Juventus,2,2,D,3,6,Draw,bad,medium,Stadio Filadelfia,4000.0,1.0,1.0,D
2021-04-04,Bundesliga,2020_2021,covid,1,Stuttgart,Werder Bremen,1,0,H,4,3,Home Win,medium,bad,MHPArena,60469.0,0.0,0.0,D
2021-04-04,Bundesliga,2020_2021,covid,1,Union Berlin,Hertha,1,1,D,4,6,Draw,medium,medium,Stadion An der Alten Försterei,22012.0,1.0,1.0,D
2021-04-04,La Liga,2020_2021,covid,1,Alaves,Celta,1,3,A,1,4,Away Win,bad,medium,Mendizorrotza,19900.0,0.0,3.0,A
2021-04-04,La Liga,2020_2021,covid,1,Cadiz,Valencia,2,1,H,4,6,Home Win,medium,medium,NA,NA,1.0,1.0,D
2021-04-04,La Liga,2020_2021,covid,1,Elche,Betis,1,1,D,1,6,Draw,bad,medium,NA,NA,1.0,1.0,D
2021-04-04,La Liga,2020_2021,covid,1,Sevilla,Ath Madrid,1,0,H,7,7,Home Win,good,good,Ramón Sánchez Pizjuán,48649.0,0.0,0.0,D
2021-04-04,Ligue 1,2020_2021,covid,1,Angers,Montpellier,1,1,D,4,5,Draw,medium,medium,NA,NA,0.0,0.0,D
2021-04-04,Ligue 1,2020_2021,covid,1,Bordeaux,Strasbourg,2,3,A,3,3,Away Win,bad,bad,NA,NA,2.0,3.0,A
2021-04-04,Ligue 1,2020_2021,covid,1,Lorient,Brest,1,0,H,3,4,Home Win,bad,medium,NA,NA,1.0,0.0,H
2021-04-04,Ligue 1,2020_2021,covid,1,Marseille,Dijon,2,0,H,6,0,Home Win,medium,bad,Vélodrome Stadyumu,60013.0,1.0,0.0,H
2021-04-04,Ligue 1,2020_2021,covid,1,Nantes,Nice,1,2,A,4,7,Away Win,medium,good,Beaujoire Stadyumu,38285.0,1.0,2.0,A
2021-04-04,Ligue 1,2020_2021,covid,1,Nimes,St Etienne,0,2,A,4,3,Away Win,medium,bad,NA,NA,0.0,1.0,A
2021-04-04,Ligue 1,2020_2021,covid,1,Reims,Rennes,2,2,D,7,6,Draw,good,medium,Stade Auguste-Delaune II,21684.0,0.0,0.0,D
2021-04-04,Premier League,2020_2021,covid,1,Aston Villa,Fulham,3,1,H,2,3,Home Win,bad,bad,Villa Park,42786.0,0.0,0.0,D
2021-04-04,Premier League,2020_2021,covid,1,Man United,Brighton,2,1,H,7,6,Home Win,good,medium,Old Trafford,75653.0,0.0,1.0,A
2021-04-04,Premier League,2020_2021,covid,1,Newcastle,Tottenham,2,2,D,2,6,Draw,bad,medium,St James' Park,52409.0,1.0,2.0,A
2021-04-04,Premier League,2020_2021,covid,1,Southampton,Burnley,3,2,H,3,5,Home Win,bad,medium,St Mary's Stadium,32689.0,2.0,2.0,D
2021-04-05,La Liga,2020_2021,covid,1,Barcelona,Valladolid,1,0,H,9,5,Home Win,good,medium,Camp Nou,99354.0,0.0,0.0,D
2021-04-05,Premier League,2020_2021,covid,1,Everton,Crystal Palace,1,1,D,3,4,Draw,bad,medium,Goodison Park,40157.0,0.0,0.0,D
2021-04-05,Premier League,2020_2021,covid,1,Wolves,West Ham,2,3,A,1,4,Away Win,bad,medium,Molineux,24259.0,1.0,3.0,A
2021-04-07,La Liga,2020_2021,covid,1,Sociedad,Ath Bilbao,1,1,D,3,2,Draw,bad,bad,Anoeta,32076.0,0.0,0.0,D
2021-04-07,Serie A,2020_2021,covid,1,Inter,Sassuolo,2,1,H,9,4,Home Win,good,medium,NA,NA,1.0,0.0,H
2021-04-07,Serie A,2020_2021,covid,1,Juventus,Napoli,2,1,H,4,9,Home Win,medium,good,Juventus Stadium,41507.0,1.0,0.0,H
2021-04-09,Bundesliga,2020_2021,covid,1,Bielefeld,Freiburg,1,0,H,4,3,Home Win,medium,bad,NA,NA,0.0,0.0,D
2021-04-09,La Liga,2020_2021,covid,1,Huesca,Elche,3,1,H,4,2,Home Win,medium,bad,NA,NA,2.0,1.0,H
2021-04-09,Ligue 1,2020_2021,covid,1,Metz,Lille,0,2,A,1,4,Away Win,bad,medium,NA,NA,0.0,0.0,D
2021-04-09,Premier League,2020_2021,covid,1,Fulham,Wolves,0,1,A,0,1,Away Win,bad,bad,Craven Cottage,25700.0,0.0,0.0,D
2021-04-10,Bundesliga,2020_2021,covid,1,Bayern Munich,Union Berlin,1,1,D,9,4,Draw,good,medium,NA,NA,0.0,0.0,D
2021-04-10,Bundesliga,2020_2021,covid,1,Ein Frankfurt,Wolfsburg,4,3,H,7,9,Home Win,good,good,Frankfurt Stadyumu,52300.0,2.0,1.0,H
2021-04-10,Bundesliga,2020_2021,covid,1,Hertha,M'gladbach,2,2,D,4,6,Draw,medium,medium,NA,NA,1.0,2.0,A
2021-04-10,Bundesliga,2020_2021,covid,1,Stuttgart,Dortmund,2,3,A,6,4,Away Win,medium,medium,MHPArena,60469.0,1.0,0.0,H
2021-04-10,Bundesliga,2020_2021,covid,1,Werder Bremen,RB Leipzig,1,4,A,0,4,Away Win,bad,medium,Weser Stadyumu,42358.0,0.0,3.0,A
2021-04-10,La Liga,2020_2021,covid,1,Ath Bilbao,Alaves,0,0,D,3,1,Draw,bad,bad,NA,NA,0.0,0.0,D
2021-04-10,La Liga,2020_2021,covid,1,Eibar,Levante,0,1,A,1,3,Away Win,bad,bad,NA,NA,0.0,1.0,A
2021-04-10,La Liga,2020_2021,covid,1,Getafe,Cadiz,0,1,A,3,4,Away Win,bad,medium,Alfonso Pérez,16000.0,0.0,0.0,D
2021-04-10,La Liga,2020_2021,covid,1,Real Madrid,Barcelona,2,1,H,9,9,Home Win,good,good,Santiago Bernabéu,80354.0,2.0,0.0,H
2021-04-10,Ligue 1,2020_2021,covid,1,Montpellier,Marseille,3,3,D,5,6,Draw,medium,medium,Stade de la Mosson,32939.0,1.0,2.0,A
2021-04-10,Ligue 1,2020_2021,covid,1,Strasbourg,Paris SG,1,4,A,3,3,Away Win,bad,bad,Meinau Stadyumu,29230.0,0.0,3.0,A
2021-04-10,Premier League,2020_2021,covid,1,Crystal Palace,Chelsea,1,4,A,4,4,Away Win,medium,medium,Selhurst Park,26225.0,0.0,3.0,A
2021-04-10,Premier League,2020_2021,covid,1,Liverpool,Aston Villa,2,1,H,6,4,Home Win,medium,medium,Anfield,45276.0,0.0,1.0,A
2021-04-10,Premier League,2020_2021,covid,1,Man City,Leeds,1,2,A,9,7,Away Win,good,good,Etihad Stadium,47405.0,0.0,1.0,A
2021-04-10,Serie A,2020_2021,covid,1,Parma,Milan,1,3,A,4,4,Away Win,medium,medium,Stadio Ennio Tardini,27906.0,0.0,2.0,A
2021-04-10,Serie A,2020_2021,covid,1,Spezia,Crotone,3,2,H,3,0,Home Win,bad,bad,NA,NA,0.0,1.0,A
2021-04-10,Serie A,2020_2021,covid,1,Udinese,Torino,0,1,A,1,4,Away Win,bad,medium,Stadio Friuli,25144.0,0.0,0.0,D
2021-04-11,Bundesliga,2020_2021,covid,1,FC Koln,Mainz,2,3,A,1,7,Away Win,bad,good,NA,NA,1.0,1.0,D
2021-04-11,Bundesliga,2020_2021,covid,1,Schalke 04,Augsburg,1,0,H,0,6,Home Win,bad,medium,NA,NA,1.0,0.0,H
2021-04-11,La Liga,2020_2021,covid,1,Betis,Ath Madrid,1,1,D,4,4,Draw,medium,medium,Benito Villamarín,52745.0,1.0,1.0,D
2021-04-11,La Liga,2020_2021,covid,1,Valencia,Sociedad,2,2,D,3,1,Draw,bad,bad,Mestalla,55000.0,0.0,2.0,A
2021-04-11,La Liga,2020_2021,covid,1,Valladolid,Granada,1,2,A,2,3,Away Win,bad,bad,José Zorilla,26512.0,1.0,0.0,H
2021-04-11,La Liga,2020_2021,covid,1,Villarreal,Osasuna,1,2,A,9,3,Away Win,good,bad,El Madrigal,26000.0,0.0,0.0,D
2021-04-11,Ligue 1,2020_2021,covid,1,Brest,Nimes,1,1,D,1,4,Draw,bad,medium,NA,NA,1.0,1.0,D
2021-04-11,Ligue 1,2020_2021,covid,1,Lens,Lorient,4,1,H,5,5,Home Win,medium,medium,Stade Félix Bollaert,41233.0,2.0,1.0,H
2021-04-11,Ligue 1,2020_2021,covid,1,Lyon,Angers,3,0,H,2,2,Home Win,bad,bad,Gerland Stadyumu,41044.0,2.0,0.0,H
2021-04-11,Ligue 1,2020_2021,covid,1,Monaco,Dijon,3,0,H,7,0,Home Win,good,bad,NA,NA,0.0,0.0,D
2021-04-11,Ligue 1,2020_2021,covid,1,Nice,Reims,0,0,D,7,5,Draw,good,medium,Grand Stade Nice,35624.0,0.0,0.0,D
2021-04-11,Ligue 1,2020_2021,covid,1,Rennes,Nantes,1,0,H,7,4,Home Win,good,medium,Stade de la Route de Lorient,31127.0,0.0,0.0,D
2021-04-11,Ligue 1,2020_2021,covid,1,St Etienne,Bordeaux,4,1,H,6,3,Home Win,medium,bad,NA,NA,2.0,1.0,H
2021-04-11,Premier League,2020_2021,covid,1,Burnley,Newcastle,1,2,A,4,2,Away Win,medium,bad,NA,NA,1.0,0.0,H
2021-04-11,Premier League,2020_2021,covid,1,Sheffield United,Arsenal,0,3,A,0,4,Away Win,bad,medium,NA,NA,0.0,1.0,A
2021-04-11,Premier League,2020_2021,covid,1,Tottenham,Man United,1,3,A,4,9,Away Win,medium,good,White Hart Lane,36230.0,1.0,0.0,H
2021-04-11,Premier League,2020_2021,covid,1,West Ham,Leicester,3,2,H,4,6,Home Win,medium,medium,The Boleyn Ground,35303.0,2.0,0.0,H
2021-04-11,Serie A,2020_2021,covid,1,Fiorentina,Atalanta,2,3,A,4,9,Away Win,medium,good,Stadio Artemio Franchi,43147.0,0.0,2.0,A
2021-04-11,Serie A,2020_2021,covid,1,Inter,Cagliari,1,0,H,9,0,Home Win,good,bad,NA,NA,0.0,0.0,D
2021-04-11,Serie A,2020_2021,covid,1,Juventus,Genoa,3,1,H,4,5,Home Win,medium,medium,Juventus Stadium,41507.0,2.0,0.0,H
2021-04-11,Serie A,2020_2021,covid,1,Roma,Bologna,1,0,H,1,6,Home Win,bad,medium,Campo Testaccio,20000.0,1.0,0.0,H
2021-04-11,Serie A,2020_2021,covid,1,Sampdoria,Napoli,0,2,A,4,6,Away Win,medium,medium,NA,NA,0.0,1.0,A
2021-04-11,Serie A,2020_2021,covid,1,Verona,Lazio,0,1,A,3,9,Away Win,bad,good,NA,NA,0.0,0.0,D
2021-04-12,Bundesliga,2020_2021,covid,1,Hoffenheim,Leverkusen,0,0,D,0,3,Draw,bad,bad,NA,NA,0.0,0.0,D
2021-04-12,La Liga,2020_2021,covid,1,Celta,Sevilla,3,4,A,4,7,Away Win,medium,good,NA,NA,3.0,2.0,H
2021-04-12,Premier League,2020_2021,covid,1,Brighton,Everton,0,0,D,6,1,Draw,medium,bad,Falmer Stadyumu,22500.0,0.0,0.0,D
2021-04-12,Premier League,2020_2021,covid,1,West Brom,Southampton,3,0,H,4,3,Home Win,medium,bad,NA,NA,2.0,0.0,H
2021-04-12,Serie A,2020_2021,covid,1,Benevento,Sassuolo,0,1,A,4,1,Away Win,medium,bad,NA,NA,0.0,1.0,A
2021-04-16,Bundesliga,2020_2021,covid,1,RB Leipzig,Hoffenheim,0,0,D,6,1,Draw,medium,bad,Red Bull Arena,44345.0,0.0,0.0,D
2021-04-16,Ligue 1,2020_2021,covid,1,Lille,Montpellier,1,1,D,6,5,Draw,medium,medium,Stade Borne de l'Espoir,50186.0,0.0,1.0,A
2021-04-16,Premier League,2020_2021,covid,1,Everton,Tottenham,2,2,D,2,4,Draw,bad,medium,Goodison Park,40157.0,1.0,1.0,D
2021-04-17,Bundesliga,2020_2021,covid,1,Augsburg,Bielefeld,0,0,D,3,4,Draw,bad,medium,Impuls Arena,30660.0,0.0,0.0,D
2021-04-17,Bundesliga,2020_2021,covid,1,Freiburg,Schalke 04,4,0,H,3,3,Home Win,bad,bad,Kara Orman Stadyumu,24036.0,2.0,0.0,H
2021-04-17,Bundesliga,2020_2021,covid,1,Leverkusen,FC Koln,3,0,H,4,1,Home Win,medium,bad,NA,NA,1.0,0.0,H
2021-04-17,Bundesliga,2020_2021,covid,1,M'gladbach,Ein Frankfurt,4,0,H,7,9,Home Win,good,good,Stadion im Borussia-Park,54067.0,1.0,0.0,H
2021-04-17,Bundesliga,2020_2021,covid,1,Union Berlin,Stuttgart,2,1,H,2,3,Home Win,bad,bad,Stadion An der Alten Försterei,22012.0,2.0,0.0,H
2021-04-17,Bundesliga,2020_2021,covid,1,Wolfsburg,Bayern Munich,2,3,A,6,7,Away Win,medium,good,Volkswagen Arena,30000.0,1.0,3.0,A
2021-04-17,Ligue 1,2020_2021,covid,1,Angers,Rennes,0,3,A,2,7,Away Win,bad,good,NA,NA,0.0,1.0,A
2021-04-17,Ligue 1,2020_2021,covid,1,Marseille,Lorient,3,2,H,4,4,Home Win,medium,medium,Vélodrome Stadyumu,60013.0,0.0,1.0,A
2021-04-17,Premier League,2020_2021,covid,1,Newcastle,West Ham,3,2,H,4,7,Home Win,medium,good,St James' Park,52409.0,2.0,0.0,H
2021-04-17,Premier League,2020_2021,covid,1,Wolves,Sheffield United,1,0,H,3,0,Home Win,bad,bad,Molineux,24259.0,0.0,0.0,D
2021-04-17,Serie A,2020_2021,covid,1,Cagliari,Parma,4,3,H,0,1,Home Win,bad,bad,Unipol Domus,16233.0,1.0,2.0,A
2021-04-17,Serie A,2020_2021,covid,1,Crotone,Udinese,1,2,A,0,0,Away Win,bad,bad,NA,NA,0.0,1.0,A
2021-04-17,Serie A,2020_2021,covid,1,Sampdoria,Verona,3,1,H,4,3,Home Win,medium,bad,NA,NA,0.0,1.0,A
2021-04-17,Serie A,2020_2021,covid,1,Sassuolo,Fiorentina,3,1,H,4,1,Home Win,medium,bad,NA,NA,0.0,1.0,A
2021-04-18,Bundesliga,2020_2021,covid,1,Dortmund,Werder Bremen,4,1,H,4,0,Home Win,medium,bad,Signal Iduna Park,81359.0,3.0,1.0,H
2021-04-18,La Liga,2020_2021,covid,1,Alaves,Huesca,1,0,H,1,7,Home Win,bad,good,Mendizorrotza,19900.0,0.0,0.0,D
2021-04-18,La Liga,2020_2021,covid,1,Ath Madrid,Eibar,5,0,H,4,1,Home Win,medium,bad,Vicente Calderón,54851.0,2.0,0.0,H
2021-04-18,La Liga,2020_2021,covid,1,Betis,Valencia,2,2,D,5,4,Draw,medium,medium,Benito Villamarín,52745.0,2.0,1.0,H
2021-04-18,La Liga,2020_2021,covid,1,Cadiz,Celta,0,0,D,6,3,Draw,medium,bad,NA,NA,0.0,0.0,D
2021-04-18,La Liga,2020_2021,covid,1,Getafe,Real Madrid,0,0,D,2,9,Draw,bad,good,Alfonso Pérez,16000.0,0.0,0.0,D
2021-04-18,La Liga,2020_2021,covid,1,Levante,Villarreal,1,5,A,3,6,Away Win,bad,medium,NA,NA,1.0,2.0,A
2021-04-18,La Liga,2020_2021,covid,1,Osasuna,Elche,2,0,H,5,2,Home Win,medium,bad,Reyno de Navarra,19800.0,1.0,0.0,H
2021-04-18,La Liga,2020_2021,covid,1,Sociedad,Sevilla,1,2,A,2,7,Away Win,bad,good,Anoeta,32076.0,1.0,2.0,A
2021-04-18,Ligue 1,2020_2021,covid,1,Bordeaux,Monaco,0,3,A,0,9,Away Win,bad,good,NA,NA,0.0,1.0,A
2021-04-18,Ligue 1,2020_2021,covid,1,Brest,Lens,1,1,D,2,7,Draw,bad,good,NA,NA,1.0,0.0,H
2021-04-18,Ligue 1,2020_2021,covid,1,Dijon,Nice,2,0,H,0,7,Home Win,bad,good,NA,NA,0.0,0.0,D
2021-04-18,Ligue 1,2020_2021,covid,1,Nantes,Lyon,1,2,A,1,4,Away Win,bad,medium,Beaujoire Stadyumu,38285.0,0.0,2.0,A
2021-04-18,Ligue 1,2020_2021,covid,1,Nimes,Strasbourg,1,1,D,4,3,Draw,medium,bad,NA,NA,0.0,0.0,D
2021-04-18,Ligue 1,2020_2021,covid,1,Paris SG,St Etienne,3,2,H,6,6,Home Win,medium,medium,NA,NA,0.0,0.0,D
2021-04-18,Ligue 1,2020_2021,covid,1,Reims,Metz,0,0,D,5,0,Draw,medium,bad,Stade Auguste-Delaune II,21684.0,0.0,0.0,D
2021-04-18,Premier League,2020_2021,covid,1,Arsenal,Fulham,1,1,D,4,0,Draw,medium,bad,Emirates Stadyumu,60361.0,0.0,0.0,D
2021-04-18,Premier League,2020_2021,covid,1,Man United,Burnley,3,1,H,9,3,Home Win,good,bad,Old Trafford,75653.0,0.0,0.0,D
2021-04-18,Serie A,2020_2021,covid,1,Atalanta,Juventus,1,0,H,9,7,Home Win,good,good,Stadio Atleti Azzurri d'Italia,26562.0,0.0,0.0,D
2021-04-18,Serie A,2020_2021,covid,1,Bologna,Spezia,4,1,H,3,6,Home Win,bad,medium,Stadio Renato Dall'Ara,38279.0,2.0,1.0,H
2021-04-18,Serie A,2020_2021,covid,1,Lazio,Benevento,5,3,H,9,4,Home Win,good,medium,NA,NA,3.0,1.0,H
2021-04-18,Serie A,2020_2021,covid,1,Milan,Genoa,2,1,H,7,4,Home Win,good,medium,NA,NA,1.0,1.0,D
2021-04-18,Serie A,2020_2021,covid,1,Napoli,Inter,1,1,D,6,9,Draw,medium,good,Stadio Arturo Collana,12000.0,1.0,0.0,H
2021-04-18,Serie A,2020_2021,covid,1,Torino,Roma,3,1,H,4,4,Home Win,medium,medium,Stadio Filadelfia,4000.0,0.0,1.0,A
2021-04-19,Premier League,2020_2021,covid,1,Leeds,Liverpool,1,1,D,9,9,Draw,good,good,NA,NA,0.0,1.0,A
2021-04-20,Bundesliga,2020_2021,covid,1,Bayern Munich,Leverkusen,2,0,H,7,7,Home Win,good,good,NA,NA,2.0,0.0,H
2021-04-20,Bundesliga,2020_2021,covid,1,Bielefeld,Schalke 04,1,0,H,5,3,Home Win,medium,bad,NA,NA,0.0,0.0,D
2021-04-20,Bundesliga,2020_2021,covid,1,Ein Frankfurt,Augsburg,2,0,H,6,4,Home Win,medium,medium,Frankfurt Stadyumu,52300.0,1.0,0.0,H
2021-04-20,Bundesliga,2020_2021,covid,1,FC Koln,RB Leipzig,2,1,H,0,4,Home Win,bad,medium,NA,NA,0.0,0.0,D
2021-04-20,Premier League,2020_2021,covid,1,Chelsea,Brighton,0,0,D,4,4,Draw,medium,medium,Stamford Bridge,42449.0,0.0,0.0,D
2021-04-20,Serie A,2020_2021,covid,1,Verona,Fiorentina,1,2,A,3,1,Away Win,bad,bad,NA,NA,0.0,1.0,A
2021-04-21,Bundesliga,2020_2021,covid,1,Dortmund,Union Berlin,2,0,H,6,5,Home Win,medium,medium,Signal Iduna Park,81359.0,1.0,0.0,H
2021-04-21,Bundesliga,2020_2021,covid,1,Hoffenheim,M'gladbach,3,2,H,2,7,Home Win,bad,good,NA,NA,0.0,2.0,A
2021-04-21,Bundesliga,2020_2021,covid,1,Stuttgart,Wolfsburg,1,3,A,3,3,Away Win,bad,bad,MHPArena,60469.0,0.0,2.0,A
2021-04-21,Bundesliga,2020_2021,covid,1,Werder Bremen,Mainz,0,1,A,0,7,Away Win,bad,good,Weser Stadyumu,42358.0,0.0,1.0,A
2021-04-21,La Liga,2020_2021,covid,1,Alaves,Villarreal,2,1,H,4,6,Home Win,medium,medium,Mendizorrotza,19900.0,1.0,0.0,H
2021-04-21,La Liga,2020_2021,covid,1,Betis,Ath Bilbao,0,0,D,3,3,Draw,bad,bad,Benito Villamarín,52745.0,0.0,0.0,D
2021-04-21,La Liga,2020_2021,covid,1,Cadiz,Real Madrid,0,3,A,7,7,Away Win,good,good,NA,NA,0.0,3.0,A
2021-04-21,La Liga,2020_2021,covid,1,Elche,Valladolid,1,1,D,1,1,Draw,bad,bad,NA,NA,1.0,0.0,H
2021-04-21,La Liga,2020_2021,covid,1,Levante,Sevilla,0,1,A,3,9,Away Win,bad,good,NA,NA,0.0,0.0,D
2021-04-21,La Liga,2020_2021,covid,1,Osasuna,Valencia,3,1,H,7,2,Home Win,good,bad,Reyno de Navarra,19800.0,2.0,1.0,H
2021-04-21,Premier League,2020_2021,covid,1,Aston Villa,Man City,1,2,A,3,6,Away Win,bad,medium,Villa Park,42786.0,1.0,2.0,A
2021-04-21,Premier League,2020_2021,covid,1,Tottenham,Southampton,2,1,H,2,3,Home Win,bad,bad,White Hart Lane,36230.0,0.0,1.0,A
2021-04-21,Serie A,2020_2021,covid,1,Bologna,Torino,1,1,D,3,7,Draw,bad,good,Stadio Renato Dall'Ara,38279.0,1.0,0.0,H
2021-04-21,Serie A,2020_2021,covid,1,Crotone,Sampdoria,0,1,A,0,4,Away Win,bad,medium,NA,NA,0.0,0.0,D
2021-04-21,Serie A,2020_2021,covid,1,Genoa,Benevento,2,2,D,1,1,Draw,bad,bad,NA,NA,2.0,2.0,D
2021-04-21,Serie A,2020_2021,covid,1,Juventus,Parma,3,1,H,6,1,Home Win,medium,bad,Juventus Stadium,41507.0,1.0,1.0,D
2021-04-21,Serie A,2020_2021,covid,1,Milan,Sassuolo,1,2,A,7,6,Away Win,good,medium,NA,NA,1.0,0.0,H
2021-04-21,Serie A,2020_2021,covid,1,Spezia,Inter,1,1,D,3,7,Draw,bad,good,NA,NA,1.0,1.0,D
2021-04-21,Serie A,2020_2021,covid,1,Udinese,Cagliari,0,1,A,3,3,Away Win,bad,bad,Stadio Friuli,25144.0,0.0,0.0,D
2021-04-22,La Liga,2020_2021,covid,1,Ath Madrid,Huesca,2,0,H,4,6,Home Win,medium,medium,Vicente Calderón,54851.0,1.0,0.0,H
2021-04-22,La Liga,2020_2021,covid,1,Barcelona,Getafe,5,2,H,6,2,Home Win,medium,bad,Camp Nou,99354.0,3.0,1.0,H
2021-04-22,La Liga,2020_2021,covid,1,Granada,Eibar,4,1,H,3,0,Home Win,bad,bad,NA,NA,2.0,0.0,H
2021-04-22,La Liga,2020_2021,covid,1,Sociedad,Celta,2,1,H,2,4,Home Win,bad,medium,Anoeta,32076.0,2.0,1.0,H
2021-04-22,Premier League,2020_2021,covid,1,Leicester,West Brom,3,0,H,3,6,Home Win,bad,medium,King Power Stadyumu,32312.0,3.0,0.0,H
2021-04-22,Serie A,2020_2021,covid,1,Napoli,Lazio,5,2,H,4,9,Home Win,medium,good,Stadio Arturo Collana,12000.0,2.0,0.0,H
2021-04-22,Serie A,2020_2021,covid,1,Roma,Atalanta,1,1,D,4,9,Draw,medium,good,Campo Testaccio,20000.0,0.0,1.0,A
2021-04-23,Bundesliga,2020_2021,covid,1,Augsburg,FC Koln,2,3,A,1,3,Away Win,bad,bad,Impuls Arena,30660.0,0.0,3.0,A
2021-04-23,Ligue 1,2020_2021,covid,1,Reims,Marseille,1,3,A,3,7,Away Win,bad,good,Stade Auguste-Delaune II,21684.0,1.0,2.0,A
2021-04-23,Premier League,2020_2021,covid,1,Arsenal,Everton,0,1,A,4,3,Away Win,medium,bad,Emirates Stadyumu,60361.0,0.0,0.0,D
2021-04-24,Bundesliga,2020_2021,covid,1,Freiburg,Hoffenheim,1,1,D,3,5,Draw,bad,medium,Kara Orman Stadyumu,24036.0,0.0,1.0,A
2021-04-24,Bundesliga,2020_2021,covid,1,Leverkusen,Ein Frankfurt,3,1,H,4,6,Home Win,medium,medium,NA,NA,0.0,0.0,D
2021-04-24,Bundesliga,2020_2021,covid,1,Mainz,Bayern Munich,2,1,H,7,7,Home Win,good,good,NA,NA,2.0,0.0,H
2021-04-24,Bundesliga,2020_2021,covid,1,Union Berlin,Werder Bremen,3,1,H,4,0,Home Win,medium,bad,Stadion An der Alten Försterei,22012.0,0.0,0.0,D
2021-04-24,Bundesliga,2020_2021,covid,1,Wolfsburg,Dortmund,0,2,A,3,9,Away Win,bad,good,Volkswagen Arena,30000.0,0.0,1.0,A
2021-04-24,La Liga,2020_2021,covid,1,Elche,Levante,1,0,H,1,3,Home Win,bad,bad,NA,NA,1.0,0.0,H
2021-04-24,La Liga,2020_2021,covid,1,Real Madrid,Betis,0,0,D,7,3,Draw,good,bad,Santiago Bernabéu,80354.0,0.0,0.0,D
2021-04-24,La Liga,2020_2021,covid,1,Valencia,Alaves,1,1,D,2,7,Draw,bad,good,Mestalla,55000.0,0.0,0.0,D
2021-04-24,La Liga,2020_2021,covid,1,Valladolid,Cadiz,1,1,D,1,4,Draw,bad,medium,José Zorilla,26512.0,1.0,0.0,H
2021-04-24,Ligue 1,2020_2021,covid,1,Metz,Paris SG,1,3,A,1,6,Away Win,bad,medium,NA,NA,0.0,1.0,A
2021-04-24,Ligue 1,2020_2021,covid,1,St Etienne,Brest,1,2,A,6,2,Away Win,medium,bad,NA,NA,1.0,0.0,H
2021-04-24,Premier League,2020_2021,covid,1,Liverpool,Newcastle,1,1,D,7,7,Draw,good,good,Anfield,45276.0,1.0,0.0,H
2021-04-24,Premier League,2020_2021,covid,1,Sheffield United,Brighton,1,0,H,0,2,Home Win,bad,bad,NA,NA,1.0,0.0,H
2021-04-24,Premier League,2020_2021,covid,1,West Ham,Chelsea,0,1,A,6,4,Away Win,medium,medium,The Boleyn Ground,35303.0,0.0,1.0,A
2021-04-24,Serie A,2020_2021,covid,1,Genoa,Spezia,2,0,H,1,4,Home Win,bad,medium,NA,NA,0.0,0.0,D
2021-04-24,Serie A,2020_2021,covid,1,Parma,Crotone,3,4,A,0,0,Away Win,bad,bad,Stadio Ennio Tardini,27906.0,1.0,3.0,A
2021-04-24,Serie A,2020_2021,covid,1,Sassuolo,Sampdoria,1,0,H,9,6,Home Win,good,medium,NA,NA,0.0,0.0,D
2021-04-25,Bundesliga,2020_2021,covid,1,M'gladbach,Bielefeld,5,0,H,4,7,Home Win,medium,good,Stadion im Borussia-Park,54067.0,3.0,0.0,H
2021-04-25,Bundesliga,2020_2021,covid,1,RB Leipzig,Stuttgart,2,0,H,4,0,Home Win,medium,bad,Red Bull Arena,44345.0,0.0,0.0,D
2021-04-25,La Liga,2020_2021,covid,1,Ath Bilbao,Ath Madrid,2,1,H,3,7,Home Win,bad,good,NA,NA,1.0,0.0,H
2021-04-25,La Liga,2020_2021,covid,1,Celta,Osasuna,2,1,H,1,9,Home Win,bad,good,NA,NA,1.0,0.0,H
2021-04-25,La Liga,2020_2021,covid,1,Huesca,Getafe,0,2,A,3,1,Away Win,bad,bad,NA,NA,0.0,1.0,A
2021-04-25,La Liga,2020_2021,covid,1,Sevilla,Granada,2,1,H,9,6,Home Win,good,medium,Ramón Sánchez Pizjuán,48649.0,1.0,0.0,H
2021-04-25,La Liga,2020_2021,covid,1,Villarreal,Barcelona,1,2,A,3,6,Away Win,bad,medium,El Madrigal,26000.0,1.0,2.0,A
2021-04-25,Ligue 1,2020_2021,covid,1,Angers,Monaco,0,1,A,1,9,Away Win,bad,good,NA,NA,0.0,0.0,D
2021-04-25,Ligue 1,2020_2021,covid,1,Lens,Nimes,2,1,H,5,2,Home Win,medium,bad,Stade Félix Bollaert,41233.0,1.0,0.0,H
2021-04-25,Ligue 1,2020_2021,covid,1,Lorient,Bordeaux,4,1,H,3,0,Home Win,bad,bad,NA,NA,3.0,0.0,H
2021-04-25,Ligue 1,2020_2021,covid,1,Lyon,Lille,2,3,A,7,7,Away Win,good,good,Gerland Stadyumu,41044.0,2.0,1.0,H
2021-04-25,Ligue 1,2020_2021,covid,1,Nice,Montpellier,3,1,H,4,3,Home Win,medium,bad,Grand Stade Nice,35624.0,3.0,1.0,H
2021-04-25,Ligue 1,2020_2021,covid,1,Rennes,Dijon,5,1,H,7,3,Home Win,good,bad,Stade de la Route de Lorient,31127.0,1.0,1.0,D
2021-04-25,Ligue 1,2020_2021,covid,1,Strasbourg,Nantes,1,2,A,4,0,Away Win,medium,bad,Meinau Stadyumu,29230.0,1.0,0.0,H
2021-04-25,Premier League,2020_2021,covid,1,Aston Villa,West Brom,2,2,D,3,6,Draw,bad,medium,Villa Park,42786.0,1.0,1.0,D
2021-04-25,Premier League,2020_2021,covid,1,Leeds,Man United,0,0,D,7,9,Draw,good,good,NA,NA,0.0,0.0,D
2021-04-25,Premier League,2020_2021,covid,1,Wolves,Burnley,0,4,A,6,0,Away Win,medium,bad,Molineux,24259.0,0.0,3.0,A
2021-04-25,Serie A,2020_2021,covid,1,Atalanta,Bologna,5,0,H,7,4,Home Win,good,medium,Stadio Atleti Azzurri d'Italia,26562.0,2.0,0.0,H
2021-04-25,Serie A,2020_2021,covid,1,Benevento,Udinese,2,4,A,1,3,Away Win,bad,bad,NA,NA,1.0,2.0,A
2021-04-25,Serie A,2020_2021,covid,1,Cagliari,Roma,3,2,H,6,4,Home Win,medium,medium,Unipol Domus,16233.0,1.0,1.0,D
2021-04-25,Serie A,2020_2021,covid,1,Fiorentina,Juventus,1,1,D,3,6,Draw,bad,medium,Stadio Artemio Franchi,43147.0,1.0,0.0,H
2021-04-25,Serie A,2020_2021,covid,1,Inter,Verona,1,0,H,5,0,Home Win,medium,bad,NA,NA,0.0,0.0,D
2021-04-26,La Liga,2020_2021,covid,1,Eibar,Sociedad,0,1,A,0,4,Away Win,bad,medium,NA,NA,0.0,1.0,A
2021-04-26,Premier League,2020_2021,covid,1,Leicester,Crystal Palace,2,1,H,3,4,Home Win,bad,medium,King Power Stadyumu,32312.0,0.0,1.0,A
2021-04-26,Serie A,2020_2021,covid,1,Lazio,Milan,3,0,H,6,6,Home Win,medium,medium,NA,NA,1.0,0.0,H
2021-04-26,Serie A,2020_2021,covid,1,Torino,Napoli,0,2,A,7,7,Away Win,good,good,Stadio Filadelfia,4000.0,0.0,2.0,A
2021-04-28,La Liga,2020_2021,covid,1,Ath Bilbao,Valladolid,2,2,D,5,2,Draw,medium,bad,NA,NA,1.0,0.0,H
2021-04-29,La Liga,2020_2021,covid,1,Barcelona,Granada,1,2,A,6,6,Away Win,medium,medium,Camp Nou,99354.0,1.0,0.0,H
2021-04-30,La Liga,2020_2021,covid,1,Celta,Levante,2,0,H,4,0,Home Win,medium,bad,NA,NA,0.0,0.0,D
2021-04-30,Ligue 1,2020_2021,covid,1,Marseille,Strasbourg,1,1,D,7,1,Draw,good,bad,Vélodrome Stadyumu,60013.0,0.0,0.0,D
2021-04-30,Premier League,2020_2021,covid,1,Southampton,Leicester,1,1,D,3,6,Draw,bad,medium,St Mary's Stadium,32689.0,0.0,0.0,D
2021-05-01,La Liga,2020_2021,covid,1,Eibar,Alaves,3,0,H,0,7,Home Win,bad,good,NA,NA,1.0,0.0,H
2021-05-01,La Liga,2020_2021,covid,1,Elche,Ath Madrid,0,1,A,4,6,Away Win,medium,medium,NA,NA,0.0,1.0,A
2021-05-01,La Liga,2020_2021,covid,1,Huesca,Sociedad,1,0,H,0,6,Home Win,bad,medium,NA,NA,0.0,0.0,D
2021-05-01,La Liga,2020_2021,covid,1,Real Madrid,Osasuna,2,0,H,5,6,Home Win,medium,medium,Santiago Bernabéu,80354.0,0.0,0.0,D
2021-05-01,Ligue 1,2020_2021,covid,1,Lille,Nice,2,0,H,7,4,Home Win,good,medium,Stade Borne de l'Espoir,50186.0,1.0,0.0,H
2021-05-01,Ligue 1,2020_2021,covid,1,Paris SG,Lens,2,1,H,9,7,Home Win,good,good,NA,NA,1.0,0.0,H
2021-05-01,Premier League,2020_2021,covid,1,Brighton,Leeds,2,0,H,2,5,Home Win,bad,medium,Falmer Stadyumu,22500.0,1.0,0.0,H
2021-05-01,Premier League,2020_2021,covid,1,Chelsea,Fulham,2,0,H,7,1,Home Win,good,bad,Stamford Bridge,42449.0,1.0,0.0,H
2021-05-01,Premier League,2020_2021,covid,1,Crystal Palace,Man City,0,2,A,1,6,Away Win,bad,medium,Selhurst Park,26225.0,0.0,0.0,D
2021-05-01,Premier League,2020_2021,covid,1,Everton,Aston Villa,1,2,A,5,1,Away Win,medium,bad,Goodison Park,40157.0,1.0,1.0,D
2021-05-01,Serie A,2020_2021,covid,1,Crotone,Inter,0,2,A,3,5,Away Win,bad,medium,NA,NA,0.0,0.0,D
2021-05-01,Serie A,2020_2021,covid,1,Milan,Benevento,2,0,H,3,1,Home Win,bad,bad,NA,NA,1.0,0.0,H
2021-05-01,Serie A,2020_2021,covid,1,Verona,Spezia,1,1,D,0,1,Draw,bad,bad,NA,NA,0.0,0.0,D
2021-05-02,La Liga,2020_2021,covid,1,Granada,Cadiz,0,1,A,6,2,Away Win,medium,bad,NA,NA,0.0,1.0,A
2021-05-02,La Liga,2020_2021,covid,1,Valencia,Barcelona,2,3,A,2,6,Away Win,bad,medium,Mestalla,55000.0,0.0,0.0,D
2021-05-02,La Liga,2020_2021,covid,1,Valladolid,Betis,1,1,D,3,3,Draw,bad,bad,José Zorilla,26512.0,0.0,0.0,D
2021-05-02,La Liga,2020_2021,covid,1,Villarreal,Getafe,1,0,H,3,4,Home Win,bad,medium,El Madrigal,26000.0,0.0,0.0,D
2021-05-02,Ligue 1,2020_2021,covid,1,Bordeaux,Rennes,1,0,H,0,9,Home Win,bad,good,NA,NA,1.0,0.0,H
2021-05-02,Ligue 1,2020_2021,covid,1,Brest,Nantes,1,4,A,5,3,Away Win,medium,bad,NA,NA,0.0,2.0,A
2021-05-02,Ligue 1,2020_2021,covid,1,Dijon,Metz,1,5,A,3,1,Away Win,bad,bad,NA,NA,0.0,2.0,A
2021-05-02,Ligue 1,2020_2021,covid,1,Lorient,Angers,2,0,H,3,0,Home Win,bad,bad,NA,NA,1.0,0.0,H
2021-05-02,Ligue 1,2020_2021,covid,1,Monaco,Lyon,2,3,A,9,6,Away Win,good,medium,NA,NA,1.0,0.0,H
2021-05-02,Ligue 1,2020_2021,covid,1,Montpellier,St Etienne,1,2,A,2,3,Away Win,bad,bad,Stade de la Mosson,32939.0,1.0,1.0,D
2021-05-02,Ligue 1,2020_2021,covid,1,Nimes,Reims,2,2,D,2,2,Draw,bad,bad,NA,NA,0.0,1.0,A
2021-05-02,Premier League,2020_2021,covid,1,Newcastle,Arsenal,0,2,A,7,4,Away Win,good,medium,St James' Park,52409.0,0.0,1.0,A
2021-05-02,Premier League,2020_2021,covid,1,Tottenham,Sheffield United,4,0,H,4,3,Home Win,medium,bad,White Hart Lane,36230.0,1.0,0.0,H
2021-05-02,Serie A,2020_2021,covid,1,Bologna,Fiorentina,3,3,D,4,4,Draw,medium,medium,Stadio Renato Dall'Ara,38279.0,1.0,1.0,D
2021-05-02,Serie A,2020_2021,covid,1,Lazio,Genoa,4,3,H,6,4,Home Win,medium,medium,NA,NA,2.0,0.0,H
2021-05-02,Serie A,2020_2021,covid,1,Napoli,Cagliari,1,1,D,7,9,Draw,good,good,Stadio Arturo Collana,12000.0,1.0,0.0,H
2021-05-02,Serie A,2020_2021,covid,1,Sampdoria,Roma,2,0,H,6,1,Home Win,medium,bad,NA,NA,1.0,0.0,H
2021-05-02,Serie A,2020_2021,covid,1,Sassuolo,Atalanta,1,1,D,9,7,Draw,good,good,NA,NA,0.0,1.0,A
2021-05-02,Serie A,2020_2021,covid,1,Udinese,Juventus,1,2,A,6,4,Away Win,medium,medium,Stadio Friuli,25144.0,1.0,0.0,H
2021-05-03,Bundesliga,2020_2021,covid,1,Mainz,Hertha,1,1,D,9,5,Draw,good,medium,NA,NA,1.0,1.0,D
2021-05-03,La Liga,2020_2021,covid,1,Sevilla,Ath Bilbao,0,1,A,9,5,Away Win,good,medium,Ramón Sánchez Pizjuán,48649.0,0.0,0.0,D
2021-05-03,Premier League,2020_2021,covid,1,Burnley,West Ham,1,2,A,3,3,Away Win,bad,bad,NA,NA,1.0,2.0,A
2021-05-03,Premier League,2020_2021,covid,1,West Brom,Wolves,1,1,D,4,6,Draw,medium,medium,NA,NA,0.0,1.0,A
2021-05-03,Serie A,2020_2021,covid,1,Torino,Parma,1,0,H,4,0,Home Win,medium,bad,Stadio Filadelfia,4000.0,0.0,0.0,D
2021-05-06,Bundesliga,2020_2021,covid,1,Hertha,Freiburg,3,0,H,3,4,Home Win,bad,medium,NA,NA,2.0,0.0,H
2021-05-07,Bundesliga,2020_2021,covid,1,Stuttgart,Augsburg,2,1,H,0,1,Home Win,bad,bad,MHPArena,60469.0,1.0,0.0,H
2021-05-07,La Liga,2020_2021,covid,1,Sociedad,Elche,2,0,H,6,4,Home Win,medium,medium,Anoeta,32076.0,0.0,0.0,D
2021-05-07,Ligue 1,2020_2021,covid,1,Lens,Lille,0,3,A,4,7,Away Win,medium,good,Stade Félix Bollaert,41233.0,0.0,2.0,A
2021-05-07,Premier League,2020_2021,covid,1,Leicester,Newcastle,2,4,A,7,4,Away Win,good,medium,King Power Stadyumu,32312.0,0.0,2.0,A
2021-05-08,Bundesliga,2020_2021,covid,1,Bayern Munich,M'gladbach,6,0,H,6,6,Home Win,medium,medium,NA,NA,4.0,0.0,H
2021-05-08,Bundesliga,2020_2021,covid,1,Dortmund,RB Leipzig,3,2,H,9,4,Home Win,good,medium,Signal Iduna Park,81359.0,1.0,0.0,H
2021-05-08,Bundesliga,2020_2021,covid,1,Hoffenheim,Schalke 04,4,2,H,5,3,Home Win,medium,bad,NA,NA,0.0,2.0,A
2021-05-08,Bundesliga,2020_2021,covid,1,Werder Bremen,Leverkusen,0,0,D,0,6,Draw,bad,medium,Weser Stadyumu,42358.0,0.0,0.0,D
2021-05-08,Bundesliga,2020_2021,covid,1,Wolfsburg,Union Berlin,3,0,H,3,6,Home Win,bad,medium,Volkswagen Arena,30000.0,1.0,0.0,H
2021-05-08,La Liga,2020_2021,covid,1,Alaves,Levante,2,2,D,4,0,Draw,medium,bad,Mendizorrotza,19900.0,1.0,2.0,A
2021-05-08,La Liga,2020_2021,covid,1,Ath Bilbao,Osasuna,2,2,D,7,3,Draw,good,bad,NA,NA,1.0,1.0,D
2021-05-08,La Liga,2020_2021,covid,1,Barcelona,Ath Madrid,0,0,D,6,6,Draw,medium,medium,Camp Nou,99354.0,0.0,0.0,D
2021-05-08,La Liga,2020_2021,covid,1,Cadiz,Huesca,2,1,H,4,3,Home Win,medium,bad,NA,NA,2.0,1.0,H
2021-05-08,Ligue 1,2020_2021,covid,1,Lyon,Lorient,4,1,H,6,6,Home Win,medium,medium,Gerland Stadyumu,41044.0,0.0,0.0,D
2021-05-08,Ligue 1,2020_2021,covid,1,Nantes,Bordeaux,3,0,H,6,3,Home Win,medium,bad,Beaujoire Stadyumu,38285.0,1.0,0.0,H
2021-05-08,Premier League,2020_2021,covid,1,Leeds,Tottenham,3,1,H,2,7,Home Win,bad,good,NA,NA,2.0,1.0,H
2021-05-08,Premier League,2020_2021,covid,1,Liverpool,Southampton,2,0,H,5,1,Home Win,medium,bad,Anfield,45276.0,1.0,0.0,H
2021-05-08,Premier League,2020_2021,covid,1,Man City,Chelsea,1,2,A,6,7,Away Win,medium,good,Etihad Stadium,47405.0,1.0,0.0,H
2021-05-08,Premier League,2020_2021,covid,1,Sheffield United,Crystal Palace,0,2,A,3,0,Away Win,bad,bad,NA,NA,0.0,1.0,A
2021-05-08,Serie A,2020_2021,covid,1,Fiorentina,Lazio,2,0,H,5,6,Home Win,medium,medium,Stadio Artemio Franchi,43147.0,1.0,0.0,H
2021-05-08,Serie A,2020_2021,covid,1,Inter,Sampdoria,5,1,H,7,6,Home Win,good,medium,NA,NA,3.0,1.0,H
2021-05-08,Serie A,2020_2021,covid,1,Spezia,Napoli,1,4,A,2,7,Away Win,bad,good,NA,NA,0.0,3.0,A
2021-05-08,Serie A,2020_2021,covid,1,Udinese,Bologna,1,1,D,3,2,Draw,bad,bad,Stadio Friuli,25144.0,1.0,0.0,H
2021-05-09,Bundesliga,2020_2021,covid,1,Ein Frankfurt,Mainz,1,1,D,3,7,Draw,bad,good,Frankfurt Stadyumu,52300.0,0.0,1.0,A
2021-05-09,Bundesliga,2020_2021,covid,1,FC Koln,Freiburg,1,4,A,6,4,Away Win,medium,medium,NA,NA,0.0,2.0,A
2021-05-09,Bundesliga,2020_2021,covid,1,Hertha,Bielefeld,0,0,D,5,4,Draw,medium,medium,NA,NA,0.0,0.0,D
2021-05-09,La Liga,2020_2021,covid,1,Getafe,Eibar,0,1,A,3,3,Away Win,bad,bad,Alfonso Pérez,16000.0,0.0,0.0,D
2021-05-09,La Liga,2020_2021,covid,1,Real Madrid,Sevilla,2,2,D,7,6,Draw,good,medium,Santiago Bernabéu,80354.0,0.0,1.0,A
2021-05-09,La Liga,2020_2021,covid,1,Valencia,Valladolid,3,0,H,1,3,Home Win,bad,bad,Mestalla,55000.0,1.0,0.0,H
2021-05-09,La Liga,2020_2021,covid,1,Villarreal,Celta,2,4,A,3,6,Away Win,bad,medium,El Madrigal,26000.0,1.0,3.0,A
2021-05-09,Ligue 1,2020_2021,covid,1,Angers,Dijon,3,0,H,0,3,Home Win,bad,bad,NA,NA,1.0,0.0,H
2021-05-09,Ligue 1,2020_2021,covid,1,Metz,Nimes,0,3,A,4,2,Away Win,medium,bad,NA,NA,0.0,0.0,D
2021-05-09,Ligue 1,2020_2021,covid,1,Nice,Brest,3,2,H,3,4,Home Win,bad,medium,Grand Stade Nice,35624.0,1.0,2.0,A
2021-05-09,Ligue 1,2020_2021,covid,1,Reims,Monaco,0,1,A,2,6,Away Win,bad,medium,Stade Auguste-Delaune II,21684.0,0.0,1.0,A
2021-05-09,Ligue 1,2020_2021,covid,1,Rennes,Paris SG,1,1,D,6,9,Draw,medium,good,Stade de la Route de Lorient,31127.0,0.0,1.0,A
2021-05-09,Ligue 1,2020_2021,covid,1,St Etienne,Marseille,1,0,H,3,7,Home Win,bad,good,NA,NA,1.0,0.0,H
2021-05-09,Ligue 1,2020_2021,covid,1,Strasbourg,Montpellier,2,3,A,2,1,Away Win,bad,bad,Meinau Stadyumu,29230.0,0.0,1.0,A
2021-05-09,Premier League,2020_2021,covid,1,Arsenal,West Brom,3,1,H,4,2,Home Win,medium,bad,Emirates Stadyumu,60361.0,2.0,0.0,H
2021-05-09,Premier League,2020_2021,covid,1,Aston Villa,Man United,1,3,A,4,7,Away Win,medium,good,Villa Park,42786.0,1.0,0.0,H
2021-05-09,Premier League,2020_2021,covid,1,West Ham,Everton,0,1,A,3,4,Away Win,bad,medium,The Boleyn Ground,35303.0,0.0,1.0,A
2021-05-09,Premier League,2020_2021,covid,1,Wolves,Brighton,2,1,H,4,4,Home Win,medium,medium,Molineux,24259.0,0.0,1.0,A
2021-05-09,Serie A,2020_2021,covid,1,Benevento,Cagliari,1,3,A,1,7,Away Win,bad,good,NA,NA,1.0,1.0,D
2021-05-09,Serie A,2020_2021,covid,1,Genoa,Sassuolo,1,2,A,4,7,Away Win,medium,good,NA,NA,0.0,1.0,A
2021-05-09,Serie A,2020_2021,covid,1,Juventus,Milan,0,3,A,7,3,Away Win,good,bad,Juventus Stadium,41507.0,0.0,1.0,A
2021-05-09,Serie A,2020_2021,covid,1,Parma,Atalanta,2,5,A,0,5,Away Win,bad,medium,Stadio Ennio Tardini,27906.0,0.0,1.0,A
2021-05-09,Serie A,2020_2021,covid,1,Roma,Crotone,5,0,H,1,3,Home Win,bad,bad,Campo Testaccio,20000.0,0.0,0.0,D
2021-05-09,Serie A,2020_2021,covid,1,Verona,Torino,1,1,D,1,4,Draw,bad,medium,NA,NA,0.0,0.0,D
2021-05-10,La Liga,2020_2021,covid,1,Betis,Granada,2,1,H,3,3,Home Win,bad,bad,Benito Villamarín,52745.0,1.0,0.0,H
2021-05-10,Premier League,2020_2021,covid,1,Fulham,Burnley,0,2,A,1,3,Away Win,bad,bad,Craven Cottage,25700.0,0.0,2.0,A
2021-05-11,La Liga,2020_2021,covid,1,Elche,Alaves,0,2,A,3,2,Away Win,bad,bad,NA,NA,0.0,1.0,A
2021-05-11,La Liga,2020_2021,covid,1,Levante,Barcelona,3,3,D,1,4,Draw,bad,medium,NA,NA,0.0,2.0,A
2021-05-11,La Liga,2020_2021,covid,1,Osasuna,Cadiz,3,2,H,1,7,Home Win,bad,good,Reyno de Navarra,19800.0,1.0,0.0,H
2021-05-11,Premier League,2020_2021,covid,1,Man United,Leicester,1,2,A,7,4,Away Win,good,medium,Old Trafford,75653.0,1.0,1.0,D
2021-05-11,Premier League,2020_2021,covid,1,Southampton,Crystal Palace,3,1,H,1,3,Home Win,bad,bad,St Mary's Stadium,32689.0,1.0,1.0,D
2021-05-11,Serie A,2020_2021,covid,1,Napoli,Udinese,5,1,H,7,4,Home Win,good,medium,Stadio Arturo Collana,12000.0,2.0,1.0,H
2021-05-12,Bundesliga,2020_2021,covid,1,Schalke 04,Hertha,1,2,A,0,5,Away Win,bad,medium,NA,NA,1.0,1.0,D
2021-05-12,La Liga,2020_2021,covid,1,Ath Madrid,Sociedad,2,1,H,4,6,Home Win,medium,medium,Vicente Calderón,54851.0,2.0,0.0,H
2021-05-12,La Liga,2020_2021,covid,1,Celta,Getafe,1,0,H,9,3,Home Win,good,bad,NA,NA,1.0,0.0,H
2021-05-12,La Liga,2020_2021,covid,1,Huesca,Ath Bilbao,1,0,H,3,5,Home Win,bad,medium,NA,NA,0.0,0.0,D
2021-05-12,La Liga,2020_2021,covid,1,Sevilla,Valencia,1,0,H,4,4,Home Win,medium,medium,Ramón Sánchez Pizjuán,48649.0,0.0,0.0,D
2021-05-12,Premier League,2020_2021,covid,1,Chelsea,Arsenal,0,1,A,9,6,Away Win,good,medium,Stamford Bridge,42449.0,0.0,1.0,A
2021-05-12,Serie A,2020_2021,covid,1,Atalanta,Benevento,2,0,H,7,0,Home Win,good,bad,Stadio Atleti Azzurri d'Italia,26562.0,1.0,0.0,H
2021-05-12,Serie A,2020_2021,covid,1,Bologna,Genoa,0,2,A,2,3,Away Win,bad,bad,Stadio Renato Dall'Ara,38279.0,0.0,1.0,A
2021-05-12,Serie A,2020_2021,covid,1,Cagliari,Fiorentina,0,0,D,7,5,Draw,good,medium,Unipol Domus,16233.0,0.0,0.0,D
2021-05-12,Serie A,2020_2021,covid,1,Inter,Roma,3,1,H,9,3,Home Win,good,bad,NA,NA,2.0,1.0,H
2021-05-12,Serie A,2020_2021,covid,1,Lazio,Parma,1,0,H,6,0,Home Win,medium,bad,NA,NA,0.0,0.0,D
2021-05-12,Serie A,2020_2021,covid,1,Sampdoria,Spezia,2,2,D,3,1,Draw,bad,bad,NA,NA,1.0,1.0,D
2021-05-12,Serie A,2020_2021,covid,1,Sassuolo,Juventus,1,3,A,7,4,Away Win,good,medium,NA,NA,0.0,2.0,A
2021-05-12,Serie A,2020_2021,covid,1,Torino,Milan,0,7,A,4,6,Away Win,medium,medium,Stadio Filadelfia,4000.0,0.0,2.0,A
2021-05-13,La Liga,2020_2021,covid,1,Eibar,Betis,1,1,D,6,5,Draw,medium,medium,NA,NA,0.0,1.0,A
2021-05-13,La Liga,2020_2021,covid,1,Granada,Real Madrid,1,4,A,3,5,Away Win,bad,medium,NA,NA,0.0,2.0,A
2021-05-13,La Liga,2020_2021,covid,1,Valladolid,Villarreal,0,2,A,2,3,Away Win,bad,bad,José Zorilla,26512.0,0.0,0.0,D
2021-05-13,Premier League,2020_2021,covid,1,Aston Villa,Everton,0,0,D,4,6,Draw,medium,medium,Villa Park,42786.0,0.0,0.0,D
2021-05-13,Premier League,2020_2021,covid,1,Man United,Liverpool,2,4,A,4,5,Away Win,medium,medium,Old Trafford,75653.0,1.0,2.0,A
2021-05-13,Serie A,2020_2021,covid,1,Crotone,Verona,2,1,H,3,2,Home Win,bad,bad,NA,NA,1.0,0.0,H
2021-05-14,Premier League,2020_2021,covid,1,Newcastle,Man City,3,4,A,4,6,Away Win,medium,medium,St James' Park,52409.0,2.0,2.0,D
2021-05-15,Bundesliga,2020_2021,covid,1,Augsburg,Werder Bremen,2,0,H,0,1,Home Win,bad,bad,Impuls Arena,30660.0,0.0,0.0,D
2021-05-15,Bundesliga,2020_2021,covid,1,Bielefeld,Hoffenheim,1,1,D,4,7,Draw,medium,good,NA,NA,1.0,1.0,D
2021-05-15,Bundesliga,2020_2021,covid,1,Freiburg,Bayern Munich,2,2,D,4,6,Draw,medium,medium,Kara Orman Stadyumu,24036.0,1.0,1.0,D
2021-05-15,Bundesliga,2020_2021,covid,1,Hertha,FC Koln,0,0,D,7,6,Draw,good,medium,NA,NA,0.0,0.0,D
2021-05-15,Bundesliga,2020_2021,covid,1,Leverkusen,Union Berlin,1,1,D,4,3,Draw,medium,bad,NA,NA,1.0,0.0,H
2021-05-15,Bundesliga,2020_2021,covid,1,M'gladbach,Stuttgart,1,2,A,3,3,Away Win,bad,bad,Stadion im Borussia-Park,54067.0,1.0,0.0,H
2021-05-15,Bundesliga,2020_2021,covid,1,Schalke 04,Ein Frankfurt,4,3,H,0,4,Home Win,bad,medium,NA,NA,1.0,1.0,D
2021-05-15,Premier League,2020_2021,covid,1,Brighton,West Ham,1,1,D,3,3,Draw,bad,bad,Falmer Stadyumu,22500.0,0.0,0.0,D
2021-05-15,Premier League,2020_2021,covid,1,Burnley,Leeds,0,4,A,6,4,Away Win,medium,medium,NA,NA,0.0,1.0,A
2021-05-15,Premier League,2020_2021,covid,1,Southampton,Fulham,3,1,H,4,1,Home Win,medium,bad,St Mary's Stadium,32689.0,1.0,0.0,H
2021-05-15,Serie A,2020_2021,covid,1,Genoa,Atalanta,3,4,A,3,7,Away Win,bad,good,NA,NA,0.0,3.0,A
2021-05-15,Serie A,2020_2021,covid,1,Juventus,Inter,3,2,H,6,9,Home Win,medium,good,Juventus Stadium,41507.0,2.0,1.0,H
2021-05-15,Serie A,2020_2021,covid,1,Roma,Lazio,2,0,H,3,6,Home Win,bad,medium,Campo Testaccio,20000.0,1.0,0.0,H
2021-05-15,Serie A,2020_2021,covid,1,Spezia,Torino,4,1,H,2,4,Home Win,bad,medium,NA,NA,2.0,0.0,H
2021-05-16,Bundesliga,2020_2021,covid,1,Mainz,Dortmund,1,3,A,5,9,Away Win,medium,good,NA,NA,0.0,2.0,A
2021-05-16,Bundesliga,2020_2021,covid,1,RB Leipzig,Wolfsburg,2,2,D,3,6,Draw,bad,medium,Red Bull Arena,44345.0,0.0,2.0,A
2021-05-16,La Liga,2020_2021,covid,1,Alaves,Granada,4,2,H,4,0,Home Win,medium,bad,Mendizorrotza,19900.0,2.0,1.0,H
2021-05-16,La Liga,2020_2021,covid,1,Ath Bilbao,Real Madrid,0,1,A,4,7,Away Win,medium,good,NA,NA,0.0,0.0,D
2021-05-16,La Liga,2020_2021,covid,1,Ath Madrid,Osasuna,2,1,H,7,4,Home Win,good,medium,Vicente Calderón,54851.0,0.0,0.0,D
2021-05-16,La Liga,2020_2021,covid,1,Barcelona,Celta,1,2,A,5,9,Away Win,medium,good,Camp Nou,99354.0,1.0,1.0,D
2021-05-16,La Liga,2020_2021,covid,1,Betis,Huesca,1,0,H,5,6,Home Win,medium,medium,Benito Villamarín,52745.0,0.0,0.0,D
2021-05-16,La Liga,2020_2021,covid,1,Cadiz,Elche,1,3,A,6,0,Away Win,medium,bad,NA,NA,1.0,0.0,H
2021-05-16,La Liga,2020_2021,covid,1,Getafe,Levante,2,1,H,0,2,Home Win,bad,bad,Alfonso Pérez,16000.0,1.0,1.0,D
2021-05-16,La Liga,2020_2021,covid,1,Sociedad,Valladolid,4,1,H,3,1,Home Win,bad,bad,Anoeta,32076.0,4.0,0.0,H
2021-05-16,La Liga,2020_2021,covid,1,Valencia,Eibar,4,1,H,3,7,Home Win,bad,good,Mestalla,55000.0,3.0,1.0,H
2021-05-16,La Liga,2020_2021,covid,1,Villarreal,Sevilla,4,0,H,6,4,Home Win,medium,medium,El Madrigal,26000.0,1.0,0.0,H
2021-05-16,Ligue 1,2020_2021,covid,1,Bordeaux,Lens,3,0,H,3,3,Home Win,bad,bad,NA,NA,1.0,0.0,H
2021-05-16,Ligue 1,2020_2021,covid,1,Dijon,Nantes,0,4,A,0,9,Away Win,bad,good,NA,NA,0.0,2.0,A
2021-05-16,Ligue 1,2020_2021,covid,1,Lille,St Etienne,0,0,D,9,6,Draw,good,medium,Stade Borne de l'Espoir,50186.0,0.0,0.0,D
2021-05-16,Ligue 1,2020_2021,covid,1,Lorient,Metz,2,1,H,6,3,Home Win,medium,bad,NA,NA,1.0,0.0,H
2021-05-16,Ligue 1,2020_2021,covid,1,Marseille,Angers,3,2,H,4,3,Home Win,medium,bad,Vélodrome Stadyumu,60013.0,1.0,0.0,H
2021-05-16,Ligue 1,2020_2021,covid,1,Monaco,Rennes,2,1,H,6,4,Home Win,medium,medium,NA,NA,2.0,0.0,H
2021-05-16,Ligue 1,2020_2021,covid,1,Montpellier,Brest,0,0,D,3,3,Draw,bad,bad,Stade de la Mosson,32939.0,0.0,0.0,D
2021-05-16,Ligue 1,2020_2021,covid,1,Nice,Strasbourg,0,2,A,6,1,Away Win,medium,bad,Grand Stade Nice,35624.0,0.0,1.0,A
2021-05-16,Ligue 1,2020_2021,covid,1,Nimes,Lyon,2,5,A,4,6,Away Win,medium,medium,NA,NA,1.0,3.0,A
2021-05-16,Ligue 1,2020_2021,covid,1,Paris SG,Reims,4,0,H,7,1,Home Win,good,bad,NA,NA,2.0,0.0,H
2021-05-16,Premier League,2020_2021,covid,1,Crystal Palace,Aston Villa,3,2,H,3,4,Home Win,bad,medium,Selhurst Park,26225.0,1.0,2.0,A
2021-05-16,Premier League,2020_2021,covid,1,Everton,Sheffield United,0,1,A,4,3,Away Win,medium,bad,Goodison Park,40157.0,0.0,1.0,A
2021-05-16,Premier League,2020_2021,covid,1,Tottenham,Wolves,2,0,H,6,4,Home Win,medium,medium,White Hart Lane,36230.0,1.0,0.0,H
2021-05-16,Premier League,2020_2021,covid,1,West Brom,Liverpool,1,2,A,2,7,Away Win,bad,good,NA,NA,1.0,1.0,D
2021-05-16,Serie A,2020_2021,covid,1,Benevento,Crotone,1,1,D,0,3,Draw,bad,bad,NA,NA,1.0,0.0,H
2021-05-16,Serie A,2020_2021,covid,1,Fiorentina,Napoli,0,2,A,5,7,Away Win,medium,good,Stadio Artemio Franchi,43147.0,0.0,0.0,D
2021-05-16,Serie A,2020_2021,covid,1,Milan,Cagliari,0,0,D,9,5,Draw,good,medium,NA,NA,0.0,0.0,D
2021-05-16,Serie A,2020_2021,covid,1,Parma,Sassuolo,1,3,A,0,4,Away Win,bad,medium,Stadio Ennio Tardini,27906.0,1.0,1.0,D
2021-05-16,Serie A,2020_2021,covid,1,Udinese,Sampdoria,0,1,A,1,4,Away Win,bad,medium,Stadio Friuli,25144.0,0.0,0.0,D
2021-05-17,Serie A,2020_2021,covid,1,Verona,Bologna,2,2,D,2,2,Draw,bad,bad,NA,NA,1.0,1.0,D
2021-05-18,Premier League,2020_2021,covid,1,Brighton,Man City,3,2,H,4,6,Home Win,medium,medium,Falmer Stadyumu,22500.0,0.0,1.0,A
2021-05-18,Premier League,2020_2021,covid,1,Chelsea,Leicester,2,1,H,6,4,Home Win,medium,medium,Stamford Bridge,42449.0,0.0,0.0,D
2021-05-18,Premier League,2020_2021,covid,1,Man United,Fulham,1,1,D,3,0,Draw,bad,bad,Old Trafford,75653.0,1.0,0.0,H
2021-05-18,Premier League,2020_2021,covid,1,Southampton,Leeds,0,2,A,6,6,Away Win,medium,medium,St Mary's Stadium,32689.0,0.0,0.0,D
2021-05-18,Serie A,2020_2021,covid,1,Lazio,Torino,0,0,D,3,1,Draw,bad,bad,NA,NA,0.0,0.0,D
2021-05-19,Premier League,2020_2021,covid,1,Burnley,Liverpool,0,3,A,3,9,Away Win,bad,good,NA,NA,0.0,1.0,A
2021-05-19,Premier League,2020_2021,covid,1,Crystal Palace,Arsenal,1,3,A,6,9,Away Win,medium,good,Selhurst Park,26225.0,0.0,1.0,A
2021-05-19,Premier League,2020_2021,covid,1,Everton,Wolves,1,0,H,4,4,Home Win,medium,medium,Goodison Park,40157.0,0.0,0.0,D
2021-05-19,Premier League,2020_2021,covid,1,Newcastle,Sheffield United,1,0,H,3,3,Home Win,bad,bad,St James' Park,52409.0,1.0,0.0,H
2021-05-19,Premier League,2020_2021,covid,1,Tottenham,Aston Villa,1,2,A,6,1,Away Win,medium,bad,White Hart Lane,36230.0,1.0,2.0,A
2021-05-19,Premier League,2020_2021,covid,1,West Brom,West Ham,1,3,A,1,4,Away Win,bad,medium,NA,NA,1.0,1.0,D
2021-05-21,La Liga,2020_2021,covid,1,Levante,Cadiz,2,2,D,2,3,Draw,bad,bad,NA,NA,1.0,2.0,A
2021-05-22,Bundesliga,2020_2021,covid,1,Bayern Munich,Augsburg,5,2,H,4,3,Home Win,medium,bad,NA,NA,4.0,0.0,H
2021-05-22,Bundesliga,2020_2021,covid,1,Dortmund,Leverkusen,3,1,H,9,5,Home Win,good,medium,Signal Iduna Park,81359.0,1.0,0.0,H
2021-05-22,Bundesliga,2020_2021,covid,1,Ein Frankfurt,Freiburg,3,1,H,1,4,Home Win,bad,medium,Frankfurt Stadyumu,52300.0,0.0,0.0,D
2021-05-22,Bundesliga,2020_2021,covid,1,FC Koln,Schalke 04,1,0,H,4,3,Home Win,medium,bad,NA,NA,0.0,0.0,D
2021-05-22,Bundesliga,2020_2021,covid,1,Hoffenheim,Hertha,2,1,H,5,5,Home Win,medium,medium,NA,NA,0.0,1.0,A
2021-05-22,Bundesliga,2020_2021,covid,1,Stuttgart,Bielefeld,0,2,A,6,2,Away Win,medium,bad,MHPArena,60469.0,0.0,0.0,D
2021-05-22,Bundesliga,2020_2021,covid,1,Union Berlin,RB Leipzig,2,1,H,4,4,Home Win,medium,medium,Stadion An der Alten Försterei,22012.0,0.0,0.0,D
2021-05-22,Bundesliga,2020_2021,covid,1,Werder Bremen,M'gladbach,2,4,A,1,3,Away Win,bad,bad,Weser Stadyumu,42358.0,0.0,1.0,A
2021-05-22,Bundesliga,2020_2021,covid,1,Wolfsburg,Mainz,2,3,A,4,2,Away Win,medium,bad,Volkswagen Arena,30000.0,0.0,1.0,A
2021-05-22,La Liga,2020_2021,covid,1,Celta,Betis,2,3,A,9,7,Away Win,good,good,NA,NA,1.0,0.0,H
2021-05-22,La Liga,2020_2021,covid,1,Eibar,Barcelona,0,1,A,4,2,Away Win,medium,bad,NA,NA,0.0,0.0,D
2021-05-22,La Liga,2020_2021,covid,1,Elche,Ath Bilbao,2,0,H,3,1,Home Win,bad,bad,NA,NA,1.0,0.0,H
2021-05-22,La Liga,2020_2021,covid,1,Huesca,Valencia,0,0,D,3,6,Draw,bad,medium,NA,NA,0.0,0.0,D
2021-05-22,La Liga,2020_2021,covid,1,Osasuna,Sociedad,0,1,A,4,6,Away Win,medium,medium,Reyno de Navarra,19800.0,0.0,0.0,D
2021-05-22,La Liga,2020_2021,covid,1,Real Madrid,Villarreal,2,1,H,7,6,Home Win,good,medium,Santiago Bernabéu,80354.0,0.0,1.0,A
2021-05-22,La Liga,2020_2021,covid,1,Valladolid,Ath Madrid,1,2,A,0,7,Away Win,bad,good,José Zorilla,26512.0,1.0,0.0,H
2021-05-22,Serie A,2020_2021,covid,1,Cagliari,Genoa,0,1,A,5,3,Away Win,medium,bad,Unipol Domus,16233.0,0.0,1.0,A
2021-05-22,Serie A,2020_2021,covid,1,Crotone,Fiorentina,0,0,D,4,4,Draw,medium,medium,NA,NA,0.0,0.0,D
2021-05-22,Serie A,2020_2021,covid,1,Sampdoria,Parma,3,0,H,4,0,Home Win,medium,bad,NA,NA,2.0,0.0,H
2021-05-23,La Liga,2020_2021,covid,1,Granada,Getafe,0,0,D,0,3,Draw,bad,bad,NA,NA,0.0,0.0,D
2021-05-23,La Liga,2020_2021,covid,1,Sevilla,Alaves,1,0,H,4,7,Home Win,medium,good,Ramón Sánchez Pizjuán,48649.0,0.0,0.0,D
2021-05-23,Ligue 1,2020_2021,covid,1,Angers,Lille,1,2,A,3,7,Away Win,bad,good,NA,NA,0.0,2.0,A
2021-05-23,Ligue 1,2020_2021,covid,1,Brest,Paris SG,0,2,A,1,7,Away Win,bad,good,NA,NA,0.0,1.0,A
2021-05-23,Ligue 1,2020_2021,covid,1,Lens,Monaco,0,0,D,0,6,Draw,bad,medium,Stade Félix Bollaert,41233.0,0.0,0.0,D
2021-05-23,Ligue 1,2020_2021,covid,1,Lyon,Nice,2,3,A,9,3,Away Win,good,bad,Gerland Stadyumu,41044.0,2.0,1.0,H
2021-05-23,Ligue 1,2020_2021,covid,1,Metz,Marseille,1,1,D,3,4,Draw,bad,medium,NA,NA,0.0,0.0,D
2021-05-23,Ligue 1,2020_2021,covid,1,Nantes,Montpellier,1,2,A,9,4,Away Win,good,medium,Beaujoire Stadyumu,38285.0,1.0,1.0,D
2021-05-23,Ligue 1,2020_2021,covid,1,Reims,Bordeaux,1,2,A,1,6,Away Win,bad,medium,Stade Auguste-Delaune II,21684.0,1.0,1.0,D
2021-05-23,Ligue 1,2020_2021,covid,1,Rennes,Nimes,2,0,H,1,4,Home Win,bad,medium,Stade de la Route de Lorient,31127.0,1.0,0.0,H
2021-05-23,Ligue 1,2020_2021,covid,1,St Etienne,Dijon,0,1,A,7,0,Away Win,good,bad,NA,NA,0.0,1.0,A
2021-05-23,Ligue 1,2020_2021,covid,1,Strasbourg,Lorient,1,1,D,4,6,Draw,medium,medium,Meinau Stadyumu,29230.0,1.0,0.0,H
2021-05-23,Premier League,2020_2021,covid,1,Arsenal,Brighton,2,0,H,9,4,Home Win,good,medium,Emirates Stadyumu,60361.0,0.0,0.0,D
2021-05-23,Premier League,2020_2021,covid,1,Aston Villa,Chelsea,2,1,H,4,6,Home Win,medium,medium,Villa Park,42786.0,1.0,0.0,H
2021-05-23,Premier League,2020_2021,covid,1,Fulham,Newcastle,0,2,A,1,6,Away Win,bad,medium,Craven Cottage,25700.0,0.0,1.0,A
2021-05-23,Premier League,2020_2021,covid,1,Leeds,West Brom,3,1,H,9,0,Home Win,good,bad,NA,NA,2.0,0.0,H
2021-05-23,Premier League,2020_2021,covid,1,Leicester,Tottenham,2,4,A,3,3,Away Win,bad,bad,King Power Stadyumu,32312.0,1.0,1.0,D
2021-05-23,Premier League,2020_2021,covid,1,Liverpool,Crystal Palace,2,0,H,9,3,Home Win,good,bad,Anfield,45276.0,1.0,0.0,H
2021-05-23,Premier League,2020_2021,covid,1,Man City,Everton,5,0,H,3,4,Home Win,bad,medium,Etihad Stadium,47405.0,2.0,0.0,H
2021-05-23,Premier League,2020_2021,covid,1,Sheffield United,Burnley,1,0,H,3,3,Home Win,bad,bad,NA,NA,1.0,0.0,H
2021-05-23,Premier League,2020_2021,covid,1,West Ham,Southampton,3,0,H,4,6,Home Win,medium,medium,The Boleyn Ground,35303.0,2.0,0.0,H
2021-05-23,Premier League,2020_2021,covid,1,Wolves,Man United,1,2,A,3,1,Away Win,bad,bad,Molineux,24259.0,1.0,2.0,A
2021-05-23,Serie A,2020_2021,covid,1,Atalanta,Milan,0,2,A,9,7,Away Win,good,good,Stadio Atleti Azzurri d'Italia,26562.0,0.0,1.0,A
2021-05-23,Serie A,2020_2021,covid,1,Bologna,Juventus,1,4,A,2,6,Away Win,bad,medium,Stadio Renato Dall'Ara,38279.0,0.0,3.0,A
2021-05-23,Serie A,2020_2021,covid,1,Inter,Udinese,5,1,H,6,1,Home Win,medium,bad,NA,NA,2.0,0.0,H
2021-05-23,Serie A,2020_2021,covid,1,Napoli,Verona,1,1,D,9,2,Draw,good,bad,Stadio Arturo Collana,12000.0,0.0,0.0,D
2021-05-23,Serie A,2020_2021,covid,1,Sassuolo,Lazio,2,0,H,6,4,Home Win,medium,medium,NA,NA,1.0,0.0,H
2021-05-23,Serie A,2020_2021,covid,1,Spezia,Roma,2,2,D,4,6,Draw,medium,medium,NA,NA,2.0,0.0,H
2021-05-23,Serie A,2020_2021,covid,1,Torino,Benevento,1,1,D,1,1,Draw,bad,bad,Stadio Filadelfia,4000.0,1.0,0.0,H
2024-08-15,La Liga,2024_2025,normal,0,Ath Bilbao,Getafe,1,1,D,0,0,Draw,bad,bad,NA,NA,1.0,0.0,H
2024-08-15,La Liga,2024_2025,normal,0,Betis,Girona,1,1,D,0,0,Draw,bad,bad,Benito Villamarín,52745.0,1.0,0.0,H
2024-08-16,La Liga,2024_2025,normal,0,Celta,Alaves,2,1,H,0,0,Home Win,bad,bad,NA,NA,0.0,1.0,A
2024-08-16,La Liga,2024_2025,normal,0,Las Palmas,Sevilla,2,2,D,0,0,Draw,bad,bad,Gran Canaria,32520.0,1.0,1.0,D
2024-08-16,Ligue 1,2024_2025,normal,0,Le Havre,Paris SG,1,4,A,0,0,Away Win,bad,bad,NA,NA,0.0,1.0,A
2024-08-16,Premier League,2024_2025,normal,0,Man United,Fulham,1,0,H,0,0,Home Win,bad,bad,Old Trafford,75653.0,0.0,0.0,D
2024-08-17,La Liga,2024_2025,normal,0,Osasuna,Leganes,1,1,D,0,0,Draw,bad,bad,Reyno de Navarra,19800.0,0.0,1.0,A
2024-08-17,La Liga,2024_2025,normal,0,Valencia,Barcelona,1,2,A,0,0,Away Win,bad,bad,Mestalla,55000.0,1.0,1.0,D
2024-08-17,Ligue 1,2024_2025,normal,0,Brest,Marseille,1,5,A,0,0,Away Win,bad,bad,NA,NA,1.0,3.0,A
2024-08-17,Ligue 1,2024_2025,normal,0,Monaco,St Etienne,1,0,H,0,0,Home Win,bad,bad,NA,NA,1.0,0.0,H
2024-08-17,Ligue 1,2024_2025,normal,0,Reims,Lille,0,2,A,0,0,Away Win,bad,bad,Stade Auguste-Delaune II,21684.0,0.0,1.0,A
2024-08-17,Premier League,2024_2025,normal,0,Arsenal,Wolves,2,0,H,0,0,Home Win,bad,bad,Emirates Stadyumu,60361.0,1.0,0.0,H
2024-08-17,Premier League,2024_2025,normal,0,Everton,Brighton,0,3,A,0,0,Away Win,bad,bad,Goodison Park,40157.0,0.0,1.0,A
2024-08-17,Premier League,2024_2025,normal,0,Ipswich,Liverpool,0,2,A,0,0,Away Win,bad,bad,Portman Road,30311.0,0.0,0.0,D
2024-08-17,Premier League,2024_2025,normal,0,Newcastle,Southampton,1,0,H,0,0,Home Win,bad,bad,St James' Park,52409.0,1.0,0.0,H
2024-08-17,Premier League,2024_2025,normal,0,Nott'm Forest,Bournemouth,1,1,D,0,0,Draw,bad,bad,City Ground,30576.0,1.0,0.0,H
2024-08-17,Premier League,2024_2025,normal,0,West Ham,Aston Villa,1,2,A,0,0,Away Win,bad,bad,The Boleyn Ground,35303.0,1.0,1.0,D
2024-08-17,Serie A,2024_2025,normal,0,Empoli,Monza,0,0,D,0,0,Draw,bad,bad,Stadio Carlo Castellani,21092.0,0.0,0.0,D
2024-08-17,Serie A,2024_2025,normal,0,Genoa,Inter,2,2,D,0,0,Draw,bad,bad,NA,NA,1.0,1.0,D
2024-08-17,Serie A,2024_2025,normal,0,Milan,Torino,2,2,D,0,0,Draw,bad,bad,NA,NA,0.0,1.0,A
2024-08-17,Serie A,2024_2025,normal,0,Parma,Fiorentina,1,1,D,0,0,Draw,bad,bad,Stadio Ennio Tardini,27906.0,1.0,0.0,H
2024-08-18,La Liga,2024_2025,normal,0,Mallorca,Real Madrid,1,1,D,0,0,Draw,bad,bad,Son Moix Stadyumu,23142.0,0.0,1.0,A
2024-08-18,La Liga,2024_2025,normal,0,Sociedad,Vallecano,1,2,A,0,0,Away Win,bad,bad,Anoeta,32076.0,0.0,0.0,D
2024-08-18,Ligue 1,2024_2025,normal,0,Angers,Lens,0,1,A,0,0,Away Win,bad,bad,NA,NA,0.0,1.0,A
2024-08-18,Ligue 1,2024_2025,normal,0,Auxerre,Nice,2,1,H,0,0,Home Win,bad,bad,Stade de l'Abbé-Deschamps,23467.0,1.0,1.0,D
2024-08-18,Ligue 1,2024_2025,normal,0,Montpellier,Strasbourg,1,1,D,0,0,Draw,bad,bad,Stade de la Mosson,32939.0,0.0,0.0,D
2024-08-18,Ligue 1,2024_2025,normal,0,Rennes,Lyon,3,0,H,0,0,Home Win,bad,bad,Stade de la Route de Lorient,31127.0,2.0,0.0,H
2024-08-18,Ligue 1,2024_2025,normal,0,Toulouse,Nantes,0,0,D,0,0,Draw,bad,bad,Belediye Stadyumu (Toulouse),35575.0,0.0,0.0,D
2024-08-18,Premier League,2024_2025,normal,0,Brentford,Crystal Palace,2,1,H,0,0,Home Win,bad,bad,Griffin Park,12763.0,1.0,0.0,H
2024-08-18,Premier League,2024_2025,normal,0,Chelsea,Man City,0,2,A,0,0,Away Win,bad,bad,Stamford Bridge,42449.0,0.0,1.0,A
2024-08-18,Serie A,2024_2025,normal,0,Bologna,Udinese,1,1,D,0,0,Draw,bad,bad,Stadio Renato Dall'Ara,38279.0,0.0,0.0,D
2024-08-18,Serie A,2024_2025,normal,0,Cagliari,Roma,0,0,D,0,0,Draw,bad,bad,Unipol Domus,16233.0,0.0,0.0,D
2024-08-18,Serie A,2024_2025,normal,0,Lazio,Venezia,3,1,H,0,0,Home Win,bad,bad,NA,NA,2.0,1.0,H
2024-08-18,Serie A,2024_2025,normal,0,Verona,Napoli,3,0,H,0,0,Home Win,bad,bad,NA,NA,0.0,0.0,D
2024-08-19,La Liga,2024_2025,normal,0,Valladolid,Espanol,1,0,H,0,0,Home Win,bad,bad,José Zorilla,26512.0,1.0,0.0,H
2024-08-19,La Liga,2024_2025,normal,0,Villarreal,Ath Madrid,2,2,D,0,0,Draw,bad,bad,El Madrigal,26000.0,2.0,2.0,D
2024-08-19,Premier League,2024_2025,normal,0,Leicester,Tottenham,1,1,D,0,0,Draw,bad,bad,King Power Stadyumu,32312.0,0.0,1.0,A
2024-08-19,Serie A,2024_2025,normal,0,Juventus,Como,3,0,H,0,0,Home Win,bad,bad,Juventus Stadium,41507.0,2.0,0.0,H
2024-08-19,Serie A,2024_2025,normal,0,Lecce,Atalanta,0,4,A,0,0,Away Win,bad,bad,Stadio Via del Mare,40670.0,0.0,2.0,A
2024-08-23,Bundesliga,2024_2025,normal,0,M'gladbach,Leverkusen,2,3,A,0,0,Away Win,bad,bad,Stadion im Borussia-Park,54067.0,0.0,2.0,A
2024-08-23,La Liga,2024_2025,normal,0,Celta,Valencia,3,1,H,3,0,Home Win,bad,bad,NA,NA,2.0,1.0,H
2024-08-23,La Liga,2024_2025,normal,0,Sevilla,Villarreal,1,2,A,1,1,Away Win,bad,bad,Ramón Sánchez Pizjuán,48649.0,1.0,1.0,D
2024-08-23,Ligue 1,2024_2025,normal,0,Paris SG,Montpellier,6,0,H,3,1,Home Win,bad,bad,NA,NA,2.0,0.0,H
2024-08-24,Bundesliga,2024_2025,normal,0,Augsburg,Werder Bremen,2,2,D,0,0,Draw,bad,bad,Impuls Arena,30660.0,2.0,1.0,H
2024-08-24,Bundesliga,2024_2025,normal,0,Dortmund,Ein Frankfurt,2,0,H,0,0,Home Win,bad,bad,Signal Iduna Park,81359.0,0.0,0.0,D
2024-08-24,Bundesliga,2024_2025,normal,0,Freiburg,Stuttgart,3,1,H,0,0,Home Win,bad,bad,Kara Orman Stadyumu,24036.0,1.0,1.0,D
2024-08-24,Bundesliga,2024_2025,normal,0,Hoffenheim,Holstein Kiel,3,2,H,0,0,Home Win,bad,bad,NA,NA,2.0,0.0,H
2024-08-24,Bundesliga,2024_2025,normal,0,Mainz,Union Berlin,1,1,D,0,0,Draw,bad,bad,NA,NA,0.0,0.0,D
2024-08-24,Bundesliga,2024_2025,normal,0,RB Leipzig,Bochum,1,0,H,0,0,Home Win,bad,bad,Red Bull Arena,44345.0,0.0,0.0,D
2024-08-24,La Liga,2024_2025,normal,0,Barcelona,Ath Bilbao,2,1,H,3,1,Home Win,bad,bad,Camp Nou,99354.0,1.0,1.0,D
2024-08-24,La Liga,2024_2025,normal,0,Espanol,Sociedad,0,1,A,0,0,Away Win,bad,bad,NA,NA,0.0,0.0,D
2024-08-24,La Liga,2024_2025,normal,0,Getafe,Vallecano,0,0,D,1,3,Draw,bad,bad,Alfonso Pérez,16000.0,0.0,0.0,D
2024-08-24,La Liga,2024_2025,normal,0,Osasuna,Mallorca,1,0,H,1,1,Home Win,bad,bad,Reyno de Navarra,19800.0,0.0,0.0,D
2024-08-24,Ligue 1,2024_2025,normal,0,Lille,Angers,2,0,H,3,0,Home Win,bad,bad,Stade Borne de l'Espoir,50186.0,1.0,0.0,H
2024-08-24,Ligue 1,2024_2025,normal,0,Lyon,Monaco,0,2,A,0,3,Away Win,bad,bad,Gerland Stadyumu,41044.0,0.0,0.0,D
2024-08-24,Ligue 1,2024_2025,normal,0,St Etienne,Le Havre,0,2,A,0,0,Away Win,bad,bad,NA,NA,0.0,0.0,D
2024-08-24,Premier League,2024_2025,normal,0,Aston Villa,Arsenal,0,2,A,3,3,Away Win,bad,bad,Villa Park,42786.0,0.0,0.0,D
2024-08-24,Premier League,2024_2025,normal,0,Brighton,Man United,2,1,H,3,3,Home Win,bad,bad,Falmer Stadyumu,22500.0,1.0,0.0,H
2024-08-24,Premier League,2024_2025,normal,0,Crystal Palace,West Ham,0,2,A,0,0,Away Win,bad,bad,Selhurst Park,26225.0,0.0,0.0,D
2024-08-24,Premier League,2024_2025,normal,0,Fulham,Leicester,2,1,H,0,1,Home Win,bad,bad,Craven Cottage,25700.0,1.0,1.0,D
2024-08-24,Premier League,2024_2025,normal,0,Man City,Ipswich,4,1,H,3,0,Home Win,bad,bad,Etihad Stadium,47405.0,3.0,1.0,H
2024-08-24,Premier League,2024_2025,normal,0,Southampton,Nott'm Forest,0,1,A,0,1,Away Win,bad,bad,St Mary's Stadium,32689.0,0.0,0.0,D
2024-08-24,Premier League,2024_2025,normal,0,Tottenham,Everton,4,0,H,1,0,Home Win,bad,bad,White Hart Lane,36230.0,2.0,0.0,H
2024-08-24,Serie A,2024_2025,normal,0,Inter,Lecce,2,0,H,1,0,Home Win,bad,bad,NA,NA,1.0,0.0,H
2024-08-24,Serie A,2024_2025,normal,0,Monza,Genoa,0,1,A,1,1,Away Win,bad,bad,Stadio Brianteo,15039.0,0.0,1.0,A
2024-08-24,Serie A,2024_2025,normal,0,Parma,Milan,2,1,H,1,1,Home Win,bad,bad,Stadio Ennio Tardini,27906.0,1.0,0.0,H
2024-08-24,Serie A,2024_2025,normal,0,Udinese,Lazio,2,1,H,1,3,Home Win,bad,bad,Stadio Friuli,25144.0,1.0,0.0,H
2024-08-25,Bundesliga,2024_2025,normal,0,St Pauli,Heidenheim,0,2,A,0,0,Away Win,bad,bad,NA,NA,0.0,0.0,D
2024-08-25,Bundesliga,2024_2025,normal,0,Wolfsburg,Bayern Munich,2,3,A,0,0,Away Win,bad,bad,Volkswagen Arena,30000.0,0.0,1.0,A
2024-08-25,La Liga,2024_2025,normal,0,Alaves,Betis,0,0,D,0,1,Draw,bad,bad,Mendizorrotza,19900.0,0.0,0.0,D
2024-08-25,La Liga,2024_2025,normal,0,Ath Madrid,Girona,3,0,H,1,1,Home Win,bad,bad,Vicente Calderón,54851.0,1.0,0.0,H
2024-08-25,La Liga,2024_2025,normal,0,Leganes,Las Palmas,2,1,H,1,1,Home Win,bad,bad,NA,NA,0.0,0.0,D
2024-08-25,La Liga,2024_2025,normal,0,Real Madrid,Valladolid,3,0,H,1,3,Home Win,bad,bad,Santiago Bernabéu,80354.0,0.0,0.0,D
2024-08-25,Ligue 1,2024_2025,normal,0,Lens,Brest,2,0,H,3,0,Home Win,bad,bad,Stade Félix Bollaert,41233.0,2.0,0.0,H
2024-08-25,Ligue 1,2024_2025,normal,0,Marseille,Reims,2,2,D,3,0,Draw,bad,bad,Vélodrome Stadyumu,60013.0,1.0,0.0,H
2024-08-25,Ligue 1,2024_2025,normal,0,Nantes,Auxerre,2,0,H,1,3,Home Win,bad,bad,Beaujoire Stadyumu,38285.0,1.0,0.0,H
2024-08-25,Ligue 1,2024_2025,normal,0,Nice,Toulouse,1,1,D,0,1,Draw,bad,bad,Grand Stade Nice,35624.0,0.0,0.0,D
2024-08-25,Ligue 1,2024_2025,normal,0,Strasbourg,Rennes,3,1,H,1,3,Home Win,bad,bad,Meinau Stadyumu,29230.0,1.0,0.0,H
2024-08-25,Premier League,2024_2025,normal,0,Bournemouth,Newcastle,1,1,D,1,3,Draw,bad,bad,Dean Court,9776.0,1.0,0.0,H
2024-08-25,Premier League,2024_2025,normal,0,Liverpool,Brentford,2,0,H,3,3,Home Win,bad,bad,Anfield,45276.0,1.0,0.0,H
2024-08-25,Premier League,2024_2025,normal,0,Wolves,Chelsea,2,6,A,0,0,Away Win,bad,bad,Molineux,24259.0,2.0,2.0,D
2024-08-25,Serie A,2024_2025,normal,0,Fiorentina,Venezia,0,0,D,1,0,Draw,bad,bad,Stadio Artemio Franchi,43147.0,0.0,0.0,D
2024-08-25,Serie A,2024_2025,normal,0,Napoli,Bologna,3,0,H,0,1,Home Win,bad,bad,Stadio Arturo Collana,12000.0,1.0,0.0,H
2024-08-25,Serie A,2024_2025,normal,0,Roma,Empoli,1,2,A,1,1,Away Win,bad,bad,Campo Testaccio,20000.0,0.0,1.0,A
2024-08-25,Serie A,2024_2025,normal,0,Torino,Atalanta,2,1,H,1,3,Home Win,bad,bad,Stadio Filadelfia,4000.0,1.0,1.0,D
2024-08-26,La Liga,2024_2025,normal,0,Villarreal,Celta,4,3,H,4,6,Home Win,medium,medium,El Madrigal,26000.0,1.0,2.0,A
2024-08-26,Serie A,2024_2025,normal,0,Cagliari,Como,1,1,D,1,0,Draw,bad,bad,Unipol Domus,16233.0,1.0,0.0,H
2024-08-26,Serie A,2024_2025,normal,0,Verona,Juventus,0,3,A,3,3,Away Win,bad,bad,NA,NA,0.0,2.0,A
2024-08-27,La Liga,2024_2025,normal,0,Mallorca,Sevilla,0,0,D,1,1,Draw,bad,bad,Son Moix Stadyumu,23142.0,0.0,0.0,D
2024-08-27,La Liga,2024_2025,normal,0,Vallecano,Barcelona,1,2,A,4,6,Away Win,medium,medium,Teresa Rivero,15000.0,1.0,0.0,H
2024-08-28,La Liga,2024_2025,normal,0,Ath Bilbao,Valencia,1,0,H,1,0,Home Win,bad,bad,NA,NA,1.0,0.0,H
2024-08-28,La Liga,2024_2025,normal,0,Ath Madrid,Espanol,0,0,D,4,0,Draw,medium,bad,Vicente Calderón,54851.0,0.0,0.0,D
2024-08-28,La Liga,2024_2025,normal,0,Sociedad,Alaves,1,2,A,3,1,Away Win,bad,bad,Anoeta,32076.0,1.0,1.0,D
2024-08-28,La Liga,2024_2025,normal,0,Valladolid,Leganes,0,0,D,3,4,Draw,bad,medium,José Zorilla,26512.0,0.0,0.0,D
2024-08-29,La Liga,2024_2025,normal,0,Girona,Osasuna,4,0,H,1,4,Home Win,bad,medium,Montilivi,9500.0,1.0,0.0,H
2024-08-29,La Liga,2024_2025,normal,0,Las Palmas,Real Madrid,1,1,D,1,4,Draw,bad,medium,Gran Canaria,32520.0,1.0,0.0,H
2024-08-30,Bundesliga,2024_2025,normal,0,Union Berlin,St Pauli,1,0,H,1,0,Home Win,bad,bad,Stadion An der Alten Försterei,22012.0,1.0,0.0,H
2024-08-30,Ligue 1,2024_2025,normal,0,Lyon,Strasbourg,4,3,H,0,4,Home Win,bad,medium,Gerland Stadyumu,41044.0,1.0,1.0,D
2024-08-30,Serie A,2024_2025,normal,0,Inter,Atalanta,4,0,H,4,3,Home Win,medium,bad,NA,NA,2.0,0.0,H
2024-08-30,Serie A,2024_2025,normal,0,Venezia,Torino,0,1,A,1,4,Away Win,bad,medium,Stadio Pier Luigi Penzo,7450.0,0.0,0.0,D
2024-08-31,Bundesliga,2024_2025,normal,0,Bochum,M'gladbach,0,2,A,0,0,Away Win,bad,bad,NA,NA,0.0,0.0,D
2024-08-31,Bundesliga,2024_2025,normal,0,Ein Frankfurt,Hoffenheim,3,1,H,0,3,Home Win,bad,bad,Frankfurt Stadyumu,52300.0,2.0,0.0,H
2024-08-31,Bundesliga,2024_2025,normal,0,Holstein Kiel,Wolfsburg,0,2,A,0,0,Away Win,bad,bad,NA,NA,0.0,2.0,A
2024-08-31,Bundesliga,2024_2025,normal,0,Leverkusen,RB Leipzig,2,3,A,3,3,Away Win,bad,bad,NA,NA,2.0,1.0,H
2024-08-31,Bundesliga,2024_2025,normal,0,Stuttgart,Mainz,3,3,D,0,1,Draw,bad,bad,MHPArena,60469.0,2.0,1.0,H
2024-08-31,Bundesliga,2024_2025,normal,0,Werder Bremen,Dortmund,0,0,D,1,3,Draw,bad,bad,Weser Stadyumu,42358.0,0.0,0.0,D
2024-08-31,La Liga,2024_2025,normal,0,Ath Bilbao,Ath Madrid,0,1,A,4,5,Away Win,medium,medium,NA,NA,0.0,0.0,D
2024-08-31,La Liga,2024_2025,normal,0,Barcelona,Valladolid,7,0,H,9,4,Home Win,good,medium,Camp Nou,99354.0,3.0,0.0,H
2024-08-31,La Liga,2024_2025,normal,0,Espanol,Vallecano,2,1,H,1,4,Home Win,bad,medium,NA,NA,1.0,1.0,D
2024-08-31,La Liga,2024_2025,normal,0,Leganes,Mallorca,0,1,A,5,2,Away Win,medium,bad,NA,NA,0.0,1.0,A
2024-08-31,La Liga,2024_2025,normal,0,Valencia,Villarreal,1,1,D,0,7,Draw,bad,good,Mestalla,55000.0,1.0,1.0,D
2024-08-31,Ligue 1,2024_2025,normal,0,Brest,St Etienne,4,0,H,0,0,Home Win,bad,bad,NA,NA,2.0,0.0,H
2024-08-31,Ligue 1,2024_2025,normal,0,Montpellier,Nantes,1,3,A,1,4,Away Win,bad,medium,Stade de la Mosson,32939.0,1.0,2.0,A
2024-08-31,Ligue 1,2024_2025,normal,0,Toulouse,Marseille,1,3,A,2,4,Away Win,bad,medium,Belediye Stadyumu (Toulouse),35575.0,0.0,2.0,A
2024-08-31,Premier League,2024_2025,normal,0,Arsenal,Brighton,1,1,D,6,6,Draw,medium,medium,Emirates Stadyumu,60361.0,1.0,0.0,H
2024-08-31,Premier League,2024_2025,normal,0,Brentford,Southampton,3,1,H,3,0,Home Win,bad,bad,Griffin Park,12763.0,1.0,0.0,H
2024-08-31,Premier League,2024_2025,normal,0,Everton,Bournemouth,2,3,A,0,2,Away Win,bad,bad,Goodison Park,40157.0,0.0,0.0,D
2024-08-31,Premier League,2024_2025,normal,0,Ipswich,Fulham,1,1,D,0,3,Draw,bad,bad,Portman Road,30311.0,1.0,1.0,D
2024-08-31,Premier League,2024_2025,normal,0,Leicester,Aston Villa,1,2,A,1,3,Away Win,bad,bad,King Power Stadyumu,32312.0,0.0,1.0,A
2024-08-31,Premier League,2024_2025,normal,0,Nott'm Forest,Wolves,1,1,D,4,0,Draw,medium,bad,City Ground,30576.0,1.0,1.0,D
2024-08-31,Premier League,2024_2025,normal,0,West Ham,Man City,1,3,A,3,6,Away Win,bad,medium,The Boleyn Ground,35303.0,1.0,2.0,A
2024-08-31,Serie A,2024_2025,normal,0,Bologna,Empoli,1,1,D,1,4,Draw,bad,medium,Stadio Renato Dall'Ara,38279.0,1.0,1.0,D
2024-08-31,Serie A,2024_2025,normal,0,Lazio,Milan,2,2,D,3,1,Draw,bad,bad,NA,NA,0.0,1.0,A
2024-08-31,Serie A,2024_2025,normal,0,Lecce,Cagliari,1,0,H,0,2,Home Win,bad,bad,Stadio Via del Mare,40670.0,1.0,0.0,H
2024-08-31,Serie A,2024_2025,normal,0,Napoli,Parma,2,1,H,3,4,Home Win,bad,medium,Stadio Arturo Collana,12000.0,0.0,1.0,A
2024-09-01,Bundesliga,2024_2025,normal,0,Bayern Munich,Freiburg,2,0,H,3,3,Home Win,bad,bad,NA,NA,1.0,0.0,H
2024-09-01,Bundesliga,2024_2025,normal,0,Heidenheim,Augsburg,4,0,H,3,1,Home Win,bad,bad,NA,NA,2.0,0.0,H
2024-09-01,La Liga,2024_2025,normal,0,Alaves,Las Palmas,2,0,H,4,2,Home Win,medium,bad,Mendizorrotza,19900.0,1.0,0.0,H
2024-09-01,La Liga,2024_2025,normal,0,Getafe,Sociedad,0,0,D,2,3,Draw,bad,bad,Alfonso Pérez,16000.0,0.0,0.0,D
2024-09-01,La Liga,2024_2025,normal,0,Osasuna,Celta,3,2,H,4,6,Home Win,medium,medium,Reyno de Navarra,19800.0,2.0,1.0,H
2024-09-01,La Liga,2024_2025,normal,0,Real Madrid,Betis,2,0,H,5,2,Home Win,medium,bad,Santiago Bernabéu,80354.0,0.0,0.0,D
2024-09-01,La Liga,2024_2025,normal,0,Sevilla,Girona,0,2,A,2,4,Away Win,bad,medium,Ramón Sánchez Pizjuán,48649.0,0.0,1.0,A
2024-09-01,Ligue 1,2024_2025,normal,0,Angers,Nice,1,4,A,0,1,Away Win,bad,bad,NA,NA,0.0,2.0,A
2024-09-01,Ligue 1,2024_2025,normal,0,Le Havre,Auxerre,3,1,H,3,3,Home Win,bad,bad,NA,NA,1.0,1.0,D
2024-09-01,Ligue 1,2024_2025,normal,0,Lille,Paris SG,1,3,A,6,6,Away Win,medium,medium,Stade Borne de l'Espoir,50186.0,0.0,2.0,A
2024-09-01,Ligue 1,2024_2025,normal,0,Monaco,Lens,1,1,D,6,6,Draw,medium,medium,NA,NA,0.0,0.0,D
2024-09-01,Ligue 1,2024_2025,normal,0,Reims,Rennes,2,1,H,1,3,Home Win,bad,bad,Stade Auguste-Delaune II,21684.0,1.0,1.0,D
2024-09-01,Premier League,2024_2025,normal,0,Chelsea,Crystal Palace,1,1,D,3,0,Draw,bad,bad,Stamford Bridge,42449.0,1.0,0.0,H
2024-09-01,Premier League,2024_2025,normal,0,Man United,Liverpool,0,3,A,3,6,Away Win,bad,medium,Old Trafford,75653.0,0.0,2.0,A
2024-09-01,Premier League,2024_2025,normal,0,Newcastle,Tottenham,2,1,H,4,4,Home Win,medium,medium,St James' Park,52409.0,1.0,0.0,H
2024-09-01,Serie A,2024_2025,normal,0,Fiorentina,Monza,2,2,D,2,1,Draw,bad,bad,Stadio Artemio Franchi,43147.0,1.0,2.0,A
2024-09-01,Serie A,2024_2025,normal,0,Genoa,Verona,0,2,A,4,3,Away Win,medium,bad,NA,NA,0.0,0.0,D
2024-09-01,Serie A,2024_2025,normal,0,Juventus,Roma,0,0,D,6,1,Draw,medium,bad,Juventus Stadium,41507.0,0.0,0.0,D
2024-09-01,Serie A,2024_2025,normal,0,Udinese,Como,1,0,H,4,1,Home Win,medium,bad,Stadio Friuli,25144.0,1.0,0.0,H
2024-09-13,Bundesliga,2024_2025,normal,0,Dortmund,Heidenheim,4,2,H,4,6,Home Win,medium,medium,Signal Iduna Park,81359.0,3.0,1.0,H
2024-09-13,La Liga,2024_2025,normal,0,Betis,Leganes,2,0,H,2,4,Home Win,bad,medium,Benito Villamarín,52745.0,0.0,0.0,D
2024-09-13,Ligue 1,2024_2025,normal,0,St Etienne,Lille,1,0,H,0,6,Home Win,bad,medium,NA,NA,1.0,0.0,H
2024-09-14,Bundesliga,2024_2025,normal,0,Freiburg,Bochum,2,1,H,3,0,Home Win,bad,bad,Kara Orman Stadyumu,24036.0,0.0,1.0,A
2024-09-14,Bundesliga,2024_2025,normal,0,Hoffenheim,Leverkusen,1,4,A,3,3,Away Win,bad,bad,NA,NA,1.0,2.0,A
2024-09-14,Bundesliga,2024_2025,normal,0,Holstein Kiel,Bayern Munich,1,6,A,0,6,Away Win,bad,medium,NA,NA,0.0,4.0,A
2024-09-14,Bundesliga,2024_2025,normal,0,M'gladbach,Stuttgart,1,3,A,3,1,Away Win,bad,bad,Stadion im Borussia-Park,54067.0,1.0,1.0,D
2024-09-14,Bundesliga,2024_2025,normal,0,RB Leipzig,Union Berlin,0,0,D,6,4,Draw,medium,medium,Red Bull Arena,44345.0,0.0,0.0,D
2024-09-14,Bundesliga,2024_2025,normal,0,Wolfsburg,Ein Frankfurt,1,2,A,3,3,Away Win,bad,bad,Volkswagen Arena,30000.0,0.0,1.0,A
2024-09-14,La Liga,2024_2025,normal,0,Espanol,Alaves,3,2,H,4,7,Home Win,medium,good,NA,NA,1.0,1.0,D
2024-09-14,La Liga,2024_2025,normal,0,Mallorca,Villarreal,1,2,A,4,7,Away Win,medium,good,Son Moix Stadyumu,23142.0,0.0,1.0,A
2024-09-14,La Liga,2024_2025,normal,0,Sevilla,Getafe,1,0,H,1,3,Home Win,bad,bad,Ramón Sánchez Pizjuán,48649.0,1.0,0.0,H
2024-09-14,La Liga,2024_2025,normal,0,Sociedad,Real Madrid,0,2,A,4,7,Away Win,medium,good,Anoeta,32076.0,0.0,0.0,D
2024-09-14,Ligue 1,2024_2025,normal,0,Auxerre,Monaco,0,3,A,3,7,Away Win,bad,good,Stade de l'Abbé-Deschamps,23467.0,0.0,2.0,A
2024-09-14,Ligue 1,2024_2025,normal,0,Marseille,Nice,2,0,H,7,4,Home Win,good,medium,Vélodrome Stadyumu,60013.0,1.0,0.0,H
2024-09-14,Ligue 1,2024_2025,normal,0,Paris SG,Brest,3,1,H,9,3,Home Win,good,bad,NA,NA,1.0,1.0,D
2024-09-14,Premier League,2024_2025,normal,0,Aston Villa,Everton,3,2,H,6,0,Home Win,medium,bad,Villa Park,42786.0,1.0,2.0,A
2024-09-14,Premier League,2024_2025,normal,0,Bournemouth,Chelsea,0,1,A,5,4,Away Win,medium,medium,Dean Court,9776.0,0.0,0.0,D
2024-09-14,Premier League,2024_2025,normal,0,Brighton,Ipswich,0,0,D,7,1,Draw,good,bad,Falmer Stadyumu,22500.0,0.0,0.0,D
2024-09-14,Premier League,2024_2025,normal,0,Crystal Palace,Leicester,2,2,D,1,1,Draw,bad,bad,Selhurst Park,26225.0,0.0,1.0,A
2024-09-14,Premier League,2024_2025,normal,0,Fulham,West Ham,1,1,D,4,3,Draw,medium,bad,Craven Cottage,25700.0,1.0,0.0,H
2024-09-14,Premier League,2024_2025,normal,0,Liverpool,Nott'm Forest,0,1,A,9,5,Away Win,good,medium,Anfield,45276.0,0.0,0.0,D
2024-09-14,Premier League,2024_2025,normal,0,Man City,Brentford,2,1,H,9,6,Home Win,good,medium,Etihad Stadium,47405.0,2.0,1.0,H
2024-09-14,Premier League,2024_2025,normal,0,Southampton,Man United,0,3,A,0,3,Away Win,bad,bad,St Mary's Stadium,32689.0,0.0,2.0,A
2024-09-14,Serie A,2024_2025,normal,0,Como,Bologna,2,2,D,1,2,Draw,bad,bad,Stadio Giuseppe Sinigaglia,13602.0,1.0,0.0,H
2024-09-14,Serie A,2024_2025,normal,0,Empoli,Juventus,0,0,D,5,7,Draw,medium,good,Stadio Carlo Castellani,21092.0,0.0,0.0,D
2024-09-14,Serie A,2024_2025,normal,0,Milan,Venezia,4,0,H,2,1,Home Win,bad,bad,NA,NA,4.0,0.0,H
2024-09-15,Bundesliga,2024_2025,normal,0,Augsburg,St Pauli,3,1,H,1,0,Home Win,bad,bad,Impuls Arena,30660.0,0.0,0.0,D
2024-09-15,Bundesliga,2024_2025,normal,0,Mainz,Werder Bremen,1,2,A,2,2,Away Win,bad,bad,NA,NA,1.0,1.0,D
2024-09-15,La Liga,2024_2025,normal,0,Ath Madrid,Valencia,3,0,H,7,1,Home Win,good,bad,Vicente Calderón,54851.0,1.0,0.0,H
2024-09-15,La Liga,2024_2025,normal,0,Celta,Valladolid,3,1,H,3,1,Home Win,bad,bad,NA,NA,2.0,0.0,H
2024-09-15,La Liga,2024_2025,normal,0,Girona,Barcelona,1,4,A,6,9,Away Win,medium,good,Montilivi,9500.0,0.0,2.0,A
2024-09-15,La Liga,2024_2025,normal,0,Las Palmas,Ath Bilbao,2,3,A,1,3,Away Win,bad,bad,Gran Canaria,32520.0,0.0,2.0,A
2024-09-15,Ligue 1,2024_2025,normal,0,Lens,Lyon,0,0,D,7,3,Draw,good,bad,Stade Félix Bollaert,41233.0,0.0,0.0,D
2024-09-15,Ligue 1,2024_2025,normal,0,Nantes,Reims,1,2,A,7,4,Away Win,good,medium,Beaujoire Stadyumu,38285.0,1.0,1.0,D
2024-09-15,Ligue 1,2024_2025,normal,0,Rennes,Montpellier,3,0,H,3,1,Home Win,bad,bad,Stade de la Route de Lorient,31127.0,2.0,0.0,H
2024-09-15,Ligue 1,2024_2025,normal,0,Strasbourg,Angers,1,1,D,4,0,Draw,medium,bad,Meinau Stadyumu,29230.0,1.0,0.0,H
2024-09-15,Ligue 1,2024_2025,normal,0,Toulouse,Le Havre,2,0,H,2,6,Home Win,bad,medium,Belediye Stadyumu (Toulouse),35575.0,0.0,0.0,D
2024-09-15,Premier League,2024_2025,normal,0,Tottenham,Arsenal,0,1,A,4,7,Away Win,medium,good,White Hart Lane,36230.0,0.0,0.0,D
2024-09-15,Premier League,2024_2025,normal,0,Wolves,Newcastle,1,2,A,1,7,Away Win,bad,good,Molineux,24259.0,1.0,0.0,H
2024-09-15,Serie A,2024_2025,normal,0,Atalanta,Fiorentina,3,2,H,3,3,Home Win,bad,bad,Stadio Atleti Azzurri d'Italia,26562.0,3.0,2.0,H
2024-09-15,Serie A,2024_2025,normal,0,Cagliari,Napoli,0,4,A,2,6,Away Win,bad,medium,Unipol Domus,16233.0,0.0,1.0,A
2024-09-15,Serie A,2024_2025,normal,0,Genoa,Roma,1,1,D,4,2,Draw,medium,bad,NA,NA,0.0,1.0,A
2024-09-15,Serie A,2024_2025,normal,0,Monza,Inter,1,1,D,2,7,Draw,bad,good,Stadio Brianteo,15039.0,0.0,0.0,D
2024-09-15,Serie A,2024_2025,normal,0,Torino,Lecce,0,0,D,7,3,Draw,good,bad,Stadio Filadelfia,4000.0,0.0,0.0,D
2024-09-16,La Liga,2024_2025,normal,0,Vallecano,Osasuna,3,1,H,1,6,Home Win,bad,medium,Teresa Rivero,15000.0,0.0,1.0,A
2024-09-16,Serie A,2024_2025,normal,0,Lazio,Verona,2,1,H,4,6,Home Win,medium,medium,NA,NA,2.0,1.0,H
2024-09-16,Serie A,2024_2025,normal,0,Parma,Udinese,2,3,A,4,7,Away Win,medium,good,Stadio Ennio Tardini,27906.0,2.0,0.0,H
2024-09-17,La Liga,2024_2025,normal,0,Mallorca,Sociedad,1,0,H,4,1,Home Win,medium,bad,Son Moix Stadyumu,23142.0,1.0,0.0,H
2024-09-18,La Liga,2024_2025,normal,0,Betis,Getafe,2,1,H,4,2,Home Win,medium,bad,Benito Villamarín,52745.0,0.0,0.0,D
2024-09-19,La Liga,2024_2025,normal,0,Leganes,Ath Bilbao,0,2,A,1,6,Away Win,bad,medium,NA,NA,0.0,0.0,D
2024-09-20,Bundesliga,2024_2025,normal,0,Augsburg,Mainz,2,3,A,4,2,Away Win,medium,bad,Impuls Arena,30660.0,1.0,2.0,A
2024-09-20,La Liga,2024_2025,normal,0,Alaves,Sevilla,2,1,H,6,4,Home Win,medium,medium,Mendizorrotza,19900.0,1.0,0.0,H
2024-09-20,Ligue 1,2024_2025,normal,0,Nice,St Etienne,8,0,H,4,3,Home Win,medium,bad,Grand Stade Nice,35624.0,6.0,0.0,H
2024-09-20,Serie A,2024_2025,normal,0,Cagliari,Empoli,0,2,A,1,5,Away Win,bad,medium,Unipol Domus,16233.0,0.0,1.0,A
2024-09-20,Serie A,2024_2025,normal,0,Verona,Torino,2,3,A,3,7,Away Win,bad,good,NA,NA,1.0,2.0,A
2024-09-21,Bundesliga,2024_2025,normal,0,Bochum,Holstein Kiel,2,2,D,0,0,Draw,bad,bad,NA,NA,2.0,1.0,H
2024-09-21,Bundesliga,2024_2025,normal,0,Ein Frankfurt,M'gladbach,2,0,H,6,3,Home Win,medium,bad,Frankfurt Stadyumu,52300.0,1.0,0.0,H
2024-09-21,Bundesliga,2024_2025,normal,0,Heidenheim,Freiburg,0,3,A,6,6,Away Win,medium,medium,NA,NA,0.0,0.0,D
2024-09-21,Bundesliga,2024_2025,normal,0,Union Berlin,Hoffenheim,2,1,H,5,3,Home Win,medium,bad,Stadion An der Alten Försterei,22012.0,2.0,0.0,H
2024-09-21,Bundesliga,2024_2025,normal,0,Werder Bremen,Bayern Munich,0,5,A,5,9,Away Win,medium,good,Weser Stadyumu,42358.0,0.0,2.0,A
2024-09-21,La Liga,2024_2025,normal,0,Osasuna,Las Palmas,2,1,H,3,1,Home Win,bad,bad,Reyno de Navarra,19800.0,1.0,1.0,D
2024-09-21,La Liga,2024_2025,normal,0,Real Madrid,Espanol,4,1,H,7,7,Home Win,good,good,Santiago Bernabéu,80354.0,0.0,0.0,D
2024-09-21,La Liga,2024_2025,normal,0,Valencia,Girona,2,0,H,1,6,Home Win,bad,medium,Mestalla,55000.0,0.0,0.0,D
2024-09-21,La Liga,2024_2025,normal,0,Valladolid,Sociedad,0,0,D,1,1,Draw,bad,bad,José Zorilla,26512.0,0.0,0.0,D
2024-09-21,Ligue 1,2024_2025,normal,0,Lille,Strasbourg,3,3,D,3,4,Draw,bad,medium,Stade Borne de l'Espoir,50186.0,2.0,2.0,D
2024-09-21,Ligue 1,2024_2025,normal,0,Reims,Paris SG,1,1,D,7,9,Draw,good,good,Stade Auguste-Delaune II,21684.0,1.0,0.0,H
2024-09-21,Ligue 1,2024_2025,normal,0,Rennes,Lens,1,1,D,3,5,Draw,bad,medium,Stade de la Route de Lorient,31127.0,1.0,0.0,H
2024-09-21,Premier League,2024_2025,normal,0,Aston Villa,Wolves,3,1,H,6,1,Home Win,medium,bad,Villa Park,42786.0,0.0,1.0,A
2024-09-21,Premier League,2024_2025,normal,0,Crystal Palace,Man United,0,0,D,2,3,Draw,bad,bad,Selhurst Park,26225.0,0.0,0.0,D
2024-09-21,Premier League,2024_2025,normal,0,Fulham,Newcastle,3,1,H,5,7,Home Win,medium,good,Craven Cottage,25700.0,2.0,0.0,H
2024-09-21,Premier League,2024_2025,normal,0,Leicester,Everton,1,1,D,1,0,Draw,bad,bad,King Power Stadyumu,32312.0,0.0,1.0,A
2024-09-21,Premier League,2024_2025,normal,0,Liverpool,Bournemouth,3,0,H,6,4,Home Win,medium,medium,Anfield,45276.0,3.0,0.0,H
2024-09-21,Premier League,2024_2025,normal,0,Southampton,Ipswich,1,1,D,0,2,Draw,bad,bad,St Mary's Stadium,32689.0,1.0,0.0,H
2024-09-21,Premier League,2024_2025,normal,0,Tottenham,Brentford,3,1,H,3,3,Home Win,bad,bad,White Hart Lane,36230.0,2.0,1.0,H
2024-09-21,Premier League,2024_2025,normal,0,West Ham,Chelsea,0,3,A,4,7,Away Win,medium,good,The Boleyn Ground,35303.0,0.0,2.0,A
2024-09-21,Serie A,2024_2025,normal,0,Juventus,Napoli,0,0,D,5,9,Draw,medium,good,Juventus Stadium,41507.0,0.0,0.0,D
2024-09-21,Serie A,2024_2025,normal,0,Lecce,Parma,2,2,D,4,3,Draw,medium,bad,Stadio Via del Mare,40670.0,1.0,0.0,H
2024-09-21,Serie A,2024_2025,normal,0,Venezia,Genoa,2,0,H,1,4,Home Win,bad,medium,Stadio Pier Luigi Penzo,7450.0,0.0,0.0,D
2024-09-22,Bundesliga,2024_2025,normal,0,Leverkusen,Wolfsburg,4,3,H,6,3,Home Win,medium,bad,NA,NA,2.0,3.0,A
2024-09-22,Bundesliga,2024_2025,normal,0,St Pauli,RB Leipzig,0,0,D,0,7,Draw,bad,good,NA,NA,0.0,0.0,D
2024-09-22,Bundesliga,2024_2025,normal,0,Stuttgart,Dortmund,5,1,H,4,7,Home Win,medium,good,MHPArena,60469.0,2.0,0.0,H
2024-09-22,La Liga,2024_2025,normal,0,Ath Bilbao,Celta,3,1,H,6,3,Home Win,medium,bad,NA,NA,2.0,1.0,H
2024-09-22,La Liga,2024_2025,normal,0,Getafe,Leganes,1,1,D,1,0,Draw,bad,bad,Alfonso Pérez,16000.0,0.0,0.0,D
2024-09-22,La Liga,2024_2025,normal,0,Vallecano,Ath Madrid,1,1,D,3,7,Draw,bad,good,Teresa Rivero,15000.0,1.0,0.0,H
2024-09-22,La Liga,2024_2025,normal,0,Villarreal,Barcelona,1,5,A,7,9,Away Win,good,good,El Madrigal,26000.0,1.0,2.0,A
2024-09-22,Ligue 1,2024_2025,normal,0,Angers,Nantes,1,1,D,1,6,Draw,bad,medium,NA,NA,1.0,1.0,D
2024-09-22,Ligue 1,2024_2025,normal,0,Brest,Toulouse,2,0,H,3,4,Home Win,bad,medium,NA,NA,1.0,0.0,H
2024-09-22,Ligue 1,2024_2025,normal,0,Lyon,Marseille,2,3,A,4,7,Away Win,medium,good,Gerland Stadyumu,41044.0,0.0,0.0,D
2024-09-22,Ligue 1,2024_2025,normal,0,Monaco,Le Havre,3,1,H,7,6,Home Win,good,medium,NA,NA,1.0,1.0,D
2024-09-22,Ligue 1,2024_2025,normal,0,Montpellier,Auxerre,3,2,H,0,0,Home Win,bad,bad,Stade de la Mosson,32939.0,0.0,1.0,A
2024-09-22,Premier League,2024_2025,normal,0,Brighton,Nott'm Forest,2,2,D,5,7,Draw,medium,good,Falmer Stadyumu,22500.0,2.0,1.0,H
2024-09-22,Premier League,2024_2025,normal,0,Man City,Arsenal,2,2,D,9,7,Draw,good,good,Etihad Stadium,47405.0,1.0,2.0,A
2024-09-22,Serie A,2024_2025,normal,0,Fiorentina,Lazio,2,1,H,2,4,Home Win,bad,medium,Stadio Artemio Franchi,43147.0,0.0,1.0,A
2024-09-22,Serie A,2024_2025,normal,0,Inter,Milan,1,2,A,7,4,Away Win,good,medium,NA,NA,1.0,1.0,D
2024-09-22,Serie A,2024_2025,normal,0,Monza,Bologna,1,2,A,2,2,Away Win,bad,bad,Stadio Brianteo,15039.0,1.0,1.0,D
2024-09-22,Serie A,2024_2025,normal,0,Roma,Udinese,3,0,H,2,9,Home Win,bad,good,Campo Testaccio,20000.0,1.0,0.0,H
2024-09-23,La Liga,2024_2025,normal,0,Betis,Mallorca,1,2,A,6,6,Away Win,medium,medium,Benito Villamarín,52745.0,1.0,1.0,D
2024-09-24,La Liga,2024_2025,normal,0,Real Madrid,Alaves,3,2,H,9,6,Home Win,good,medium,Santiago Bernabéu,80354.0,2.0,0.0,H
2024-09-24,La Liga,2024_2025,normal,0,Sevilla,Valladolid,2,1,H,3,1,Home Win,bad,bad,Ramón Sánchez Pizjuán,48649.0,1.0,0.0,H
2024-09-24,La Liga,2024_2025,normal,0,Valencia,Osasuna,0,0,D,4,6,Draw,medium,medium,Mestalla,55000.0,0.0,0.0,D
2024-09-24,Serie A,2024_2025,normal,0,Atalanta,Como,2,3,A,3,2,Away Win,bad,bad,Stadio Atleti Azzurri d'Italia,26562.0,1.0,0.0,H
2024-09-25,La Liga,2024_2025,normal,0,Barcelona,Getafe,1,0,H,9,1,Home Win,good,bad,Camp Nou,99354.0,1.0,0.0,H
2024-09-25,La Liga,2024_2025,normal,0,Girona,Vallecano,0,0,D,3,4,Draw,bad,medium,Montilivi,9500.0,0.0,0.0,D
2024-09-26,La Liga,2024_2025,normal,0,Celta,Ath Madrid,0,1,A,3,7,Away Win,bad,good,NA,NA,0.0,0.0,D
2024-09-26,La Liga,2024_2025,normal,0,Espanol,Villarreal,1,2,A,6,4,Away Win,medium,medium,NA,NA,1.0,1.0,D
2024-09-26,La Liga,2024_2025,normal,0,Las Palmas,Betis,1,1,D,0,6,Draw,bad,medium,Gran Canaria,32520.0,1.0,1.0,D
2024-09-27,Bundesliga,2024_2025,normal,0,Dortmund,Bochum,4,2,H,4,1,Home Win,medium,bad,Signal Iduna Park,81359.0,1.0,2.0,A
2024-09-27,La Liga,2024_2025,normal,0,Valladolid,Mallorca,1,2,A,1,6,Away Win,bad,medium,José Zorilla,26512.0,0.0,0.0,D
2024-09-27,Ligue 1,2024_2025,normal,0,Auxerre,Brest,3,0,H,0,6,Home Win,bad,medium,Stade de l'Abbé-Deschamps,23467.0,2.0,0.0,H
2024-09-27,Ligue 1,2024_2025,normal,0,Paris SG,Rennes,3,1,H,7,4,Home Win,good,medium,NA,NA,1.0,0.0,H
2024-09-27,Serie A,2024_2025,normal,0,Milan,Lecce,3,0,H,7,5,Home Win,good,medium,NA,NA,3.0,0.0,H
2024-09-28,Bundesliga,2024_2025,normal,0,Bayern Munich,Leverkusen,1,1,D,9,6,Draw,good,medium,NA,NA,1.0,1.0,D
2024-09-28,Bundesliga,2024_2025,normal,0,Freiburg,St Pauli,0,3,A,6,1,Away Win,medium,bad,Kara Orman Stadyumu,24036.0,0.0,2.0,A
2024-09-28,Bundesliga,2024_2025,normal,0,M'gladbach,Union Berlin,1,0,H,3,7,Home Win,bad,good,Stadion im Borussia-Park,54067.0,0.0,0.0,D
2024-09-28,Bundesliga,2024_2025,normal,0,Mainz,Heidenheim,0,2,A,4,3,Away Win,medium,bad,NA,NA,0.0,1.0,A
2024-09-28,Bundesliga,2024_2025,normal,0,RB Leipzig,Augsburg,4,0,H,5,3,Home Win,medium,bad,Red Bull Arena,44345.0,2.0,0.0,H
2024-09-28,Bundesliga,2024_2025,normal,0,Wolfsburg,Stuttgart,2,2,D,3,7,Draw,bad,good,Volkswagen Arena,30000.0,1.0,1.0,D
2024-09-28,La Liga,2024_2025,normal,0,Getafe,Alaves,2,0,H,1,3,Home Win,bad,bad,Alfonso Pérez,16000.0,1.0,0.0,H
2024-09-28,La Liga,2024_2025,normal,0,Osasuna,Barcelona,4,2,H,4,9,Home Win,medium,good,Reyno de Navarra,19800.0,2.0,0.0,H
2024-09-28,La Liga,2024_2025,normal,0,Sociedad,Valencia,3,0,H,1,4,Home Win,bad,medium,Anoeta,32076.0,1.0,0.0,H
2024-09-28,La Liga,2024_2025,normal,0,Vallecano,Leganes,1,1,D,5,1,Draw,medium,bad,Teresa Rivero,15000.0,1.0,0.0,H
2024-09-28,Ligue 1,2024_2025,normal,0,Le Havre,Lille,0,3,A,3,1,Away Win,bad,bad,NA,NA,0.0,2.0,A
2024-09-28,Ligue 1,2024_2025,normal,0,Lens,Nice,0,0,D,3,6,Draw,bad,medium,Stade Félix Bollaert,41233.0,0.0,0.0,D
2024-09-28,Ligue 1,2024_2025,normal,0,Monaco,Montpellier,2,1,H,7,3,Home Win,good,bad,NA,NA,1.0,1.0,D
2024-09-28,Premier League,2024_2025,normal,0,Arsenal,Leicester,4,2,H,5,2,Home Win,medium,bad,Emirates Stadyumu,60361.0,2.0,0.0,H
2024-09-28,Premier League,2024_2025,normal,0,Brentford,West Ham,1,1,D,3,1,Draw,bad,bad,Griffin Park,12763.0,1.0,0.0,H
2024-09-28,Premier League,2024_2025,normal,0,Chelsea,Brighton,4,2,H,7,3,Home Win,good,bad,Stamford Bridge,42449.0,4.0,2.0,H
2024-09-28,Premier League,2024_2025,normal,0,Everton,Crystal Palace,2,1,H,1,3,Home Win,bad,bad,Goodison Park,40157.0,0.0,1.0,A
2024-09-28,Premier League,2024_2025,normal,0,Newcastle,Man City,1,1,D,6,7,Draw,medium,good,St James' Park,52409.0,0.0,1.0,A
2024-09-28,Premier League,2024_2025,normal,0,Nott'm Forest,Fulham,0,1,A,5,5,Away Win,medium,medium,City Ground,30576.0,0.0,0.0,D
2024-09-28,Premier League,2024_2025,normal,0,Wolves,Liverpool,1,2,A,1,6,Away Win,bad,medium,Molineux,24259.0,0.0,1.0,A
2024-09-28,Serie A,2024_2025,normal,0,Bologna,Atalanta,1,1,D,5,3,Draw,medium,bad,Stadio Renato Dall'Ara,38279.0,0.0,0.0,D
2024-09-28,Serie A,2024_2025,normal,0,Genoa,Juventus,0,3,A,1,3,Away Win,bad,bad,NA,NA,0.0,0.0,D
2024-09-28,Serie A,2024_2025,normal,0,Udinese,Inter,2,3,A,6,4,Away Win,medium,medium,Stadio Friuli,25144.0,1.0,2.0,A
2024-09-29,Bundesliga,2024_2025,normal,0,Hoffenheim,Werder Bremen,3,4,A,0,4,Away Win,bad,medium,NA,NA,3.0,3.0,D
2024-09-29,Bundesliga,2024_2025,normal,0,Holstein Kiel,Ein Frankfurt,2,4,A,1,9,Away Win,bad,good,NA,NA,1.0,1.0,D
2024-09-29,La Liga,2024_2025,normal,0,Ath Bilbao,Sevilla,1,1,D,9,6,Draw,good,medium,NA,NA,1.0,0.0,H
2024-09-29,La Liga,2024_2025,normal,0,Ath Madrid,Real Madrid,1,1,D,7,9,Draw,good,good,Vicente Calderón,54851.0,0.0,0.0,D
2024-09-29,La Liga,2024_2025,normal,0,Betis,Espanol,1,0,H,4,3,Home Win,medium,bad,Benito Villamarín,52745.0,0.0,0.0,D
2024-09-29,La Liga,2024_2025,normal,0,Celta,Girona,1,1,D,3,1,Draw,bad,bad,NA,NA,0.0,1.0,A
2024-09-29,Ligue 1,2024_2025,normal,0,Angers,Reims,1,3,A,2,7,Away Win,bad,good,NA,NA,0.0,2.0,A
2024-09-29,Ligue 1,2024_2025,normal,0,Nantes,St Etienne,2,2,D,4,3,Draw,medium,bad,Beaujoire Stadyumu,38285.0,1.0,0.0,H
2024-09-29,Ligue 1,2024_2025,normal,0,Strasbourg,Marseille,1,0,H,2,9,Home Win,bad,good,Meinau Stadyumu,29230.0,1.0,0.0,H
2024-09-29,Ligue 1,2024_2025,normal,0,Toulouse,Lyon,1,2,A,3,4,Away Win,bad,medium,Belediye Stadyumu (Toulouse),35575.0,1.0,1.0,D
2024-09-29,Premier League,2024_2025,normal,0,Ipswich,Aston Villa,2,2,D,3,9,Draw,bad,good,Portman Road,30311.0,1.0,2.0,A
2024-09-29,Premier League,2024_2025,normal,0,Man United,Tottenham,0,3,A,4,3,Away Win,medium,bad,Old Trafford,75653.0,0.0,1.0,A
2024-09-29,Serie A,2024_2025,normal,0,Como,Verona,3,2,H,4,3,Home Win,medium,bad,Stadio Giuseppe Sinigaglia,13602.0,1.0,0.0,H
2024-09-29,Serie A,2024_2025,normal,0,Empoli,Fiorentina,0,0,D,5,4,Draw,medium,medium,Stadio Carlo Castellani,21092.0,0.0,0.0,D
2024-09-29,Serie A,2024_2025,normal,0,Napoli,Monza,2,0,H,7,2,Home Win,good,bad,Stadio Arturo Collana,12000.0,2.0,0.0,H
2024-09-29,Serie A,2024_2025,normal,0,Roma,Venezia,2,1,H,5,3,Home Win,medium,bad,Campo Testaccio,20000.0,0.0,1.0,A
2024-09-29,Serie A,2024_2025,normal,0,Torino,Lazio,2,3,A,7,4,Away Win,good,medium,Stadio Filadelfia,4000.0,0.0,1.0,A
2024-09-30,La Liga,2024_2025,normal,0,Villarreal,Las Palmas,3,1,H,6,1,Home Win,medium,bad,El Madrigal,26000.0,1.0,0.0,H
2024-09-30,Premier League,2024_2025,normal,0,Bournemouth,Southampton,3,1,H,3,1,Home Win,bad,bad,Dean Court,9776.0,3.0,0.0,H
2024-09-30,Serie A,2024_2025,normal,0,Parma,Cagliari,2,3,A,1,0,Away Win,bad,bad,Stadio Ennio Tardini,27906.0,0.0,1.0,A
2024-10-04,Bundesliga,2024_2025,normal,0,Augsburg,M'gladbach,2,1,H,3,3,Home Win,bad,bad,Impuls Arena,30660.0,1.0,0.0,H
2024-10-04,La Liga,2024_2025,normal,0,Leganes,Valencia,0,0,D,2,4,Draw,bad,medium,NA,NA,0.0,0.0,D
2024-10-04,Ligue 1,2024_2025,normal,0,Marseille,Angers,1,1,D,6,2,Draw,medium,bad,Vélodrome Stadyumu,60013.0,0.0,0.0,D
2024-10-04,Serie A,2024_2025,normal,0,Napoli,Como,3,1,H,7,7,Home Win,good,good,Stadio Arturo Collana,12000.0,1.0,1.0,D
2024-10-04,Serie A,2024_2025,normal,0,Verona,Venezia,2,1,H,0,3,Home Win,bad,bad,NA,NA,1.0,1.0,D
2024-10-05,Bundesliga,2024_2025,normal,0,Bochum,Wolfsburg,1,3,A,1,1,Away Win,bad,bad,NA,NA,0.0,2.0,A
2024-10-05,Bundesliga,2024_2025,normal,0,Leverkusen,Holstein Kiel,2,2,D,7,1,Draw,good,bad,NA,NA,2.0,1.0,H
2024-10-05,Bundesliga,2024_2025,normal,0,St Pauli,Mainz,0,3,A,4,3,Away Win,medium,bad,NA,NA,0.0,2.0,A
2024-10-05,Bundesliga,2024_2025,normal,0,Union Berlin,Dortmund,2,1,H,4,6,Home Win,medium,medium,Stadion An der Alten Försterei,22012.0,2.0,0.0,H
2024-10-05,Bundesliga,2024_2025,normal,0,Werder Bremen,Freiburg,0,1,A,6,6,Away Win,medium,medium,Weser Stadyumu,42358.0,0.0,0.0,D
2024-10-05,La Liga,2024_2025,normal,0,Espanol,Mallorca,2,1,H,0,9,Home Win,bad,good,NA,NA,1.0,0.0,H
2024-10-05,La Liga,2024_2025,normal,0,Getafe,Osasuna,1,1,D,4,7,Draw,medium,good,Alfonso Pérez,16000.0,1.0,0.0,H
2024-10-05,La Liga,2024_2025,normal,0,Las Palmas,Celta,0,1,A,1,1,Away Win,bad,bad,Gran Canaria,32520.0,0.0,1.0,A
2024-10-05,La Liga,2024_2025,normal,0,Real Madrid,Villarreal,2,0,H,7,6,Home Win,good,medium,Santiago Bernabéu,80354.0,1.0,0.0,H
2024-10-05,La Liga,2024_2025,normal,0,Valladolid,Vallecano,1,2,A,1,3,Away Win,bad,bad,José Zorilla,26512.0,0.0,0.0,D
2024-10-05,Ligue 1,2024_2025,normal,0,Lille,Toulouse,2,1,H,4,3,Home Win,medium,bad,Stade Borne de l'Espoir,50186.0,0.0,1.0,A
2024-10-05,Ligue 1,2024_2025,normal,0,Rennes,Monaco,1,2,A,4,9,Away Win,medium,good,Stade de la Route de Lorient,31127.0,1.0,2.0,A
2024-10-05,Ligue 1,2024_2025,normal,0,St Etienne,Auxerre,3,1,H,4,3,Home Win,medium,bad,NA,NA,1.0,0.0,H
2024-10-05,Premier League,2024_2025,normal,0,Arsenal,Southampton,3,1,H,7,1,Home Win,good,bad,Emirates Stadyumu,60361.0,0.0,0.0,D
2024-10-05,Premier League,2024_2025,normal,0,Brentford,Wolves,5,3,H,1,0,Home Win,bad,bad,Griffin Park,12763.0,4.0,2.0,H
2024-10-05,Premier League,2024_2025,normal,0,Crystal Palace,Liverpool,0,1,A,2,6,Away Win,bad,medium,Selhurst Park,26225.0,0.0,1.0,A
2024-10-05,Premier League,2024_2025,normal,0,Everton,Newcastle,0,0,D,4,4,Draw,medium,medium,Goodison Park,40157.0,0.0,0.0,D
2024-10-05,Premier League,2024_2025,normal,0,Leicester,Bournemouth,1,0,H,2,3,Home Win,bad,bad,King Power Stadyumu,32312.0,1.0,0.0,H
2024-10-05,Premier League,2024_2025,normal,0,Man City,Fulham,3,2,H,5,7,Home Win,medium,good,Etihad Stadium,47405.0,1.0,1.0,D
2024-10-05,Premier League,2024_2025,normal,0,West Ham,Ipswich,4,1,H,2,3,Home Win,bad,bad,The Boleyn Ground,35303.0,2.0,1.0,H
2024-10-05,Serie A,2024_2025,normal,0,Atalanta,Genoa,5,1,H,4,1,Home Win,medium,bad,Stadio Atleti Azzurri d'Italia,26562.0,1.0,0.0,H
2024-10-05,Serie A,2024_2025,normal,0,Inter,Torino,3,2,H,4,4,Home Win,medium,medium,NA,NA,2.0,1.0,H
2024-10-05,Serie A,2024_2025,normal,0,Udinese,Lecce,1,0,H,3,2,Home Win,bad,bad,Stadio Friuli,25144.0,0.0,0.0,D
2024-10-06,Bundesliga,2024_2025,normal,0,Ein Frankfurt,Bayern Munich,3,3,D,9,7,Draw,good,good,Frankfurt Stadyumu,52300.0,2.0,2.0,D
2024-10-06,Bundesliga,2024_2025,normal,0,Heidenheim,RB Leipzig,0,1,A,3,5,Away Win,bad,medium,NA,NA,0.0,0.0,D
2024-10-06,Bundesliga,2024_2025,normal,0,Stuttgart,Hoffenheim,1,1,D,7,0,Draw,good,bad,MHPArena,60469.0,0.0,1.0,A
2024-10-06,La Liga,2024_2025,normal,0,Alaves,Barcelona,0,3,A,3,6,Away Win,bad,medium,Mendizorrotza,19900.0,0.0,3.0,A
2024-10-06,La Liga,2024_2025,normal,0,Girona,Ath Bilbao,2,1,H,2,7,Home Win,bad,good,Montilivi,9500.0,1.0,1.0,D
2024-10-06,La Liga,2024_2025,normal,0,Sevilla,Betis,1,0,H,4,4,Home Win,medium,medium,Ramón Sánchez Pizjuán,48649.0,0.0,0.0,D
2024-10-06,La Liga,2024_2025,normal,0,Sociedad,Ath Madrid,1,1,D,4,5,Draw,medium,medium,Anoeta,32076.0,0.0,1.0,A
2024-10-06,Ligue 1,2024_2025,normal,0,Brest,Le Havre,2,0,H,3,0,Home Win,bad,bad,NA,NA,1.0,0.0,H
2024-10-06,Ligue 1,2024_2025,normal,0,Lyon,Nantes,2,0,H,4,2,Home Win,medium,bad,Gerland Stadyumu,41044.0,1.0,0.0,H
2024-10-06,Ligue 1,2024_2025,normal,0,Nice,Paris SG,1,1,D,4,7,Draw,medium,good,Grand Stade Nice,35624.0,1.0,0.0,H
2024-10-06,Ligue 1,2024_2025,normal,0,Reims,Montpellier,4,2,H,7,3,Home Win,good,bad,Stade Auguste-Delaune II,21684.0,2.0,1.0,H
2024-10-06,Ligue 1,2024_2025,normal,0,Strasbourg,Lens,2,2,D,5,3,Draw,medium,bad,Meinau Stadyumu,29230.0,1.0,2.0,A
2024-10-06,Premier League,2024_2025,normal,0,Aston Villa,Man United,0,0,D,7,4,Draw,good,medium,Villa Park,42786.0,0.0,0.0,D
2024-10-06,Premier League,2024_2025,normal,0,Brighton,Tottenham,3,2,H,2,6,Home Win,bad,medium,Falmer Stadyumu,22500.0,0.0,2.0,A
2024-10-06,Premier League,2024_2025,normal,0,Chelsea,Nott'm Forest,1,1,D,9,4,Draw,good,medium,Stamford Bridge,42449.0,0.0,0.0,D
2024-10-06,Serie A,2024_2025,normal,0,Bologna,Parma,0,0,D,5,1,Draw,medium,bad,Stadio Renato Dall'Ara,38279.0,0.0,0.0,D
2024-10-06,Serie A,2024_2025,normal,0,Fiorentina,Milan,2,1,H,4,9,Home Win,medium,good,Stadio Artemio Franchi,43147.0,1.0,0.0,H
2024-10-06,Serie A,2024_2025,normal,0,Juventus,Cagliari,1,1,D,5,3,Draw,medium,bad,Juventus Stadium,41507.0,1.0,0.0,H
2024-10-06,Serie A,2024_2025,normal,0,Lazio,Empoli,2,1,H,6,5,Home Win,medium,medium,NA,NA,1.0,1.0,D
2024-10-06,Serie A,2024_2025,normal,0,Monza,Roma,1,1,D,1,7,Draw,bad,good,Stadio Brianteo,15039.0,0.0,0.0,D
2024-10-18,Bundesliga,2024_2025,normal,0,Dortmund,St Pauli,2,1,H,3,4,Home Win,bad,medium,Signal Iduna Park,81359.0,1.0,0.0,H
2024-10-18,La Liga,2024_2025,normal,0,Alaves,Valladolid,2,3,A,0,0,Away Win,bad,bad,Mendizorrotza,19900.0,1.0,1.0,D
2024-10-18,Ligue 1,2024_2025,normal,0,Monaco,Lille,0,0,D,9,7,Draw,good,good,NA,NA,0.0,0.0,D
2024-10-19,Bundesliga,2024_2025,normal,0,Bayern Munich,Stuttgart,4,0,H,5,5,Home Win,medium,medium,NA,NA,0.0,0.0,D
2024-10-19,Bundesliga,2024_2025,normal,0,Freiburg,Augsburg,3,1,H,6,3,Home Win,medium,bad,Kara Orman Stadyumu,24036.0,3.0,0.0,H
2024-10-19,Bundesliga,2024_2025,normal,0,Hoffenheim,Bochum,3,1,H,1,1,Home Win,bad,bad,NA,NA,1.0,0.0,H
2024-10-19,Bundesliga,2024_2025,normal,0,Leverkusen,Ein Frankfurt,2,1,H,5,7,Home Win,medium,good,NA,NA,1.0,1.0,D
2024-10-19,Bundesliga,2024_2025,normal,0,M'gladbach,Heidenheim,3,2,H,3,3,Home Win,bad,bad,Stadion im Borussia-Park,54067.0,1.0,1.0,D
2024-10-19,Bundesliga,2024_2025,normal,0,Mainz,RB Leipzig,0,2,A,6,7,Away Win,medium,good,NA,NA,0.0,2.0,A
2024-10-19,La Liga,2024_2025,normal,0,Ath Bilbao,Espanol,4,1,H,4,3,Home Win,medium,bad,NA,NA,3.0,0.0,H
2024-10-19,La Liga,2024_2025,normal,0,Celta,Real Madrid,1,2,A,4,7,Away Win,medium,good,NA,NA,0.0,1.0,A
2024-10-19,La Liga,2024_2025,normal,0,Girona,Sociedad,0,1,A,5,5,Away Win,medium,medium,Montilivi,9500.0,0.0,1.0,A
2024-10-19,La Liga,2024_2025,normal,0,Osasuna,Betis,1,2,A,5,4,Away Win,medium,medium,Reyno de Navarra,19800.0,0.0,1.0,A
2024-10-19,Ligue 1,2024_2025,normal,0,Brest,Rennes,1,1,D,6,1,Draw,medium,bad,NA,NA,0.0,0.0,D
2024-10-19,Ligue 1,2024_2025,normal,0,Paris SG,Strasbourg,4,2,H,5,5,Home Win,medium,medium,NA,NA,1.0,0.0,H
2024-10-19,Ligue 1,2024_2025,normal,0,St Etienne,Lens,0,2,A,4,3,Away Win,medium,bad,NA,NA,0.0,1.0,A
2024-10-19,Premier League,2024_2025,normal,0,Bournemouth,Arsenal,2,0,H,3,7,Home Win,bad,good,Dean Court,9776.0,0.0,0.0,D
2024-10-19,Premier League,2024_2025,normal,0,Fulham,Aston Villa,1,3,A,6,5,Away Win,medium,medium,Craven Cottage,25700.0,1.0,1.0,D
2024-10-19,Premier League,2024_2025,normal,0,Ipswich,Everton,0,2,A,2,5,Away Win,bad,medium,Portman Road,30311.0,0.0,2.0,A
2024-10-19,Premier League,2024_2025,normal,0,Man United,Brentford,2,1,H,2,4,Home Win,bad,medium,Old Trafford,75653.0,0.0,1.0,A
2024-10-19,Premier League,2024_2025,normal,0,Newcastle,Brighton,0,1,A,2,4,Away Win,bad,medium,St James' Park,52409.0,0.0,1.0,A
2024-10-19,Premier League,2024_2025,normal,0,Southampton,Leicester,2,3,A,1,4,Away Win,bad,medium,St Mary's Stadium,32689.0,2.0,0.0,H
2024-10-19,Premier League,2024_2025,normal,0,Tottenham,West Ham,4,1,H,6,4,Home Win,medium,medium,White Hart Lane,36230.0,1.0,1.0,D
2024-10-19,Serie A,2024_2025,normal,0,Como,Parma,1,1,D,6,2,Draw,medium,bad,Stadio Giuseppe Sinigaglia,13602.0,1.0,1.0,D
2024-10-19,Serie A,2024_2025,normal,0,Genoa,Bologna,2,2,D,0,5,Draw,bad,medium,NA,NA,0.0,1.0,A
2024-10-19,Serie A,2024_2025,normal,0,Juventus,Lazio,1,0,H,5,6,Home Win,medium,medium,Juventus Stadium,41507.0,0.0,0.0,D
2024-10-19,Serie A,2024_2025,normal,0,Milan,Udinese,1,0,H,6,3,Home Win,medium,bad,NA,NA,1.0,0.0,H
2024-10-20,Bundesliga,2024_2025,normal,0,Holstein Kiel,Union Berlin,0,2,A,2,6,Away Win,bad,medium,NA,NA,0.0,1.0,A
2024-10-20,Bundesliga,2024_2025,normal,0,Wolfsburg,Werder Bremen,2,4,A,4,3,Away Win,medium,bad,Volkswagen Arena,30000.0,1.0,1.0,D
2024-10-20,La Liga,2024_2025,normal,0,Ath Madrid,Leganes,3,1,H,5,3,Home Win,medium,bad,Vicente Calderón,54851.0,0.0,1.0,A
2024-10-20,La Liga,2024_2025,normal,0,Barcelona,Sevilla,5,1,H,6,7,Home Win,medium,good,Camp Nou,99354.0,3.0,0.0,H
2024-10-20,La Liga,2024_2025,normal,0,Mallorca,Vallecano,1,0,H,6,5,Home Win,medium,medium,Son Moix Stadyumu,23142.0,0.0,0.0,D
2024-10-20,La Liga,2024_2025,normal,0,Villarreal,Getafe,1,1,D,6,4,Draw,medium,medium,El Madrigal,26000.0,1.0,0.0,H
2024-10-20,Ligue 1,2024_2025,normal,0,Auxerre,Reims,2,1,H,3,7,Home Win,bad,good,Stade de l'Abbé-Deschamps,23467.0,1.0,0.0,H
2024-10-20,Ligue 1,2024_2025,normal,0,Le Havre,Lyon,0,4,A,0,6,Away Win,bad,medium,NA,NA,0.0,1.0,A
2024-10-20,Ligue 1,2024_2025,normal,0,Montpellier,Marseille,0,5,A,3,4,Away Win,bad,medium,Stade de la Mosson,32939.0,0.0,3.0,A
2024-10-20,Ligue 1,2024_2025,normal,0,Nantes,Nice,1,1,D,2,5,Draw,bad,medium,Beaujoire Stadyumu,38285.0,0.0,0.0,D
2024-10-20,Ligue 1,2024_2025,normal,0,Toulouse,Angers,1,1,D,0,2,Draw,bad,bad,Belediye Stadyumu (Toulouse),35575.0,0.0,1.0,A
2024-10-20,Premier League,2024_2025,normal,0,Liverpool,Chelsea,2,1,H,9,7,Home Win,good,good,Anfield,45276.0,1.0,0.0,H
2024-10-20,Premier League,2024_2025,normal,0,Wolves,Man City,1,2,A,0,5,Away Win,bad,medium,Molineux,24259.0,1.0,1.0,D
2024-10-20,Serie A,2024_2025,normal,0,Cagliari,Torino,3,2,H,4,3,Home Win,medium,bad,Unipol Domus,16233.0,1.0,1.0,D
2024-10-20,Serie A,2024_2025,normal,0,Empoli,Napoli,0,1,A,4,7,Away Win,medium,good,Stadio Carlo Castellani,21092.0,0.0,0.0,D
2024-10-20,Serie A,2024_2025,normal,0,Lecce,Fiorentina,0,6,A,1,7,Away Win,bad,good,Stadio Via del Mare,40670.0,0.0,3.0,A
2024-10-20,Serie A,2024_2025,normal,0,Roma,Inter,0,1,A,7,6,Away Win,good,medium,Campo Testaccio,20000.0,0.0,0.0,D
2024-10-20,Serie A,2024_2025,normal,0,Venezia,Atalanta,0,2,A,3,4,Away Win,bad,medium,Stadio Pier Luigi Penzo,7450.0,0.0,1.0,A
2024-10-21,La Liga,2024_2025,normal,0,Valencia,Las Palmas,2,3,A,2,1,Away Win,bad,bad,Mestalla,55000.0,1.0,1.0,D
2024-10-21,Premier League,2024_2025,normal,0,Nott'm Forest,Crystal Palace,1,0,H,2,1,Home Win,bad,bad,City Ground,30576.0,0.0,0.0,D
2024-10-21,Serie A,2024_2025,normal,0,Verona,Monza,0,3,A,3,1,Away Win,bad,bad,NA,NA,0.0,1.0,A
2024-10-25,Bundesliga,2024_2025,normal,0,Mainz,M'gladbach,1,1,D,3,6,Draw,bad,medium,NA,NA,0.0,0.0,D
2024-10-25,La Liga,2024_2025,normal,0,Espanol,Sevilla,0,2,A,3,4,Away Win,bad,medium,NA,NA,0.0,2.0,A
2024-10-25,Ligue 1,2024_2025,normal,0,Rennes,Le Havre,1,0,H,1,0,Home Win,bad,bad,Stade de la Route de Lorient,31127.0,0.0,0.0,D
2024-10-25,Premier League,2024_2025,normal,0,Leicester,Nott'm Forest,1,3,A,6,4,Away Win,medium,medium,King Power Stadyumu,32312.0,1.0,1.0,D
2024-10-25,Serie A,2024_2025,normal,0,Torino,Como,1,0,H,0,4,Home Win,bad,medium,Stadio Filadelfia,4000.0,0.0,0.0,D
2024-10-25,Serie A,2024_2025,normal,0,Udinese,Cagliari,2,0,H,3,7,Home Win,bad,good,Stadio Friuli,25144.0,1.0,0.0,H
2024-10-26,Bundesliga,2024_2025,normal,0,Augsburg,Dortmund,2,1,H,3,6,Home Win,bad,medium,Impuls Arena,30660.0,1.0,1.0,D
2024-10-26,Bundesliga,2024_2025,normal,0,RB Leipzig,Freiburg,3,1,H,9,6,Home Win,good,medium,Red Bull Arena,44345.0,0.0,1.0,A
2024-10-26,Bundesliga,2024_2025,normal,0,St Pauli,Wolfsburg,0,0,D,3,4,Draw,bad,medium,NA,NA,0.0,0.0,D
2024-10-26,Bundesliga,2024_2025,normal,0,Stuttgart,Holstein Kiel,2,1,H,2,1,Home Win,bad,bad,MHPArena,60469.0,1.0,0.0,H
2024-10-26,Bundesliga,2024_2025,normal,0,Werder Bremen,Leverkusen,2,2,D,6,5,Draw,medium,medium,Weser Stadyumu,42358.0,0.0,1.0,A
2024-10-26,La Liga,2024_2025,normal,0,Las Palmas,Girona,1,0,H,3,4,Home Win,bad,medium,Gran Canaria,32520.0,1.0,0.0,H
2024-10-26,La Liga,2024_2025,normal,0,Real Madrid,Barcelona,0,4,A,7,6,Away Win,good,medium,Santiago Bernabéu,80354.0,0.0,0.0,D
2024-10-26,La Liga,2024_2025,normal,0,Valladolid,Villarreal,1,2,A,3,4,Away Win,bad,medium,José Zorilla,26512.0,0.0,1.0,A
2024-10-26,La Liga,2024_2025,normal,0,Vallecano,Alaves,1,0,H,4,0,Home Win,medium,bad,Teresa Rivero,15000.0,0.0,0.0,D
2024-10-26,Ligue 1,2024_2025,normal,0,Angers,St Etienne,4,2,H,2,4,Home Win,bad,medium,NA,NA,2.0,1.0,H
2024-10-26,Ligue 1,2024_2025,normal,0,Lens,Lille,0,2,A,5,7,Away Win,medium,good,Stade Félix Bollaert,41233.0,0.0,0.0,D
2024-10-26,Ligue 1,2024_2025,normal,0,Reims,Brest,1,2,A,6,4,Away Win,medium,medium,Stade Auguste-Delaune II,21684.0,1.0,2.0,A
2024-10-26,Premier League,2024_2025,normal,0,Aston Villa,Bournemouth,1,1,D,5,6,Draw,medium,medium,Villa Park,42786.0,0.0,0.0,D
2024-10-26,Premier League,2024_2025,normal,0,Brentford,Ipswich,4,3,H,4,1,Home Win,medium,bad,Griffin Park,12763.0,2.0,2.0,D
2024-10-26,Premier League,2024_2025,normal,0,Brighton,Wolves,2,2,D,6,0,Draw,medium,bad,Falmer Stadyumu,22500.0,1.0,0.0,H
2024-10-26,Premier League,2024_2025,normal,0,Everton,Fulham,1,1,D,7,3,Draw,good,bad,Goodison Park,40157.0,0.0,0.0,D
2024-10-26,Premier League,2024_2025,normal,0,Man City,Southampton,1,0,H,7,0,Home Win,good,bad,Etihad Stadium,47405.0,1.0,0.0,H
2024-10-26,Serie A,2024_2025,normal,0,Atalanta,Verona,6,1,H,7,3,Home Win,good,bad,Stadio Atleti Azzurri d'Italia,26562.0,5.0,1.0,H
2024-10-26,Serie A,2024_2025,normal,0,Napoli,Lecce,1,0,H,9,0,Home Win,good,bad,Stadio Arturo Collana,12000.0,0.0,0.0,D
2024-10-27,Bundesliga,2024_2025,normal,0,Bochum,Bayern Munich,0,5,A,0,5,Away Win,bad,medium,NA,NA,0.0,2.0,A
2024-10-27,Bundesliga,2024_2025,normal,0,Heidenheim,Hoffenheim,0,0,D,3,4,Draw,bad,medium,NA,NA,0.0,0.0,D
2024-10-27,Bundesliga,2024_2025,normal,0,Union Berlin,Ein Frankfurt,1,1,D,6,4,Draw,medium,medium,Stadion An der Alten Försterei,22012.0,0.0,1.0,A
2024-10-27,La Liga,2024_2025,normal,0,Betis,Ath Madrid,1,0,H,6,5,Home Win,medium,medium,Benito Villamarín,52745.0,1.0,0.0,H
2024-10-27,La Liga,2024_2025,normal,0,Getafe,Valencia,1,1,D,5,1,Draw,medium,bad,Alfonso Pérez,16000.0,0.0,1.0,A
2024-10-27,La Liga,2024_2025,normal,0,Leganes,Celta,3,0,H,2,4,Home Win,bad,medium,NA,NA,0.0,0.0,D
2024-10-27,La Liga,2024_2025,normal,0,Sociedad,Osasuna,0,2,A,7,4,Away Win,good,medium,Anoeta,32076.0,0.0,2.0,A
2024-10-27,Ligue 1,2024_2025,normal,0,Lyon,Auxerre,2,2,D,9,6,Draw,good,medium,Gerland Stadyumu,41044.0,1.0,0.0,H
2024-10-27,Ligue 1,2024_2025,normal,0,Marseille,Paris SG,0,3,A,4,7,Away Win,medium,good,Vélodrome Stadyumu,60013.0,0.0,3.0,A
2024-10-27,Ligue 1,2024_2025,normal,0,Montpellier,Toulouse,0,3,A,0,1,Away Win,bad,bad,Stade de la Mosson,32939.0,0.0,3.0,A
2024-10-27,Ligue 1,2024_2025,normal,0,Nice,Monaco,2,1,H,3,7,Home Win,bad,good,Grand Stade Nice,35624.0,1.0,1.0,D
2024-10-27,Ligue 1,2024_2025,normal,0,Strasbourg,Nantes,3,1,H,4,2,Home Win,medium,bad,Meinau Stadyumu,29230.0,1.0,0.0,H
2024-10-27,Premier League,2024_2025,normal,0,Arsenal,Liverpool,2,2,D,6,9,Draw,medium,good,Emirates Stadyumu,60361.0,2.0,1.0,H
2024-10-27,Premier League,2024_2025,normal,0,Chelsea,Newcastle,2,1,H,4,2,Home Win,medium,bad,Stamford Bridge,42449.0,1.0,1.0,D
2024-10-27,Premier League,2024_2025,normal,0,Crystal Palace,Tottenham,1,0,H,0,6,Home Win,bad,medium,Selhurst Park,26225.0,1.0,0.0,H
2024-10-27,Premier League,2024_2025,normal,0,West Ham,Man United,2,1,H,4,4,Home Win,medium,medium,The Boleyn Ground,35303.0,0.0,0.0,D
2024-10-27,Serie A,2024_2025,normal,0,Fiorentina,Roma,5,1,H,7,4,Home Win,good,medium,Stadio Artemio Franchi,43147.0,3.0,1.0,H
2024-10-27,Serie A,2024_2025,normal,0,Inter,Juventus,4,4,D,9,7,Draw,good,good,NA,NA,3.0,2.0,H
2024-10-27,Serie A,2024_2025,normal,0,Lazio,Genoa,3,0,H,6,1,Home Win,medium,bad,NA,NA,1.0,0.0,H
2024-10-27,Serie A,2024_2025,normal,0,Monza,Venezia,2,2,D,4,0,Draw,medium,bad,Stadio Brianteo,15039.0,2.0,2.0,D
2024-10-27,Serie A,2024_2025,normal,0,Parma,Empoli,1,1,D,2,1,Draw,bad,bad,Stadio Ennio Tardini,27906.0,0.0,1.0,A
2024-10-28,La Liga,2024_2025,normal,0,Mallorca,Ath Bilbao,0,0,D,6,4,Draw,medium,medium,Son Moix Stadyumu,23142.0,0.0,0.0,D
2024-10-29,Serie A,2024_2025,normal,0,Cagliari,Bologna,0,2,A,4,3,Away Win,medium,bad,Unipol Domus,16233.0,0.0,1.0,A
2024-10-29,Serie A,2024_2025,normal,0,Lecce,Verona,1,0,H,0,3,Home Win,bad,bad,Stadio Via del Mare,40670.0,0.0,0.0,D
2024-10-29,Serie A,2024_2025,normal,0,Milan,Napoli,0,2,A,6,9,Away Win,medium,good,NA,NA,0.0,2.0,A
2024-10-30,Serie A,2024_2025,normal,0,Atalanta,Monza,2,0,H,9,5,Home Win,good,medium,Stadio Atleti Azzurri d'Italia,26562.0,0.0,0.0,D
2024-10-30,Serie A,2024_2025,normal,0,Empoli,Inter,0,3,A,1,7,Away Win,bad,good,Stadio Carlo Castellani,21092.0,0.0,0.0,D
2024-10-30,Serie A,2024_2025,normal,0,Juventus,Parma,2,2,D,5,3,Draw,medium,bad,Juventus Stadium,41507.0,1.0,2.0,A
2024-10-30,Serie A,2024_2025,normal,0,Venezia,Udinese,3,2,H,1,6,Home Win,bad,medium,Stadio Pier Luigi Penzo,7450.0,1.0,2.0,A
2024-10-31,Serie A,2024_2025,normal,0,Como,Lazio,1,5,A,1,6,Away Win,bad,medium,Stadio Giuseppe Sinigaglia,13602.0,0.0,2.0,A
2024-10-31,Serie A,2024_2025,normal,0,Genoa,Fiorentina,0,1,A,1,9,Away Win,bad,good,NA,NA,0.0,0.0,D
2024-10-31,Serie A,2024_2025,normal,0,Roma,Torino,1,0,H,1,3,Home Win,bad,bad,Campo Testaccio,20000.0,1.0,0.0,H
2024-11-01,Bundesliga,2024_2025,normal,0,Leverkusen,Stuttgart,0,0,D,5,4,Draw,medium,medium,NA,NA,0.0,0.0,D
2024-11-01,La Liga,2024_2025,normal,0,Alaves,Mallorca,1,0,H,0,4,Home Win,bad,medium,Mendizorrotza,19900.0,0.0,0.0,D
2024-11-01,Ligue 1,2024_2025,normal,0,Lille,Lyon,1,1,D,7,7,Draw,good,good,Stade Borne de l'Espoir,50186.0,1.0,0.0,H
2024-11-01,Ligue 1,2024_2025,normal,0,Monaco,Angers,0,1,A,4,5,Away Win,medium,medium,NA,NA,0.0,1.0,A
2024-11-02,Bundesliga,2024_2025,normal,0,Bayern Munich,Union Berlin,3,0,H,7,7,Home Win,good,good,NA,NA,2.0,0.0,H
2024-11-02,Bundesliga,2024_2025,normal,0,Dortmund,RB Leipzig,2,1,H,3,9,Home Win,bad,good,Signal Iduna Park,81359.0,1.0,1.0,D
2024-11-02,Bundesliga,2024_2025,normal,0,Ein Frankfurt,Bochum,7,2,H,2,0,Home Win,bad,bad,Frankfurt Stadyumu,52300.0,4.0,1.0,H
2024-11-02,Bundesliga,2024_2025,normal,0,Hoffenheim,St Pauli,0,2,A,5,1,Away Win,medium,bad,NA,NA,0.0,1.0,A
2024-11-02,Bundesliga,2024_2025,normal,0,Holstein Kiel,Heidenheim,1,0,H,1,1,Home Win,bad,bad,NA,NA,1.0,0.0,H
2024-11-02,Bundesliga,2024_2025,normal,0,Wolfsburg,Augsburg,1,1,D,4,6,Draw,medium,medium,Volkswagen Arena,30000.0,0.0,1.0,A
2024-11-02,La Liga,2024_2025,normal,0,Girona,Leganes,4,3,H,3,4,Home Win,bad,medium,Montilivi,9500.0,2.0,2.0,D
2024-11-02,La Liga,2024_2025,normal,0,Osasuna,Valladolid,1,0,H,4,3,Home Win,medium,bad,Reyno de Navarra,19800.0,1.0,0.0,H
2024-11-02,Ligue 1,2024_2025,normal,0,Brest,Nice,0,1,A,7,5,Away Win,good,medium,NA,NA,0.0,1.0,A
2024-11-02,Ligue 1,2024_2025,normal,0,Paris SG,Lens,1,0,H,7,4,Home Win,good,medium,NA,NA,1.0,0.0,H
2024-11-02,Ligue 1,2024_2025,normal,0,St Etienne,Strasbourg,2,0,H,3,4,Home Win,bad,medium,NA,NA,0.0,0.0,D
2024-11-02,Premier League,2024_2025,normal,0,Bournemouth,Man City,2,1,H,4,9,Home Win,medium,good,Dean Court,9776.0,1.0,0.0,H
2024-11-02,Premier League,2024_2025,normal,0,Ipswich,Leicester,1,1,D,0,6,Draw,bad,medium,Portman Road,30311.0,0.0,0.0,D
2024-11-02,Premier League,2024_2025,normal,0,Liverpool,Brighton,2,1,H,7,7,Home Win,good,good,Anfield,45276.0,0.0,1.0,A
2024-11-02,Premier League,2024_2025,normal,0,Newcastle,Arsenal,1,0,H,1,4,Home Win,bad,medium,St James' Park,52409.0,1.0,0.0,H
2024-11-02,Premier League,2024_2025,normal,0,Nott'm Forest,West Ham,3,0,H,7,6,Home Win,good,medium,City Ground,30576.0,1.0,0.0,H
2024-11-02,Premier League,2024_2025,normal,0,Southampton,Everton,1,0,H,0,5,Home Win,bad,medium,St Mary's Stadium,32689.0,0.0,0.0,D
2024-11-02,Premier League,2024_2025,normal,0,Wolves,Crystal Palace,2,2,D,1,3,Draw,bad,bad,Molineux,24259.0,0.0,0.0,D
2024-11-02,Serie A,2024_2025,normal,0,Bologna,Lecce,1,0,H,5,3,Home Win,medium,bad,Stadio Renato Dall'Ara,38279.0,0.0,0.0,D
2024-11-02,Serie A,2024_2025,normal,0,Monza,Milan,0,1,A,4,3,Away Win,medium,bad,Stadio Brianteo,15039.0,0.0,1.0,A
2024-11-02,Serie A,2024_2025,normal,0,Udinese,Juventus,0,2,A,3,5,Away Win,bad,medium,Stadio Friuli,25144.0,0.0,2.0,A
2024-11-03,Bundesliga,2024_2025,normal,0,Freiburg,Mainz,0,0,D,6,4,Draw,medium,medium,Kara Orman Stadyumu,24036.0,0.0,0.0,D
2024-11-03,Bundesliga,2024_2025,normal,0,M'gladbach,Werder Bremen,4,1,H,4,4,Home Win,medium,medium,Stadion im Borussia-Park,54067.0,3.0,0.0,H
2024-11-03,La Liga,2024_2025,normal,0,Ath Bilbao,Betis,1,1,D,4,6,Draw,medium,medium,NA,NA,0.0,0.0,D
2024-11-03,La Liga,2024_2025,normal,0,Ath Madrid,Las Palmas,2,0,H,4,6,Home Win,medium,medium,Vicente Calderón,54851.0,1.0,0.0,H
2024-11-03,La Liga,2024_2025,normal,0,Barcelona,Espanol,3,1,H,9,3,Home Win,good,bad,Camp Nou,99354.0,3.0,0.0,H
2024-11-03,La Liga,2024_2025,normal,0,Sevilla,Sociedad,0,2,A,6,4,Away Win,medium,medium,Ramón Sánchez Pizjuán,48649.0,0.0,1.0,A
2024-11-03,Ligue 1,2024_2025,normal,0,Auxerre,Rennes,4,0,H,4,4,Home Win,medium,medium,Stade de l'Abbé-Deschamps,23467.0,2.0,0.0,H
2024-11-03,Ligue 1,2024_2025,normal,0,Le Havre,Montpellier,1,0,H,0,0,Home Win,bad,bad,NA,NA,0.0,0.0,D
2024-11-03,Ligue 1,2024_2025,normal,0,Nantes,Marseille,1,2,A,1,4,Away Win,bad,medium,Beaujoire Stadyumu,38285.0,1.0,1.0,D
2024-11-03,Ligue 1,2024_2025,normal,0,Toulouse,Reims,1,0,H,4,3,Home Win,medium,bad,Belediye Stadyumu (Toulouse),35575.0,0.0,0.0,D
2024-11-03,Premier League,2024_2025,normal,0,Man United,Chelsea,1,1,D,4,4,Draw,medium,medium,Old Trafford,75653.0,0.0,0.0,D
2024-11-03,Premier League,2024_2025,normal,0,Tottenham,Aston Villa,4,1,H,3,5,Home Win,bad,medium,White Hart Lane,36230.0,0.0,1.0,A
2024-11-03,Serie A,2024_2025,normal,0,Inter,Venezia,1,0,H,7,4,Home Win,good,medium,NA,NA,0.0,0.0,D
2024-11-03,Serie A,2024_2025,normal,0,Napoli,Atalanta,0,3,A,9,9,Away Win,good,good,Stadio Arturo Collana,12000.0,0.0,2.0,A
2024-11-03,Serie A,2024_2025,normal,0,Torino,Fiorentina,0,1,A,3,9,Away Win,bad,good,Stadio Filadelfia,4000.0,0.0,1.0,A
2024-11-03,Serie A,2024_2025,normal,0,Verona,Roma,3,2,H,0,3,Home Win,bad,bad,NA,NA,2.0,1.0,H
2024-11-04,La Liga,2024_2025,normal,0,Celta,Getafe,1,0,H,3,3,Home Win,bad,bad,NA,NA,1.0,0.0,H
2024-11-04,Premier League,2024_2025,normal,0,Fulham,Brentford,2,1,H,1,6,Home Win,bad,medium,Craven Cottage,25700.0,0.0,1.0,A
2024-11-04,Serie A,2024_2025,normal,0,Empoli,Como,1,0,H,1,1,Home Win,bad,bad,Stadio Carlo Castellani,21092.0,0.0,0.0,D
2024-11-04,Serie A,2024_2025,normal,0,Lazio,Cagliari,2,1,H,6,3,Home Win,medium,bad,NA,NA,1.0,1.0,D
2024-11-04,Serie A,2024_2025,normal,0,Parma,Genoa,0,1,A,3,1,Away Win,bad,bad,Stadio Ennio Tardini,27906.0,0.0,0.0,D
2024-11-07,Serie A,2024_2025,normal,0,Genoa,Como,1,1,D,3,0,Draw,bad,bad,NA,NA,0.0,1.0,A
2024-11-08,Bundesliga,2024_2025,normal,0,Union Berlin,Freiburg,0,0,D,4,4,Draw,medium,medium,Stadion An der Alten Försterei,22012.0,0.0,0.0,D
2024-11-08,La Liga,2024_2025,normal,0,Vallecano,Las Palmas,1,3,A,6,6,Away Win,medium,medium,Teresa Rivero,15000.0,0.0,1.0,A
2024-11-08,Ligue 1,2024_2025,normal,0,Marseille,Auxerre,1,3,A,6,7,Away Win,medium,good,Vélodrome Stadyumu,60013.0,0.0,3.0,A
2024-11-08,Serie A,2024_2025,normal,0,Lecce,Empoli,1,1,D,3,4,Draw,bad,medium,Stadio Via del Mare,40670.0,0.0,1.0,A
2024-11-09,Bundesliga,2024_2025,normal,0,Bochum,Leverkusen,1,1,D,0,5,Draw,bad,medium,NA,NA,0.0,1.0,A
2024-11-09,Bundesliga,2024_2025,normal,0,Mainz,Dortmund,3,1,H,2,6,Home Win,bad,medium,NA,NA,2.0,1.0,H
2024-11-09,Bundesliga,2024_2025,normal,0,RB Leipzig,M'gladbach,0,0,D,6,7,Draw,medium,good,Red Bull Arena,44345.0,0.0,0.0,D
2024-11-09,Bundesliga,2024_2025,normal,0,St Pauli,Bayern Munich,0,1,A,4,9,Away Win,medium,good,NA,NA,0.0,1.0,A
2024-11-09,Bundesliga,2024_2025,normal,0,Werder Bremen,Holstein Kiel,2,1,H,4,3,Home Win,medium,bad,Weser Stadyumu,42358.0,1.0,0.0,H
2024-11-09,La Liga,2024_2025,normal,0,Leganes,Sevilla,1,0,H,3,3,Home Win,bad,bad,NA,NA,0.0,0.0,D
2024-11-09,La Liga,2024_2025,normal,0,Real Madrid,Osasuna,4,0,H,6,6,Home Win,medium,medium,Santiago Bernabéu,80354.0,2.0,0.0,H
2024-11-09,La Liga,2024_2025,normal,0,Villarreal,Alaves,3,0,H,4,3,Home Win,medium,bad,El Madrigal,26000.0,1.0,0.0,H
2024-11-09,Ligue 1,2024_2025,normal,0,Angers,Paris SG,2,4,A,7,9,Away Win,good,good,NA,NA,0.0,4.0,A
2024-11-09,Ligue 1,2024_2025,normal,0,Lens,Nantes,3,2,H,3,1,Home Win,bad,bad,Stade Félix Bollaert,41233.0,1.0,1.0,D
2024-11-09,Ligue 1,2024_2025,normal,0,Strasbourg,Monaco,1,3,A,3,1,Away Win,bad,bad,Meinau Stadyumu,29230.0,1.0,0.0,H
2024-11-09,Premier League,2024_2025,normal,0,Brentford,Bournemouth,3,2,H,3,7,Home Win,bad,good,Griffin Park,12763.0,1.0,1.0,D
2024-11-09,Premier League,2024_2025,normal,0,Brighton,Man City,2,1,H,4,6,Home Win,medium,medium,Falmer Stadyumu,22500.0,0.0,1.0,A
2024-11-09,Premier League,2024_2025,normal,0,Crystal Palace,Fulham,0,2,A,4,4,Away Win,medium,medium,Selhurst Park,26225.0,0.0,1.0,A
2024-11-09,Premier League,2024_2025,normal,0,Liverpool,Aston Villa,2,0,H,7,4,Home Win,good,medium,Anfield,45276.0,1.0,0.0,H
2024-11-09,Premier League,2024_2025,normal,0,West Ham,Everton,0,0,D,3,4,Draw,bad,medium,The Boleyn Ground,35303.0,0.0,0.0,D
2024-11-09,Premier League,2024_2025,normal,0,Wolves,Southampton,2,0,H,2,3,Home Win,bad,bad,Molineux,24259.0,1.0,0.0,H
2024-11-09,Serie A,2024_2025,normal,0,Cagliari,Milan,3,3,D,0,6,Draw,bad,medium,Unipol Domus,16233.0,1.0,2.0,A
2024-11-09,Serie A,2024_2025,normal,0,Juventus,Torino,2,0,H,5,3,Home Win,medium,bad,Juventus Stadium,41507.0,1.0,0.0,H
2024-11-09,Serie A,2024_2025,normal,0,Venezia,Parma,1,2,A,4,2,Away Win,medium,bad,Stadio Pier Luigi Penzo,7450.0,1.0,1.0,D
2024-11-10,Bundesliga,2024_2025,normal,0,Augsburg,Hoffenheim,0,0,D,4,4,Draw,medium,medium,Impuls Arena,30660.0,0.0,0.0,D
2024-11-10,Bundesliga,2024_2025,normal,0,Heidenheim,Wolfsburg,1,3,A,1,2,Away Win,bad,bad,NA,NA,0.0,2.0,A
2024-11-10,Bundesliga,2024_2025,normal,0,Stuttgart,Ein Frankfurt,2,3,A,4,4,Away Win,medium,medium,MHPArena,60469.0,0.0,1.0,A
2024-11-10,La Liga,2024_2025,normal,0,Betis,Celta,2,2,D,7,3,Draw,good,bad,Benito Villamarín,52745.0,1.0,1.0,D
2024-11-10,La Liga,2024_2025,normal,0,Getafe,Girona,0,1,A,2,3,Away Win,bad,bad,Alfonso Pérez,16000.0,0.0,1.0,A
2024-11-10,La Liga,2024_2025,normal,0,Mallorca,Ath Madrid,0,1,A,4,6,Away Win,medium,medium,Son Moix Stadyumu,23142.0,0.0,0.0,D
2024-11-10,La Liga,2024_2025,normal,0,Sociedad,Barcelona,1,0,H,6,9,Home Win,medium,good,Anoeta,32076.0,1.0,0.0,H
2024-11-10,La Liga,2024_2025,normal,0,Valladolid,Ath Bilbao,1,1,D,3,5,Draw,bad,medium,José Zorilla,26512.0,0.0,0.0,D
2024-11-10,Ligue 1,2024_2025,normal,0,Le Havre,Reims,0,3,A,3,0,Away Win,bad,bad,NA,NA,0.0,2.0,A
2024-11-10,Ligue 1,2024_2025,normal,0,Lyon,St Etienne,1,0,H,5,3,Home Win,medium,bad,Gerland Stadyumu,41044.0,1.0,0.0,H
2024-11-10,Ligue 1,2024_2025,normal,0,Montpellier,Brest,3,1,H,0,4,Home Win,bad,medium,Stade de la Mosson,32939.0,2.0,0.0,H
2024-11-10,Ligue 1,2024_2025,normal,0,Nice,Lille,2,2,D,7,5,Draw,good,medium,Grand Stade Nice,35624.0,0.0,1.0,A
2024-11-10,Ligue 1,2024_2025,normal,0,Rennes,Toulouse,0,2,A,4,7,Away Win,medium,good,Stade de la Route de Lorient,31127.0,0.0,2.0,A
2024-11-10,Premier League,2024_2025,normal,0,Chelsea,Arsenal,1,1,D,4,1,Draw,medium,bad,Stamford Bridge,42449.0,0.0,0.0,D
2024-11-10,Premier League,2024_2025,normal,0,Man United,Leicester,3,0,H,4,4,Home Win,medium,medium,Old Trafford,75653.0,2.0,0.0,H
2024-11-10,Premier League,2024_2025,normal,0,Nott'm Forest,Newcastle,1,3,A,9,3,Away Win,good,bad,City Ground,30576.0,1.0,0.0,H
2024-11-10,Premier League,2024_2025,normal,0,Tottenham,Ipswich,1,2,A,6,1,Away Win,medium,bad,White Hart Lane,36230.0,0.0,2.0,A
2024-11-10,Serie A,2024_2025,normal,0,Atalanta,Udinese,2,1,H,9,3,Home Win,good,bad,Stadio Atleti Azzurri d'Italia,26562.0,0.0,1.0,A
2024-11-10,Serie A,2024_2025,normal,0,Fiorentina,Verona,3,1,H,9,3,Home Win,good,bad,Stadio Artemio Franchi,43147.0,1.0,1.0,D
2024-11-10,Serie A,2024_2025,normal,0,Inter,Napoli,1,1,D,7,6,Draw,good,medium,NA,NA,1.0,1.0,D
2024-11-10,Serie A,2024_2025,normal,0,Monza,Lazio,0,1,A,1,9,Away Win,bad,good,Stadio Brianteo,15039.0,0.0,1.0,A
2024-11-10,Serie A,2024_2025,normal,0,Roma,Bologna,2,3,A,3,7,Away Win,bad,good,Campo Testaccio,20000.0,0.0,1.0,A
2024-11-22,Bundesliga,2024_2025,normal,0,Bayern Munich,Augsburg,3,0,H,9,5,Home Win,good,medium,NA,NA,0.0,0.0,D
2024-11-22,La Liga,2024_2025,normal,0,Getafe,Valladolid,2,0,H,1,1,Home Win,bad,bad,Alfonso Pérez,16000.0,0.0,0.0,D
2024-11-22,Ligue 1,2024_2025,normal,0,Monaco,Brest,3,2,H,3,3,Home Win,bad,bad,NA,NA,2.0,0.0,H
2024-11-22,Ligue 1,2024_2025,normal,0,Paris SG,Toulouse,3,0,H,9,9,Home Win,good,good,NA,NA,1.0,0.0,H
2024-11-23,Bundesliga,2024_2025,normal,0,Dortmund,Freiburg,4,0,H,3,2,Home Win,bad,bad,Signal Iduna Park,81359.0,2.0,0.0,H
2024-11-23,Bundesliga,2024_2025,normal,0,Ein Frankfurt,Werder Bremen,1,0,H,7,4,Home Win,good,medium,Frankfurt Stadyumu,52300.0,1.0,0.0,H
2024-11-23,Bundesliga,2024_2025,normal,0,Hoffenheim,RB Leipzig,4,3,H,2,4,Home Win,bad,medium,NA,NA,1.0,2.0,A
2024-11-23,Bundesliga,2024_2025,normal,0,Leverkusen,Heidenheim,5,2,H,3,1,Home Win,bad,bad,NA,NA,2.0,2.0,D
2024-11-23,Bundesliga,2024_2025,normal,0,Stuttgart,Bochum,2,0,H,4,1,Home Win,medium,bad,MHPArena,60469.0,0.0,0.0,D
2024-11-23,Bundesliga,2024_2025,normal,0,Wolfsburg,Union Berlin,1,0,H,5,2,Home Win,medium,bad,Volkswagen Arena,30000.0,0.0,0.0,D
2024-11-23,La Liga,2024_2025,normal,0,Ath Madrid,Alaves,2,1,H,6,3,Home Win,medium,bad,Vicente Calderón,54851.0,0.0,1.0,A
2024-11-23,La Liga,2024_2025,normal,0,Celta,Barcelona,2,2,D,4,6,Draw,medium,medium,NA,NA,0.0,1.0,A
2024-11-23,La Liga,2024_2025,normal,0,Girona,Espanol,4,1,H,6,0,Home Win,medium,bad,Montilivi,9500.0,4.0,0.0,H
2024-11-23,La Liga,2024_2025,normal,0,Las Palmas,Mallorca,2,3,A,6,1,Away Win,medium,bad,Gran Canaria,32520.0,0.0,0.0,D
2024-11-23,La Liga,2024_2025,normal,0,Valencia,Betis,4,2,H,2,5,Home Win,bad,medium,Mestalla,55000.0,1.0,1.0,D
2024-11-23,Ligue 1,2024_2025,normal,0,Lens,Marseille,1,3,A,3,3,Away Win,bad,bad,Stade Félix Bollaert,41233.0,0.0,0.0,D
2024-11-23,Ligue 1,2024_2025,normal,0,Reims,Lyon,1,1,D,3,5,Draw,bad,medium,Stade Auguste-Delaune II,21684.0,0.0,1.0,A
2024-11-23,Ligue 1,2024_2025,normal,0,St Etienne,Montpellier,1,0,H,3,3,Home Win,bad,bad,NA,NA,0.0,0.0,D
2024-11-23,Premier League,2024_2025,normal,0,Arsenal,Nott'm Forest,3,0,H,2,6,Home Win,bad,medium,Emirates Stadyumu,60361.0,1.0,0.0,H
2024-11-23,Premier League,2024_2025,normal,0,Aston Villa,Crystal Palace,2,2,D,1,4,Draw,bad,medium,Villa Park,42786.0,1.0,2.0,A
2024-11-23,Premier League,2024_2025,normal,0,Bournemouth,Brighton,1,2,A,4,4,Away Win,medium,medium,Dean Court,9776.0,0.0,1.0,A
2024-11-23,Premier League,2024_2025,normal,0,Everton,Brentford,0,0,D,2,6,Draw,bad,medium,Goodison Park,40157.0,0.0,0.0,D
2024-11-23,Premier League,2024_2025,normal,0,Fulham,Wolves,1,4,A,7,5,Away Win,good,medium,Craven Cottage,25700.0,1.0,1.0,D
2024-11-23,Premier League,2024_2025,normal,0,Leicester,Chelsea,1,2,A,1,5,Away Win,bad,medium,King Power Stadyumu,32312.0,0.0,1.0,A
2024-11-23,Premier League,2024_2025,normal,0,Man City,Tottenham,0,4,A,3,3,Away Win,bad,bad,Etihad Stadium,47405.0,0.0,2.0,A
2024-11-23,Serie A,2024_2025,normal,0,Milan,Juventus,0,0,D,4,7,Draw,medium,good,NA,NA,0.0,0.0,D
2024-11-23,Serie A,2024_2025,normal,0,Parma,Atalanta,1,3,A,4,9,Away Win,medium,good,Stadio Ennio Tardini,27906.0,0.0,2.0,A
2024-11-23,Serie A,2024_2025,normal,0,Verona,Inter,0,5,A,3,7,Away Win,bad,good,NA,NA,0.0,5.0,A
2024-11-24,Bundesliga,2024_2025,normal,0,Holstein Kiel,Mainz,0,3,A,3,5,Away Win,bad,medium,NA,NA,0.0,2.0,A
2024-11-24,Bundesliga,2024_2025,normal,0,M'gladbach,St Pauli,2,0,H,5,4,Home Win,medium,medium,Stadion im Borussia-Park,54067.0,2.0,0.0,H
2024-11-24,La Liga,2024_2025,normal,0,Ath Bilbao,Sociedad,1,0,H,3,6,Home Win,bad,medium,NA,NA,1.0,0.0,H
2024-11-24,La Liga,2024_2025,normal,0,Leganes,Real Madrid,0,3,A,6,6,Away Win,medium,medium,NA,NA,0.0,1.0,A
2024-11-24,La Liga,2024_2025,normal,0,Osasuna,Villarreal,2,2,D,6,7,Draw,medium,good,Reyno de Navarra,19800.0,2.0,0.0,H
2024-11-24,La Liga,2024_2025,normal,0,Sevilla,Vallecano,1,0,H,3,3,Home Win,bad,bad,Ramón Sánchez Pizjuán,48649.0,1.0,0.0,H
2024-11-24,Ligue 1,2024_2025,normal,0,Auxerre,Angers,1,0,H,7,6,Home Win,good,medium,Stade de l'Abbé-Deschamps,23467.0,0.0,0.0,D
2024-11-24,Ligue 1,2024_2025,normal,0,Lille,Rennes,1,0,H,5,3,Home Win,medium,bad,Stade Borne de l'Espoir,50186.0,1.0,0.0,H
2024-11-24,Ligue 1,2024_2025,normal,0,Nantes,Le Havre,0,2,A,0,3,Away Win,bad,bad,Beaujoire Stadyumu,38285.0,0.0,1.0,A
2024-11-24,Ligue 1,2024_2025,normal,0,Nice,Strasbourg,2,1,H,7,3,Home Win,good,bad,Grand Stade Nice,35624.0,0.0,1.0,A
2024-11-24,Premier League,2024_2025,normal,0,Ipswich,Man United,1,1,D,4,4,Draw,medium,medium,Portman Road,30311.0,1.0,1.0,D
2024-11-24,Premier League,2024_2025,normal,0,Southampton,Liverpool,2,3,A,3,7,Away Win,bad,good,St Mary's Stadium,32689.0,1.0,1.0,D
2024-11-24,Serie A,2024_2025,normal,0,Como,Fiorentina,0,2,A,1,9,Away Win,bad,good,Stadio Giuseppe Sinigaglia,13602.0,0.0,1.0,A
2024-11-24,Serie A,2024_2025,normal,0,Genoa,Cagliari,2,2,D,4,1,Draw,medium,bad,NA,NA,1.0,1.0,D
2024-11-24,Serie A,2024_2025,normal,0,Lazio,Bologna,3,0,H,9,9,Home Win,good,good,NA,NA,0.0,0.0,D
2024-11-24,Serie A,2024_2025,normal,0,Napoli,Roma,1,0,H,4,3,Home Win,medium,bad,Stadio Arturo Collana,12000.0,0.0,0.0,D
2024-11-24,Serie A,2024_2025,normal,0,Torino,Monza,1,1,D,0,0,Draw,bad,bad,Stadio Filadelfia,4000.0,0.0,0.0,D
2024-11-25,Premier League,2024_2025,normal,0,Newcastle,West Ham,0,2,A,6,4,Away Win,medium,medium,St James' Park,52409.0,0.0,1.0,A
2024-11-25,Serie A,2024_2025,normal,0,Empoli,Udinese,1,1,D,4,0,Draw,medium,bad,Stadio Carlo Castellani,21092.0,1.0,0.0,H
2024-11-25,Serie A,2024_2025,normal,0,Venezia,Lecce,0,1,A,3,4,Away Win,bad,medium,Stadio Pier Luigi Penzo,7450.0,0.0,0.0,D
2024-11-29,Bundesliga,2024_2025,normal,0,St Pauli,Holstein Kiel,3,1,H,3,3,Home Win,bad,bad,NA,NA,1.0,0.0,H
2024-11-29,La Liga,2024_2025,normal,0,Mallorca,Valencia,2,1,H,3,4,Home Win,bad,medium,Son Moix Stadyumu,23142.0,1.0,1.0,D
2024-11-29,Ligue 1,2024_2025,normal,0,Reims,Lens,0,2,A,4,3,Away Win,medium,bad,Stade Auguste-Delaune II,21684.0,0.0,1.0,A
2024-11-29,Premier League,2024_2025,normal,0,Brighton,Southampton,1,1,D,6,3,Draw,medium,bad,Falmer Stadyumu,22500.0,1.0,0.0,H
2024-11-29,Serie A,2024_2025,normal,0,Cagliari,Verona,1,0,H,2,3,Home Win,bad,bad,Unipol Domus,16233.0,0.0,0.0,D
2024-11-30,Bundesliga,2024_2025,normal,0,Augsburg,Bochum,1,0,H,2,1,Home Win,bad,bad,Impuls Arena,30660.0,1.0,0.0,H
2024-11-30,Bundesliga,2024_2025,normal,0,Dortmund,Bayern Munich,1,1,D,6,9,Draw,medium,good,Signal Iduna Park,81359.0,1.0,0.0,H
2024-11-30,Bundesliga,2024_2025,normal,0,Freiburg,M'gladbach,3,1,H,2,7,Home Win,bad,good,Kara Orman Stadyumu,24036.0,1.0,0.0,H
2024-11-30,Bundesliga,2024_2025,normal,0,RB Leipzig,Wolfsburg,1,5,A,1,7,Away Win,bad,good,Red Bull Arena,44345.0,0.0,3.0,A
2024-11-30,Bundesliga,2024_2025,normal,0,Union Berlin,Leverkusen,1,2,A,1,5,Away Win,bad,medium,Stadion An der Alten Försterei,22012.0,1.0,1.0,D
2024-11-30,Bundesliga,2024_2025,normal,0,Werder Bremen,Stuttgart,2,2,D,3,4,Draw,bad,medium,Weser Stadyumu,42358.0,1.0,1.0,D
2024-11-30,La Liga,2024_2025,normal,0,Alaves,Leganes,1,1,D,3,3,Draw,bad,bad,Mendizorrotza,19900.0,0.0,0.0,D
2024-11-30,La Liga,2024_2025,normal,0,Barcelona,Las Palmas,1,2,A,4,3,Away Win,medium,bad,Camp Nou,99354.0,0.0,0.0,D
2024-11-30,La Liga,2024_2025,normal,0,Espanol,Celta,3,1,H,0,5,Home Win,bad,medium,NA,NA,1.0,0.0,H
2024-11-30,La Liga,2024_2025,normal,0,Valladolid,Ath Madrid,0,5,A,1,9,Away Win,bad,good,José Zorilla,26512.0,0.0,3.0,A
2024-11-30,Ligue 1,2024_2025,normal,0,Brest,Strasbourg,3,1,H,0,0,Home Win,bad,bad,NA,NA,2.0,0.0,H
2024-11-30,Ligue 1,2024_2025,normal,0,Paris SG,Nantes,1,1,D,9,0,Draw,good,bad,NA,NA,1.0,1.0,D
2024-11-30,Ligue 1,2024_2025,normal,0,Rennes,St Etienne,5,0,H,0,6,Home Win,bad,medium,Stade de la Route de Lorient,31127.0,2.0,0.0,H
2024-11-30,Premier League,2024_2025,normal,0,Brentford,Leicester,4,1,H,4,1,Home Win,medium,bad,Griffin Park,12763.0,3.0,1.0,H
2024-11-30,Premier League,2024_2025,normal,0,Crystal Palace,Newcastle,1,1,D,2,6,Draw,bad,medium,Selhurst Park,26225.0,0.0,0.0,D
2024-11-30,Premier League,2024_2025,normal,0,Nott'm Forest,Ipswich,1,0,H,3,5,Home Win,bad,medium,City Ground,30576.0,0.0,0.0,D
2024-11-30,Premier League,2024_2025,normal,0,West Ham,Arsenal,2,5,A,4,4,Away Win,medium,medium,The Boleyn Ground,35303.0,2.0,5.0,A
2024-11-30,Premier League,2024_2025,normal,0,Wolves,Bournemouth,2,4,A,7,3,Away Win,good,bad,Molineux,24259.0,1.0,3.0,A
2024-11-30,Serie A,2024_2025,normal,0,Bologna,Venezia,3,0,H,6,0,Home Win,medium,bad,Stadio Renato Dall'Ara,38279.0,1.0,0.0,H
2024-11-30,Serie A,2024_2025,normal,0,Como,Monza,1,1,D,1,1,Draw,bad,bad,Stadio Giuseppe Sinigaglia,13602.0,1.0,0.0,H
2024-11-30,Serie A,2024_2025,normal,0,Milan,Empoli,3,0,H,5,5,Home Win,medium,medium,NA,NA,2.0,0.0,H
2024-12-01,Bundesliga,2024_2025,normal,0,Heidenheim,Ein Frankfurt,0,4,A,0,9,Away Win,bad,good,NA,NA,0.0,1.0,A
2024-12-01,Bundesliga,2024_2025,normal,0,Mainz,Hoffenheim,2,0,H,7,4,Home Win,good,medium,NA,NA,2.0,0.0,H
2024-12-01,La Liga,2024_2025,normal,0,Real Madrid,Getafe,2,0,H,6,3,Home Win,medium,bad,Santiago Bernabéu,80354.0,2.0,0.0,H
2024-12-01,La Liga,2024_2025,normal,0,Sociedad,Betis,2,0,H,6,2,Home Win,medium,bad,Anoeta,32076.0,2.0,0.0,H
2024-12-01,La Liga,2024_2025,normal,0,Vallecano,Ath Bilbao,1,2,A,3,5,Away Win,bad,medium,Teresa Rivero,15000.0,1.0,0.0,H
2024-12-01,La Liga,2024_2025,normal,0,Villarreal,Girona,2,2,D,7,9,Draw,good,good,El Madrigal,26000.0,1.0,0.0,H
2024-12-01,Ligue 1,2024_2025,normal,0,Le Havre,Angers,0,1,A,6,3,Away Win,medium,bad,NA,NA,0.0,0.0,D
2024-12-01,Ligue 1,2024_2025,normal,0,Lyon,Nice,4,1,H,5,7,Home Win,medium,good,Gerland Stadyumu,41044.0,3.0,1.0,H
2024-12-01,Ligue 1,2024_2025,normal,0,Marseille,Monaco,2,1,H,6,6,Home Win,medium,medium,Vélodrome Stadyumu,60013.0,0.0,1.0,A
2024-12-01,Ligue 1,2024_2025,normal,0,Montpellier,Lille,2,2,D,3,5,Draw,bad,medium,Stade de la Mosson,32939.0,1.0,1.0,D
2024-12-01,Ligue 1,2024_2025,normal,0,Toulouse,Auxerre,2,0,H,6,9,Home Win,medium,good,Belediye Stadyumu (Toulouse),35575.0,2.0,0.0,H
2024-12-01,Premier League,2024_2025,normal,0,Chelsea,Aston Villa,3,0,H,5,1,Home Win,medium,bad,Stamford Bridge,42449.0,2.0,0.0,H
2024-12-01,Premier League,2024_2025,normal,0,Liverpool,Man City,2,0,H,9,0,Home Win,good,bad,Anfield,45276.0,1.0,0.0,H
2024-12-01,Premier League,2024_2025,normal,0,Man United,Everton,4,0,H,5,2,Home Win,medium,bad,Old Trafford,75653.0,2.0,0.0,H
2024-12-01,Premier League,2024_2025,normal,0,Tottenham,Fulham,1,1,D,6,6,Draw,medium,medium,White Hart Lane,36230.0,0.0,0.0,D
2024-12-01,Serie A,2024_2025,normal,0,Lecce,Juventus,1,1,D,4,7,Draw,medium,good,Stadio Via del Mare,40670.0,0.0,0.0,D
2024-12-01,Serie A,2024_2025,normal,0,Parma,Lazio,3,1,H,3,9,Home Win,bad,good,Stadio Ennio Tardini,27906.0,1.0,0.0,H
2024-12-01,Serie A,2024_2025,normal,0,Torino,Napoli,0,1,A,1,4,Away Win,bad,medium,Stadio Filadelfia,4000.0,0.0,1.0,A
2024-12-01,Serie A,2024_2025,normal,0,Udinese,Genoa,0,2,A,1,5,Away Win,bad,medium,Stadio Friuli,25144.0,0.0,1.0,A
2024-12-02,La Liga,2024_2025,normal,0,Sevilla,Osasuna,1,1,D,3,4,Draw,bad,medium,Ramón Sánchez Pizjuán,48649.0,0.0,0.0,D
2024-12-02,Serie A,2024_2025,normal,0,Roma,Atalanta,0,2,A,0,9,Away Win,bad,good,Campo Testaccio,20000.0,0.0,0.0,D
2024-12-03,La Liga,2024_2025,normal,0,Mallorca,Barcelona,1,5,A,6,1,Away Win,medium,bad,Son Moix Stadyumu,23142.0,1.0,1.0,D
2024-12-03,Premier League,2024_2025,normal,0,Ipswich,Crystal Palace,0,1,A,4,2,Away Win,medium,bad,Portman Road,30311.0,0.0,0.0,D
2024-12-03,Premier League,2024_2025,normal,0,Leicester,West Ham,3,1,H,0,4,Home Win,bad,medium,King Power Stadyumu,32312.0,1.0,0.0,H
2024-12-04,La Liga,2024_2025,normal,0,Ath Bilbao,Real Madrid,2,1,H,7,9,Home Win,good,good,NA,NA,0.0,0.0,D
2024-12-04,Premier League,2024_2025,normal,0,Arsenal,Man United,2,0,H,7,7,Home Win,good,good,Emirates Stadyumu,60361.0,0.0,0.0,D
2024-12-04,Premier League,2024_2025,normal,0,Aston Villa,Brentford,3,1,H,1,7,Home Win,bad,good,Villa Park,42786.0,3.0,0.0,H
2024-12-04,Premier League,2024_2025,normal,0,Everton,Wolves,4,0,H,2,6,Home Win,bad,medium,Goodison Park,40157.0,2.0,0.0,H
2024-12-04,Premier League,2024_2025,normal,0,Man City,Nott'm Forest,3,0,H,0,3,Home Win,bad,bad,Etihad Stadium,47405.0,2.0,0.0,H
2024-12-04,Premier League,2024_2025,normal,0,Newcastle,Liverpool,3,3,D,4,9,Draw,medium,good,St James' Park,52409.0,1.0,0.0,H
2024-12-04,Premier League,2024_2025,normal,0,Southampton,Chelsea,1,5,A,1,7,Away Win,bad,good,St Mary's Stadium,32689.0,1.0,3.0,A
2024-12-05,Premier League,2024_2025,normal,0,Bournemouth,Tottenham,1,0,H,3,4,Home Win,bad,medium,Dean Court,9776.0,1.0,0.0,H
2024-12-05,Premier League,2024_2025,normal,0,Fulham,Brighton,3,1,H,4,7,Home Win,medium,good,Craven Cottage,25700.0,1.0,0.0,H
2024-12-06,Bundesliga,2024_2025,normal,0,Stuttgart,Union Berlin,3,2,H,4,1,Home Win,medium,bad,MHPArena,60469.0,0.0,1.0,A
2024-12-06,La Liga,2024_2025,normal,0,Celta,Mallorca,2,0,H,2,6,Home Win,bad,medium,NA,NA,1.0,0.0,H
2024-12-06,Ligue 1,2024_2025,normal,0,Auxerre,Paris SG,0,0,D,6,7,Draw,medium,good,Stade de l'Abbé-Deschamps,23467.0,0.0,0.0,D
2024-12-06,Ligue 1,2024_2025,normal,0,Lille,Brest,3,1,H,5,3,Home Win,medium,bad,Stade Borne de l'Espoir,50186.0,2.0,0.0,H
2024-12-06,Serie A,2024_2025,normal,0,Atalanta,Milan,2,1,H,9,5,Home Win,good,medium,Stadio Atleti Azzurri d'Italia,26562.0,1.0,1.0,D
2024-12-06,Serie A,2024_2025,normal,0,Inter,Parma,3,1,H,7,6,Home Win,good,medium,NA,NA,1.0,0.0,H
2024-12-07,Bundesliga,2024_2025,normal,0,Bayern Munich,Heidenheim,4,2,H,7,0,Home Win,good,bad,NA,NA,1.0,0.0,H
2024-12-07,Bundesliga,2024_2025,normal,0,Bochum,Werder Bremen,0,1,A,1,4,Away Win,bad,medium,NA,NA,0.0,0.0,D
2024-12-07,Bundesliga,2024_2025,normal,0,Ein Frankfurt,Augsburg,2,2,D,9,4,Draw,good,medium,Frankfurt Stadyumu,52300.0,0.0,0.0,D
2024-12-07,Bundesliga,2024_2025,normal,0,Holstein Kiel,RB Leipzig,0,2,A,0,1,Away Win,bad,bad,NA,NA,0.0,1.0,A
2024-12-07,Bundesliga,2024_2025,normal,0,Leverkusen,St Pauli,2,1,H,7,3,Home Win,good,bad,NA,NA,2.0,0.0,H
2024-12-07,Bundesliga,2024_2025,normal,0,M'gladbach,Dortmund,1,1,D,4,4,Draw,medium,medium,Stadion im Borussia-Park,54067.0,0.0,0.0,D
2024-12-07,La Liga,2024_2025,normal,0,Betis,Barcelona,2,2,D,1,4,Draw,bad,medium,Benito Villamarín,52745.0,0.0,1.0,A
2024-12-07,La Liga,2024_2025,normal,0,Girona,Real Madrid,0,3,A,7,6,Away Win,good,medium,Montilivi,9500.0,0.0,1.0,A
2024-12-07,La Liga,2024_2025,normal,0,Las Palmas,Valladolid,2,1,H,6,1,Home Win,medium,bad,Gran Canaria,32520.0,1.0,1.0,D
2024-12-07,La Liga,2024_2025,normal,0,Valencia,Vallecano,0,1,A,4,0,Away Win,medium,bad,Mestalla,55000.0,0.0,1.0,A
2024-12-07,Ligue 1,2024_2025,normal,0,Angers,Lyon,0,3,A,3,7,Away Win,bad,good,NA,NA,0.0,1.0,A
2024-12-07,Ligue 1,2024_2025,normal,0,Monaco,Toulouse,2,0,H,6,6,Home Win,medium,medium,NA,NA,0.0,0.0,D
2024-12-07,Ligue 1,2024_2025,normal,0,Nice,Le Havre,2,1,H,4,3,Home Win,medium,bad,Grand Stade Nice,35624.0,0.0,0.0,D
2024-12-07,Premier League,2024_2025,normal,0,Aston Villa,Southampton,1,0,H,4,1,Home Win,medium,bad,Villa Park,42786.0,1.0,0.0,H
2024-12-07,Premier League,2024_2025,normal,0,Brentford,Newcastle,4,2,H,4,2,Home Win,medium,bad,Griffin Park,12763.0,2.0,2.0,D
2024-12-07,Premier League,2024_2025,normal,0,Crystal Palace,Man City,2,2,D,5,3,Draw,medium,bad,Selhurst Park,26225.0,1.0,1.0,D
2024-12-07,Premier League,2024_2025,normal,0,Man United,Nott'm Forest,2,3,A,4,3,Away Win,medium,bad,Old Trafford,75653.0,1.0,1.0,D
2024-12-07,Serie A,2024_2025,normal,0,Genoa,Torino,0,0,D,5,1,Draw,medium,bad,NA,NA,0.0,0.0,D
2024-12-07,Serie A,2024_2025,normal,0,Juventus,Bologna,2,2,D,5,6,Draw,medium,medium,Juventus Stadium,41507.0,0.0,1.0,A
2024-12-07,Serie A,2024_2025,normal,0,Roma,Lecce,4,1,H,0,5,Home Win,bad,medium,Campo Testaccio,20000.0,1.0,1.0,D
2024-12-08,Bundesliga,2024_2025,normal,0,Hoffenheim,Freiburg,1,1,D,4,4,Draw,medium,medium,NA,NA,0.0,0.0,D
2024-12-08,Bundesliga,2024_2025,normal,0,Wolfsburg,Mainz,4,3,H,9,9,Home Win,good,good,Volkswagen Arena,30000.0,1.0,2.0,A
2024-12-08,La Liga,2024_2025,normal,0,Ath Bilbao,Villarreal,2,0,H,9,5,Home Win,good,medium,NA,NA,1.0,0.0,H
2024-12-08,La Liga,2024_2025,normal,0,Ath Madrid,Sevilla,4,3,H,9,4,Home Win,good,medium,Vicente Calderón,54851.0,1.0,2.0,A
2024-12-08,La Liga,2024_2025,normal,0,Leganes,Sociedad,0,3,A,4,6,Away Win,medium,medium,NA,NA,0.0,1.0,A
2024-12-08,La Liga,2024_2025,normal,0,Osasuna,Alaves,2,2,D,2,1,Draw,bad,bad,Reyno de Navarra,19800.0,0.0,1.0,A
2024-12-08,Ligue 1,2024_2025,normal,0,Lens,Montpellier,2,0,H,6,4,Home Win,medium,medium,Stade Félix Bollaert,41233.0,1.0,0.0,H
2024-12-08,Ligue 1,2024_2025,normal,0,Nantes,Rennes,1,0,H,1,3,Home Win,bad,bad,Beaujoire Stadyumu,38285.0,0.0,0.0,D
2024-12-08,Ligue 1,2024_2025,normal,0,St Etienne,Marseille,0,2,A,3,6,Away Win,bad,medium,NA,NA,0.0,1.0,A
2024-12-08,Ligue 1,2024_2025,normal,0,Strasbourg,Reims,0,0,D,0,4,Draw,bad,medium,Meinau Stadyumu,29230.0,0.0,0.0,D
2024-12-08,Premier League,2024_2025,normal,0,Fulham,Arsenal,1,1,D,4,9,Draw,medium,good,Craven Cottage,25700.0,1.0,0.0,H
2024-12-08,Premier League,2024_2025,normal,0,Ipswich,Bournemouth,1,2,A,1,6,Away Win,bad,medium,Portman Road,30311.0,1.0,0.0,H
2024-12-08,Premier League,2024_2025,normal,0,Leicester,Brighton,2,2,D,3,4,Draw,bad,medium,King Power Stadyumu,32312.0,0.0,1.0,A
2024-12-08,Premier League,2024_2025,normal,0,Tottenham,Chelsea,3,4,A,4,9,Away Win,medium,good,White Hart Lane,36230.0,2.0,1.0,H
2024-12-08,Serie A,2024_2025,normal,0,Fiorentina,Cagliari,1,0,H,9,5,Home Win,good,medium,Stadio Artemio Franchi,43147.0,1.0,0.0,H
2024-12-08,Serie A,2024_2025,normal,0,Napoli,Lazio,0,1,A,7,6,Away Win,good,medium,Stadio Arturo Collana,12000.0,0.0,0.0,D
2024-12-08,Serie A,2024_2025,normal,0,Venezia,Como,2,2,D,0,2,Draw,bad,bad,Stadio Pier Luigi Penzo,7450.0,1.0,0.0,H
2024-12-08,Serie A,2024_2025,normal,0,Verona,Empoli,1,4,A,0,2,Away Win,bad,bad,NA,NA,1.0,4.0,A
2024-12-09,La Liga,2024_2025,normal,0,Getafe,Espanol,1,0,H,3,3,Home Win,bad,bad,Alfonso Pérez,16000.0,1.0,0.0,H
2024-12-09,Premier League,2024_2025,normal,0,West Ham,Wolves,2,1,H,3,3,Home Win,bad,bad,The Boleyn Ground,35303.0,0.0,0.0,D
2024-12-09,Serie A,2024_2025,normal,0,Monza,Udinese,1,2,A,2,1,Away Win,bad,bad,Stadio Brianteo,15039.0,0.0,1.0,A
2024-12-13,Bundesliga,2024_2025,normal,0,Freiburg,Wolfsburg,3,2,H,4,9,Home Win,medium,good,Kara Orman Stadyumu,24036.0,1.0,0.0,H
2024-12-13,La Liga,2024_2025,normal,0,Valladolid,Valencia,1,0,H,0,3,Home Win,bad,bad,José Zorilla,26512.0,1.0,0.0,H
2024-12-13,Ligue 1,2024_2025,normal,0,Toulouse,St Etienne,2,1,H,3,3,Home Win,bad,bad,Belediye Stadyumu (Toulouse),35575.0,0.0,0.0,D
2024-12-13,Serie A,2024_2025,normal,0,Empoli,Torino,0,1,A,4,2,Away Win,medium,bad,Stadio Carlo Castellani,21092.0,0.0,0.0,D
2024-12-14,Bundesliga,2024_2025,normal,0,Augsburg,Leverkusen,0,2,A,4,9,Away Win,medium,good,Impuls Arena,30660.0,0.0,2.0,A
2024-12-14,Bundesliga,2024_2025,normal,0,M'gladbach,Holstein Kiel,4,1,H,4,0,Home Win,medium,bad,Stadion im Borussia-Park,54067.0,3.0,1.0,H
2024-12-14,Bundesliga,2024_2025,normal,0,Mainz,Bayern Munich,2,1,H,6,7,Home Win,medium,good,NA,NA,1.0,0.0,H
2024-12-14,Bundesliga,2024_2025,normal,0,St Pauli,Werder Bremen,0,2,A,3,4,Away Win,bad,medium,NA,NA,0.0,1.0,A
2024-12-14,Bundesliga,2024_2025,normal,0,Union Berlin,Bochum,0,2,A,0,0,Away Win,bad,bad,Stadion An der Alten Försterei,22012.0,,,
2024-12-14,La Liga,2024_2025,normal,0,Espanol,Osasuna,0,0,D,3,3,Draw,bad,bad,NA,NA,0.0,0.0,D
2024-12-14,La Liga,2024_2025,normal,0,Mallorca,Girona,2,1,H,3,4,Home Win,bad,medium,Son Moix Stadyumu,23142.0,1.0,1.0,D
2024-12-14,La Liga,2024_2025,normal,0,Sevilla,Celta,1,0,H,4,4,Home Win,medium,medium,Ramón Sánchez Pizjuán,48649.0,0.0,0.0,D
2024-12-14,La Liga,2024_2025,normal,0,Vallecano,Real Madrid,3,3,D,3,6,Draw,bad,medium,Teresa Rivero,15000.0,2.0,2.0,D
2024-12-14,Ligue 1,2024_2025,normal,0,Auxerre,Lens,2,2,D,4,6,Draw,medium,medium,Stade de l'Abbé-Deschamps,23467.0,1.0,2.0,A
2024-12-14,Ligue 1,2024_2025,normal,0,Marseille,Lille,1,1,D,9,7,Draw,good,good,Vélodrome Stadyumu,60013.0,1.0,0.0,H
2024-12-14,Ligue 1,2024_2025,normal,0,Reims,Monaco,0,0,D,2,6,Draw,bad,medium,Stade Auguste-Delaune II,21684.0,0.0,0.0,D
2024-12-14,Premier League,2024_2025,normal,0,Arsenal,Everton,0,0,D,7,4,Draw,good,medium,Emirates Stadyumu,60361.0,0.0,0.0,D
2024-12-14,Premier League,2024_2025,normal,0,Liverpool,Fulham,2,2,D,7,5,Draw,good,medium,Anfield,45276.0,0.0,1.0,A
2024-12-14,Premier League,2024_2025,normal,0,Newcastle,Leicester,4,0,H,2,4,Home Win,bad,medium,St James' Park,52409.0,1.0,0.0,H
2024-12-14,Premier League,2024_2025,normal,0,Nott'm Forest,Aston Villa,2,1,H,6,6,Home Win,medium,medium,City Ground,30576.0,0.0,0.0,D
2024-12-14,Premier League,2024_2025,normal,0,Wolves,Ipswich,1,2,A,0,0,Away Win,bad,bad,Molineux,24259.0,0.0,1.0,A
2024-12-14,Serie A,2024_2025,normal,0,Cagliari,Atalanta,0,1,A,4,9,Away Win,medium,good,Unipol Domus,16233.0,0.0,0.0,D
2024-12-14,Serie A,2024_2025,normal,0,Juventus,Venezia,2,2,D,3,1,Draw,bad,bad,Juventus Stadium,41507.0,1.0,0.0,H
2024-12-14,Serie A,2024_2025,normal,0,Udinese,Napoli,1,3,A,4,6,Away Win,medium,medium,Stadio Friuli,25144.0,1.0,0.0,H
2024-12-15,Bundesliga,2024_2025,normal,0,Dortmund,Hoffenheim,1,1,D,5,4,Draw,medium,medium,Signal Iduna Park,81359.0,0.0,0.0,D
2024-12-15,Bundesliga,2024_2025,normal,0,Heidenheim,Stuttgart,1,3,A,0,7,Away Win,bad,good,NA,NA,1.0,2.0,A
2024-12-15,Bundesliga,2024_2025,normal,0,RB Leipzig,Ein Frankfurt,2,1,H,3,7,Home Win,bad,good,Red Bull Arena,44345.0,1.0,1.0,D
2024-12-15,La Liga,2024_2025,normal,0,Alaves,Ath Bilbao,1,1,D,2,9,Draw,bad,good,Mendizorrotza,19900.0,0.0,1.0,A
2024-12-15,La Liga,2024_2025,normal,0,Ath Madrid,Getafe,1,0,H,9,6,Home Win,good,medium,Vicente Calderón,54851.0,0.0,0.0,D
2024-12-15,La Liga,2024_2025,normal,0,Barcelona,Leganes,0,1,A,4,1,Away Win,medium,bad,Camp Nou,99354.0,0.0,1.0,A
2024-12-15,La Liga,2024_2025,normal,0,Sociedad,Las Palmas,0,0,D,6,6,Draw,medium,medium,Anoeta,32076.0,0.0,0.0,D
2024-12-15,La Liga,2024_2025,normal,0,Villarreal,Betis,1,2,A,2,1,Away Win,bad,bad,El Madrigal,26000.0,0.0,1.0,A
2024-12-15,Ligue 1,2024_2025,normal,0,Brest,Nantes,4,1,H,3,4,Home Win,bad,medium,NA,NA,2.0,0.0,H
2024-12-15,Ligue 1,2024_2025,normal,0,Le Havre,Strasbourg,0,3,A,3,1,Away Win,bad,bad,NA,NA,0.0,2.0,A
2024-12-15,Ligue 1,2024_2025,normal,0,Montpellier,Nice,2,2,D,1,6,Draw,bad,medium,Stade de la Mosson,32939.0,1.0,2.0,A
2024-12-15,Ligue 1,2024_2025,normal,0,Paris SG,Lyon,3,1,H,5,7,Home Win,medium,good,NA,NA,2.0,1.0,H
2024-12-15,Ligue 1,2024_2025,normal,0,Rennes,Angers,2,0,H,3,3,Home Win,bad,bad,Stade de la Route de Lorient,31127.0,1.0,0.0,H
2024-12-15,Premier League,2024_2025,normal,0,Brighton,Crystal Palace,1,3,A,2,5,Away Win,bad,medium,Falmer Stadyumu,22500.0,0.0,2.0,A
2024-12-15,Premier League,2024_2025,normal,0,Chelsea,Brentford,2,1,H,9,6,Home Win,good,medium,Stamford Bridge,42449.0,1.0,0.0,H
2024-12-15,Premier League,2024_2025,normal,0,Man City,Man United,1,2,A,4,3,Away Win,medium,bad,Etihad Stadium,47405.0,1.0,0.0,H
2024-12-15,Premier League,2024_2025,normal,0,Southampton,Tottenham,0,5,A,1,1,Away Win,bad,bad,St Mary's Stadium,32689.0,0.0,5.0,A
2024-12-15,Serie A,2024_2025,normal,0,Bologna,Fiorentina,1,0,H,4,9,Home Win,medium,good,Stadio Renato Dall'Ara,38279.0,0.0,0.0,D
2024-12-15,Serie A,2024_2025,normal,0,Como,Roma,2,0,H,2,3,Home Win,bad,bad,Stadio Giuseppe Sinigaglia,13602.0,0.0,0.0,D
2024-12-15,Serie A,2024_2025,normal,0,Lecce,Monza,2,1,H,4,2,Home Win,medium,bad,Stadio Via del Mare,40670.0,2.0,1.0,H
2024-12-15,Serie A,2024_2025,normal,0,Milan,Genoa,0,0,D,4,5,Draw,medium,medium,NA,NA,0.0,0.0,D
2024-12-15,Serie A,2024_2025,normal,0,Parma,Verona,2,3,A,3,0,Away Win,bad,bad,Stadio Ennio Tardini,27906.0,1.0,1.0,D
2024-12-16,Premier League,2024_2025,normal,0,Bournemouth,West Ham,1,1,D,9,3,Draw,good,bad,Dean Court,9776.0,0.0,0.0,D
2024-12-16,Serie A,2024_2025,normal,0,Lazio,Inter,0,6,A,6,7,Away Win,medium,good,NA,NA,0.0,2.0,A
2024-12-18,La Liga,2024_2025,normal,0,Espanol,Valencia,1,1,D,4,0,Draw,medium,bad,NA,NA,1.0,0.0,H
2024-12-18,La Liga,2024_2025,normal,0,Villarreal,Vallecano,1,1,D,1,4,Draw,bad,medium,El Madrigal,26000.0,1.0,1.0,D
2024-12-18,Ligue 1,2024_2025,normal,0,Monaco,Paris SG,2,4,A,4,5,Away Win,medium,medium,NA,NA,0.0,1.0,A
2024-12-20,Bundesliga,2024_2025,normal,0,Bayern Munich,RB Leipzig,5,1,H,4,6,Home Win,medium,medium,NA,NA,3.0,1.0,H
2024-12-20,La Liga,2024_2025,normal,0,Girona,Valladolid,3,0,H,1,3,Home Win,bad,bad,Montilivi,9500.0,2.0,0.0,H
2024-12-20,Serie A,2024_2025,normal,0,Verona,Milan,0,1,A,3,4,Away Win,bad,medium,NA,NA,0.0,0.0,D
2024-12-21,Bundesliga,2024_2025,normal,0,Ein Frankfurt,Mainz,1,3,A,4,6,Away Win,medium,medium,Frankfurt Stadyumu,52300.0,0.0,2.0,A
2024-12-21,Bundesliga,2024_2025,normal,0,Hoffenheim,M'gladbach,1,2,A,2,4,Away Win,bad,medium,NA,NA,0.0,1.0,A
2024-12-21,Bundesliga,2024_2025,normal,0,Holstein Kiel,Augsburg,5,1,H,0,4,Home Win,bad,medium,NA,NA,4.0,1.0,H
2024-12-21,Bundesliga,2024_2025,normal,0,Leverkusen,Freiburg,5,1,H,9,7,Home Win,good,good,NA,NA,1.0,0.0,H
2024-12-21,Bundesliga,2024_2025,normal,0,Stuttgart,St Pauli,0,1,A,7,3,Away Win,good,bad,MHPArena,60469.0,0.0,1.0,A
2024-12-21,Bundesliga,2024_2025,normal,0,Werder Bremen,Union Berlin,4,1,H,7,0,Home Win,good,bad,Weser Stadyumu,42358.0,3.0,1.0,H
2024-12-21,La Liga,2024_2025,normal,0,Barcelona,Ath Madrid,1,2,A,4,9,Away Win,medium,good,Camp Nou,99354.0,1.0,0.0,H
2024-12-21,La Liga,2024_2025,normal,0,Celta,Sociedad,2,0,H,3,7,Home Win,bad,good,NA,NA,2.0,0.0,H
2024-12-21,La Liga,2024_2025,normal,0,Getafe,Mallorca,0,1,A,3,3,Away Win,bad,bad,Alfonso Pérez,16000.0,0.0,0.0,D
2024-12-21,La Liga,2024_2025,normal,0,Osasuna,Ath Bilbao,1,2,A,3,7,Away Win,bad,good,Reyno de Navarra,19800.0,1.0,1.0,D
2024-12-21,Premier League,2024_2025,normal,0,Aston Villa,Man City,2,1,H,6,4,Home Win,medium,medium,Villa Park,42786.0,1.0,0.0,H
2024-12-21,Premier League,2024_2025,normal,0,Brentford,Nott'm Forest,0,2,A,3,6,Away Win,bad,medium,Griffin Park,12763.0,0.0,1.0,A
2024-12-21,Premier League,2024_2025,normal,0,Crystal Palace,Arsenal,1,5,A,7,5,Away Win,good,medium,Selhurst Park,26225.0,1.0,3.0,A
2024-12-21,Premier League,2024_2025,normal,0,Ipswich,Newcastle,0,4,A,3,4,Away Win,bad,medium,Portman Road,30311.0,0.0,3.0,A
2024-12-21,Premier League,2024_2025,normal,0,West Ham,Brighton,1,1,D,4,1,Draw,medium,bad,The Boleyn Ground,35303.0,0.0,0.0,D
2024-12-21,Serie A,2024_2025,normal,0,Genoa,Napoli,1,2,A,5,6,Away Win,medium,medium,NA,NA,0.0,2.0,A
2024-12-21,Serie A,2024_2025,normal,0,Lecce,Lazio,1,2,A,4,3,Away Win,medium,bad,Stadio Via del Mare,40670.0,0.0,1.0,A
2024-12-21,Serie A,2024_2025,normal,0,Torino,Bologna,0,2,A,4,7,Away Win,medium,good,Stadio Filadelfia,4000.0,0.0,0.0,D
2024-12-22,Bundesliga,2024_2025,normal,0,Bochum,Heidenheim,2,0,H,3,0,Home Win,bad,bad,NA,NA,2.0,0.0,H
2024-12-22,Bundesliga,2024_2025,normal,0,Wolfsburg,Dortmund,1,3,A,6,3,Away Win,medium,bad,Volkswagen Arena,30000.0,0.0,3.0,A
2024-12-22,La Liga,2024_2025,normal,0,Betis,Vallecano,1,1,D,4,5,Draw,medium,medium,Benito Villamarín,52745.0,1.0,0.0,H
2024-12-22,La Liga,2024_2025,normal,0,Las Palmas,Espanol,1,0,H,7,2,Home Win,good,bad,Gran Canaria,32520.0,0.0,0.0,D
2024-12-22,La Liga,2024_2025,normal,0,Leganes,Villarreal,2,5,A,4,1,Away Win,medium,bad,NA,NA,2.0,2.0,D
2024-12-22,La Liga,2024_2025,normal,0,Real Madrid,Sevilla,4,2,H,4,4,Home Win,medium,medium,Santiago Bernabéu,80354.0,3.0,1.0,H
2024-12-22,La Liga,2024_2025,normal,0,Valencia,Alaves,2,2,D,1,3,Draw,bad,bad,Mestalla,55000.0,0.0,1.0,A
2024-12-22,Premier League,2024_2025,normal,0,Everton,Chelsea,0,0,D,4,9,Draw,medium,good,Goodison Park,40157.0,0.0,0.0,D
2024-12-22,Premier League,2024_2025,normal,0,Fulham,Southampton,0,0,D,5,0,Draw,medium,bad,Craven Cottage,25700.0,0.0,0.0,D
2024-12-22,Premier League,2024_2025,normal,0,Leicester,Wolves,0,3,A,4,0,Away Win,medium,bad,King Power Stadyumu,32312.0,0.0,3.0,A
2024-12-22,Premier League,2024_2025,normal,0,Man United,Bournemouth,0,3,A,3,7,Away Win,bad,good,Old Trafford,75653.0,0.0,1.0,A
2024-12-22,Premier League,2024_2025,normal,0,Tottenham,Liverpool,3,6,A,3,5,Away Win,bad,medium,White Hart Lane,36230.0,1.0,3.0,A
2024-12-22,Serie A,2024_2025,normal,0,Atalanta,Empoli,3,2,H,9,3,Home Win,good,bad,Stadio Atleti Azzurri d'Italia,26562.0,2.0,1.0,H
2024-12-22,Serie A,2024_2025,normal,0,Monza,Juventus,1,2,A,1,3,Away Win,bad,bad,Stadio Brianteo,15039.0,1.0,2.0,A
2024-12-22,Serie A,2024_2025,normal,0,Roma,Parma,5,0,H,3,3,Home Win,bad,bad,Campo Testaccio,20000.0,2.0,0.0,H
2024-12-22,Serie A,2024_2025,normal,0,Venezia,Cagliari,2,1,H,2,3,Home Win,bad,bad,Stadio Pier Luigi Penzo,7450.0,1.0,0.0,H
2024-12-23,Serie A,2024_2025,normal,0,Fiorentina,Udinese,1,2,A,6,3,Away Win,medium,bad,Stadio Artemio Franchi,43147.0,1.0,0.0,H
2024-12-23,Serie A,2024_2025,normal,0,Inter,Como,2,0,H,9,5,Home Win,good,medium,NA,NA,0.0,0.0,D
2024-12-26,Premier League,2024_2025,normal,0,Bournemouth,Crystal Palace,0,0,D,7,4,Draw,good,medium,Dean Court,9776.0,0.0,0.0,D
2024-12-26,Premier League,2024_2025,normal,0,Chelsea,Fulham,1,2,A,7,3,Away Win,good,bad,Stamford Bridge,42449.0,1.0,0.0,H
2024-12-26,Premier League,2024_2025,normal,0,Liverpool,Leicester,3,1,H,5,1,Home Win,medium,bad,Anfield,45276.0,1.0,1.0,D
2024-12-26,Premier League,2024_2025,normal,0,Man City,Everton,1,1,D,1,5,Draw,bad,medium,Etihad Stadium,47405.0,1.0,1.0,D
2024-12-26,Premier League,2024_2025,normal,0,Newcastle,Aston Villa,3,0,H,6,6,Home Win,medium,medium,St James' Park,52409.0,1.0,0.0,H
2024-12-26,Premier League,2024_2025,normal,0,Nott'm Forest,Tottenham,1,0,H,9,3,Home Win,good,bad,City Ground,30576.0,1.0,0.0,H
2024-12-26,Premier League,2024_2025,normal,0,Southampton,West Ham,0,1,A,1,5,Away Win,bad,medium,St Mary's Stadium,32689.0,0.0,0.0,D
2024-12-26,Premier League,2024_2025,normal,0,Wolves,Man United,2,0,H,3,3,Home Win,bad,bad,Molineux,24259.0,0.0,0.0,D
2024-12-27,Premier League,2024_2025,normal,0,Arsenal,Ipswich,1,0,H,5,3,Home Win,medium,bad,Emirates Stadyumu,60361.0,1.0,0.0,H
2024-12-27,Premier League,2024_2025,normal,0,Brighton,Brentford,0,0,D,2,3,Draw,bad,bad,Falmer Stadyumu,22500.0,0.0,0.0,D
2024-12-28,Serie A,2024_2025,normal,0,Cagliari,Inter,0,3,A,0,9,Away Win,bad,good,Unipol Domus,16233.0,0.0,0.0,D
2024-12-28,Serie A,2024_2025,normal,0,Empoli,Genoa,1,2,A,3,2,Away Win,bad,bad,Stadio Carlo Castellani,21092.0,0.0,0.0,D
2024-12-28,Serie A,2024_2025,normal,0,Lazio,Atalanta,1,1,D,6,9,Draw,medium,good,NA,NA,1.0,0.0,H
2024-12-28,Serie A,2024_2025,normal,0,Parma,Monza,2,1,H,0,0,Home Win,bad,bad,Stadio Ennio Tardini,27906.0,0.0,0.0,D
2024-12-29,Premier League,2024_2025,normal,0,Crystal Palace,Southampton,2,1,H,4,1,Home Win,medium,bad,Selhurst Park,26225.0,1.0,1.0,D
2024-12-29,Premier League,2024_2025,normal,0,Everton,Nott'm Forest,0,2,A,3,9,Away Win,bad,good,Goodison Park,40157.0,0.0,1.0,A
2024-12-29,Premier League,2024_2025,normal,0,Fulham,Bournemouth,2,2,D,5,5,Draw,medium,medium,Craven Cottage,25700.0,1.0,0.0,H
2024-12-29,Premier League,2024_2025,normal,0,Leicester,Man City,0,2,A,0,1,Away Win,bad,bad,King Power Stadyumu,32312.0,0.0,1.0,A
2024-12-29,Premier League,2024_2025,normal,0,Tottenham,Wolves,2,2,D,3,6,Draw,bad,medium,White Hart Lane,36230.0,2.0,1.0,H
2024-12-29,Premier League,2024_2025,normal,0,West Ham,Liverpool,0,5,A,5,7,Away Win,medium,good,The Boleyn Ground,35303.0,0.0,3.0,A
2024-12-29,Serie A,2024_2025,normal,0,Juventus,Fiorentina,2,2,D,5,3,Draw,medium,bad,Juventus Stadium,41507.0,1.0,1.0,D
2024-12-29,Serie A,2024_2025,normal,0,Milan,Roma,1,1,D,4,6,Draw,medium,medium,NA,NA,1.0,1.0,D
2024-12-29,Serie A,2024_2025,normal,0,Napoli,Venezia,1,0,H,6,5,Home Win,medium,medium,Stadio Arturo Collana,12000.0,0.0,0.0,D
2024-12-29,Serie A,2024_2025,normal,0,Udinese,Torino,2,2,D,6,4,Draw,medium,medium,Stadio Friuli,25144.0,1.0,0.0,H
2024-12-30,Premier League,2024_2025,normal,0,Aston Villa,Brighton,2,2,D,3,2,Draw,bad,bad,Villa Park,42786.0,1.0,1.0,D
2024-12-30,Premier League,2024_2025,normal,0,Ipswich,Chelsea,2,0,H,3,4,Home Win,bad,medium,Portman Road,30311.0,1.0,0.0,H
2024-12-30,Premier League,2024_2025,normal,0,Man United,Newcastle,0,2,A,3,9,Away Win,bad,good,Old Trafford,75653.0,0.0,2.0,A
2024-12-30,Serie A,2024_2025,normal,0,Bologna,Verona,2,3,A,7,3,Away Win,good,bad,Stadio Renato Dall'Ara,38279.0,1.0,2.0,A
2024-12-30,Serie A,2024_2025,normal,0,Como,Lecce,2,0,H,4,3,Home Win,medium,bad,Stadio Giuseppe Sinigaglia,13602.0,0.0,0.0,D
2025-01-01,Premier League,2024_2025,normal,0,Brentford,Arsenal,1,3,A,1,7,Away Win,bad,good,Griffin Park,12763.0,1.0,1.0,D
2025-01-03,La Liga,2024_2025,normal,0,Valencia,Real Madrid,1,2,A,2,7,Away Win,bad,good,Mestalla,55000.0,1.0,0.0,H
2025-01-03,Ligue 1,2024_2025,normal,0,Nice,Rennes,3,2,H,4,6,Home Win,medium,medium,Grand Stade Nice,35624.0,3.0,1.0,H
2025-01-04,Ligue 1,2024_2025,normal,0,Lille,Nantes,1,1,D,5,4,Draw,medium,medium,Stade Borne de l'Espoir,50186.0,1.0,0.0,H
2025-01-04,Ligue 1,2024_2025,normal,0,Lyon,Montpellier,1,0,H,6,2,Home Win,medium,bad,Gerland Stadyumu,41044.0,0.0,0.0,D
2025-01-04,Ligue 1,2024_2025,normal,0,St Etienne,Reims,3,1,H,0,2,Home Win,bad,bad,NA,NA,0.0,1.0,A
2025-01-04,Premier League,2024_2025,normal,0,Aston Villa,Leicester,2,1,H,4,0,Home Win,medium,bad,Villa Park,42786.0,0.0,0.0,D
2025-01-04,Premier League,2024_2025,normal,0,Bournemouth,Everton,1,0,H,5,2,Home Win,medium,bad,Dean Court,9776.0,0.0,0.0,D
2025-01-04,Premier League,2024_2025,normal,0,Brighton,Arsenal,1,1,D,3,9,Draw,bad,good,Falmer Stadyumu,22500.0,0.0,1.0,A
2025-01-04,Premier League,2024_2025,normal,0,Crystal Palace,Chelsea,1,1,D,4,1,Draw,medium,bad,Selhurst Park,26225.0,0.0,1.0,A
2025-01-04,Premier League,2024_2025,normal,0,Man City,West Ham,4,1,H,4,4,Home Win,medium,medium,Etihad Stadium,47405.0,2.0,0.0,H
2025-01-04,Premier League,2024_2025,normal,0,Southampton,Brentford,0,5,A,1,1,Away Win,bad,bad,St Mary's Stadium,32689.0,0.0,1.0,A
2025-01-04,Premier League,2024_2025,normal,0,Tottenham,Newcastle,1,2,A,1,9,Away Win,bad,good,White Hart Lane,36230.0,1.0,2.0,A
2025-01-04,Serie A,2024_2025,normal,0,Fiorentina,Napoli,0,3,A,1,9,Away Win,bad,good,Stadio Artemio Franchi,43147.0,0.0,1.0,A
2025-01-04,Serie A,2024_2025,normal,0,Venezia,Empoli,1,1,D,4,0,Draw,medium,bad,Stadio Pier Luigi Penzo,7450.0,1.0,1.0,D
2025-01-04,Serie A,2024_2025,normal,0,Verona,Udinese,0,0,D,6,4,Draw,medium,medium,NA,NA,0.0,0.0,D
2025-01-05,Ligue 1,2024_2025,normal,0,Angers,Brest,2,0,H,3,6,Home Win,bad,medium,NA,NA,1.0,0.0,H
2025-01-05,Ligue 1,2024_2025,normal,0,Lens,Toulouse,0,1,A,7,6,Away Win,good,medium,Stade Félix Bollaert,41233.0,0.0,0.0,D
2025-01-05,Ligue 1,2024_2025,normal,0,Marseille,Le Havre,5,1,H,7,0,Home Win,good,bad,Vélodrome Stadyumu,60013.0,3.0,0.0,H
2025-01-05,Ligue 1,2024_2025,normal,0,Strasbourg,Auxerre,3,1,H,4,2,Home Win,medium,bad,Meinau Stadyumu,29230.0,1.0,1.0,D
2025-01-05,Premier League,2024_2025,normal,0,Fulham,Ipswich,2,2,D,5,3,Draw,medium,bad,Craven Cottage,25700.0,0.0,1.0,A
2025-01-05,Premier League,2024_2025,normal,0,Liverpool,Man United,2,2,D,9,0,Draw,good,bad,Anfield,45276.0,0.0,0.0,D
2025-01-05,Serie A,2024_2025,normal,0,Lecce,Genoa,0,0,D,3,4,Draw,bad,medium,Stadio Via del Mare,40670.0,0.0,0.0,D
2025-01-05,Serie A,2024_2025,normal,0,Monza,Cagliari,1,2,A,0,0,Away Win,bad,bad,Stadio Brianteo,15039.0,1.0,1.0,D
2025-01-05,Serie A,2024_2025,normal,0,Roma,Lazio,2,0,H,4,4,Home Win,medium,medium,Campo Testaccio,20000.0,2.0,0.0,H
2025-01-05,Serie A,2024_2025,normal,0,Torino,Parma,0,0,D,4,3,Draw,medium,bad,Stadio Filadelfia,4000.0,0.0,0.0,D
2025-01-06,Premier League,2024_2025,normal,0,Wolves,Nott'm Forest,0,3,A,7,9,Away Win,good,good,Molineux,24259.0,0.0,2.0,A
2025-01-10,Bundesliga,2024_2025,normal,0,Dortmund,Leverkusen,2,3,A,5,9,Away Win,medium,good,Signal Iduna Park,81359.0,1.0,3.0,A
2025-01-10,La Liga,2024_2025,normal,0,Vallecano,Celta,2,1,H,3,6,Home Win,bad,medium,Teresa Rivero,15000.0,1.0,1.0,D
2025-01-10,Ligue 1,2024_2025,normal,0,Auxerre,Lille,0,0,D,2,5,Draw,bad,medium,Stade de l'Abbé-Deschamps,23467.0,0.0,0.0,D
2025-01-10,Ligue 1,2024_2025,normal,0,Nantes,Monaco,2,2,D,4,4,Draw,medium,medium,Beaujoire Stadyumu,38285.0,1.0,0.0,H
2025-01-10,Serie A,2024_2025,normal,0,Lazio,Como,1,1,D,4,6,Draw,medium,medium,NA,NA,1.0,0.0,H
2025-01-11,Bundesliga,2024_2025,normal,0,Freiburg,Holstein Kiel,3,2,H,4,3,Home Win,medium,bad,Kara Orman Stadyumu,24036.0,2.0,0.0,H
2025-01-11,Bundesliga,2024_2025,normal,0,Heidenheim,Union Berlin,2,0,H,0,0,Home Win,bad,bad,NA,NA,1.0,0.0,H
2025-01-11,Bundesliga,2024_2025,normal,0,Hoffenheim,Wolfsburg,0,1,A,2,3,Away Win,bad,bad,NA,NA,0.0,1.0,A
2025-01-11,Bundesliga,2024_2025,normal,0,M'gladbach,Bayern Munich,0,1,A,7,6,Away Win,good,medium,Stadion im Borussia-Park,54067.0,0.0,0.0,D
2025-01-11,Bundesliga,2024_2025,normal,0,Mainz,Bochum,2,0,H,6,6,Home Win,medium,medium,NA,NA,1.0,0.0,H
2025-01-11,Bundesliga,2024_2025,normal,0,St Pauli,Ein Frankfurt,0,1,A,3,1,Away Win,bad,bad,NA,NA,0.0,1.0,A
2025-01-11,La Liga,2024_2025,normal,0,Alaves,Girona,0,1,A,3,3,Away Win,bad,bad,Mendizorrotza,19900.0,0.0,0.0,D
2025-01-11,La Liga,2024_2025,normal,0,Espanol,Leganes,1,1,D,2,3,Draw,bad,bad,NA,NA,1.0,1.0,D
2025-01-11,La Liga,2024_2025,normal,0,Sevilla,Valencia,1,1,D,3,2,Draw,bad,bad,Ramón Sánchez Pizjuán,48649.0,0.0,0.0,D
2025-01-11,La Liga,2024_2025,normal,0,Valladolid,Betis,1,0,H,3,5,Home Win,bad,medium,José Zorilla,26512.0,0.0,0.0,D
2025-01-11,Ligue 1,2024_2025,normal,0,Brest,Lyon,2,1,H,3,6,Home Win,bad,medium,NA,NA,2.0,1.0,H
2025-01-11,Ligue 1,2024_2025,normal,0,Reims,Nice,2,4,A,2,7,Away Win,bad,good,Stade Auguste-Delaune II,21684.0,1.0,2.0,A
2025-01-11,Ligue 1,2024_2025,normal,0,Rennes,Marseille,1,2,A,3,7,Away Win,bad,good,Stade de la Route de Lorient,31127.0,1.0,1.0,D
2025-01-11,Serie A,2024_2025,normal,0,Empoli,Lecce,1,3,A,1,1,Away Win,bad,bad,Stadio Carlo Castellani,21092.0,0.0,2.0,A
2025-01-11,Serie A,2024_2025,normal,0,Milan,Cagliari,1,1,D,5,3,Draw,medium,bad,NA,NA,0.0,0.0,D
2025-01-11,Serie A,2024_2025,normal,0,Torino,Juventus,1,1,D,2,5,Draw,bad,medium,Stadio Filadelfia,4000.0,1.0,1.0,D
2025-01-11,Serie A,2024_2025,normal,0,Udinese,Atalanta,0,0,D,5,7,Draw,medium,good,Stadio Friuli,25144.0,0.0,0.0,D
2025-01-12,Bundesliga,2024_2025,normal,0,Augsburg,Stuttgart,0,1,A,1,6,Away Win,bad,medium,Impuls Arena,30660.0,0.0,0.0,D
2025-01-12,Bundesliga,2024_2025,normal,0,RB Leipzig,Werder Bremen,4,2,H,6,9,Home Win,medium,good,Red Bull Arena,44345.0,2.0,1.0,H
2025-01-12,La Liga,2024_2025,normal,0,Ath Madrid,Osasuna,1,0,H,9,2,Home Win,good,bad,Vicente Calderón,54851.0,0.0,0.0,D
2025-01-12,La Liga,2024_2025,normal,0,Las Palmas,Getafe,1,2,A,7,3,Away Win,good,bad,Gran Canaria,32520.0,0.0,0.0,D
2025-01-12,Ligue 1,2024_2025,normal,0,Le Havre,Lens,1,2,A,0,4,Away Win,bad,medium,NA,NA,1.0,1.0,D
2025-01-12,Ligue 1,2024_2025,normal,0,Montpellier,Angers,1,3,A,1,3,Away Win,bad,bad,Stade de la Mosson,32939.0,0.0,1.0,A
2025-01-12,Ligue 1,2024_2025,normal,0,Paris SG,St Etienne,2,1,H,7,3,Home Win,good,bad,NA,NA,2.0,0.0,H
2025-01-12,Ligue 1,2024_2025,normal,0,Toulouse,Strasbourg,1,2,A,6,7,Away Win,medium,good,Belediye Stadyumu (Toulouse),35575.0,1.0,2.0,A
2025-01-12,Serie A,2024_2025,normal,0,Bologna,Roma,2,2,D,6,7,Draw,medium,good,Stadio Renato Dall'Ara,38279.0,0.0,0.0,D
2025-01-12,Serie A,2024_2025,normal,0,Genoa,Parma,1,0,H,4,4,Home Win,medium,medium,NA,NA,0.0,0.0,D
2025-01-12,Serie A,2024_2025,normal,0,Napoli,Verona,2,0,H,9,4,Home Win,good,medium,Stadio Arturo Collana,12000.0,1.0,0.0,H
2025-01-12,Serie A,2024_2025,normal,0,Venezia,Inter,0,1,A,4,9,Away Win,medium,good,Stadio Pier Luigi Penzo,7450.0,0.0,1.0,A
2025-01-13,La Liga,2024_2025,normal,0,Sociedad,Villarreal,1,0,H,4,4,Home Win,medium,medium,Anoeta,32076.0,0.0,0.0,D
2025-01-13,Serie A,2024_2025,normal,0,Monza,Fiorentina,2,1,H,0,1,Home Win,bad,bad,Stadio Brianteo,15039.0,1.0,0.0,H
2025-01-14,Bundesliga,2024_2025,normal,0,Ein Frankfurt,Freiburg,4,1,H,3,6,Home Win,bad,medium,Frankfurt Stadyumu,52300.0,1.0,1.0,D
2025-01-14,Bundesliga,2024_2025,normal,0,Holstein Kiel,Dortmund,4,2,H,3,4,Home Win,bad,medium,NA,NA,3.0,0.0,H
2025-01-14,Bundesliga,2024_2025,normal,0,Leverkusen,Mainz,1,0,H,9,9,Home Win,good,good,NA,NA,0.0,0.0,D
2025-01-14,Bundesliga,2024_2025,normal,0,Wolfsburg,M'gladbach,5,1,H,3,6,Home Win,bad,medium,Volkswagen Arena,30000.0,1.0,0.0,H
2025-01-14,Premier League,2024_2025,normal,0,Brentford,Man City,2,2,D,4,7,Draw,medium,good,Griffin Park,12763.0,0.0,0.0,D
2025-01-14,Premier League,2024_2025,normal,0,Chelsea,Bournemouth,2,2,D,1,5,Draw,bad,medium,Stamford Bridge,42449.0,1.0,0.0,H
2025-01-14,Premier League,2024_2025,normal,0,Nott'm Forest,Liverpool,1,1,D,9,7,Draw,good,good,City Ground,30576.0,1.0,0.0,H
2025-01-14,Premier League,2024_2025,normal,0,West Ham,Fulham,3,2,H,3,5,Home Win,bad,medium,The Boleyn Ground,35303.0,2.0,0.0,H
2025-01-14,Serie A,2024_2025,normal,0,Atalanta,Juventus,1,1,D,5,5,Draw,medium,medium,Stadio Atleti Azzurri d'Italia,26562.0,0.0,0.0,D
2025-01-14,Serie A,2024_2025,normal,0,Como,Milan,1,2,A,4,5,Away Win,medium,medium,Stadio Giuseppe Sinigaglia,13602.0,0.0,0.0,D
2025-01-15,Bundesliga,2024_2025,normal,0,Bayern Munich,Hoffenheim,5,0,H,6,1,Home Win,medium,bad,NA,NA,3.0,0.0,H
2025-01-15,Bundesliga,2024_2025,normal,0,Bochum,St Pauli,1,0,H,6,3,Home Win,medium,bad,NA,NA,0.0,0.0,D
2025-01-15,Bundesliga,2024_2025,normal,0,Stuttgart,RB Leipzig,2,1,H,6,6,Home Win,medium,medium,MHPArena,60469.0,0.0,1.0,A
2025-01-15,Bundesliga,2024_2025,normal,0,Union Berlin,Augsburg,0,2,A,0,0,Away Win,bad,bad,Stadion An der Alten Försterei,22012.0,0.0,2.0,A
2025-01-15,Bundesliga,2024_2025,normal,0,Werder Bremen,Heidenheim,3,3,D,6,3,Draw,medium,bad,Weser Stadyumu,42358.0,1.0,1.0,D
2025-01-15,Premier League,2024_2025,normal,0,Arsenal,Tottenham,2,1,H,7,1,Home Win,good,bad,Emirates Stadyumu,60361.0,2.0,1.0,H
2025-01-15,Premier League,2024_2025,normal,0,Everton,Aston Villa,0,1,A,1,4,Away Win,bad,medium,Goodison Park,40157.0,0.0,0.0,D
2025-01-15,Premier League,2024_2025,normal,0,Leicester,Crystal Palace,0,2,A,0,5,Away Win,bad,medium,King Power Stadyumu,32312.0,0.0,0.0,D
2025-01-15,Premier League,2024_2025,normal,0,Newcastle,Wolves,3,0,H,9,4,Home Win,good,medium,St James' Park,52409.0,1.0,0.0,H
2025-01-15,Serie A,2024_2025,normal,0,Inter,Bologna,2,2,D,9,4,Draw,good,medium,NA,NA,2.0,1.0,H
2025-01-16,Premier League,2024_2025,normal,0,Ipswich,Brighton,0,2,A,4,3,Away Win,medium,bad,Portman Road,30311.0,0.0,0.0,D
2025-01-16,Premier League,2024_2025,normal,0,Man United,Southampton,3,1,H,1,0,Home Win,bad,bad,Old Trafford,75653.0,0.0,1.0,A
2025-01-17,Bundesliga,2024_2025,normal,0,Ein Frankfurt,Dortmund,2,0,H,6,3,Home Win,medium,bad,Frankfurt Stadyumu,52300.0,1.0,0.0,H
2025-01-17,La Liga,2024_2025,normal,0,Espanol,Valladolid,2,1,H,2,6,Home Win,bad,medium,NA,NA,1.0,0.0,H
2025-01-17,Ligue 1,2024_2025,normal,0,Lille,Nice,2,1,H,3,7,Home Win,bad,good,Stade Borne de l'Espoir,50186.0,0.0,1.0,A
2025-01-17,Ligue 1,2024_2025,normal,0,Montpellier,Monaco,2,1,H,1,2,Home Win,bad,bad,Stade de la Mosson,32939.0,0.0,1.0,A
2025-01-17,Serie A,2024_2025,normal,0,Roma,Genoa,3,1,H,5,7,Home Win,medium,good,Campo Testaccio,20000.0,1.0,1.0,D
2025-01-18,Bundesliga,2024_2025,normal,0,Bayern Munich,Wolfsburg,3,2,H,9,6,Home Win,good,medium,NA,NA,2.0,1.0,H
2025-01-18,Bundesliga,2024_2025,normal,0,Bochum,RB Leipzig,3,3,D,6,3,Draw,medium,bad,NA,NA,0.0,3.0,A
2025-01-18,Bundesliga,2024_2025,normal,0,Heidenheim,St Pauli,0,2,A,4,3,Away Win,medium,bad,NA,NA,0.0,1.0,A
2025-01-18,Bundesliga,2024_2025,normal,0,Holstein Kiel,Hoffenheim,1,3,A,6,0,Away Win,medium,bad,NA,NA,0.0,2.0,A
2025-01-18,Bundesliga,2024_2025,normal,0,Leverkusen,M'gladbach,3,1,H,9,3,Home Win,good,bad,NA,NA,1.0,0.0,H
2025-01-18,Bundesliga,2024_2025,normal,0,Stuttgart,Freiburg,4,0,H,6,3,Home Win,medium,bad,MHPArena,60469.0,3.0,0.0,H
2025-01-18,La Liga,2024_2025,normal,0,Betis,Alaves,1,3,A,4,2,Away Win,medium,bad,Benito Villamarín,52745.0,1.0,1.0,D
2025-01-18,La Liga,2024_2025,normal,0,Getafe,Barcelona,1,1,D,3,1,Draw,bad,bad,Alfonso Pérez,16000.0,1.0,1.0,D
2025-01-18,La Liga,2024_2025,normal,0,Girona,Sevilla,1,2,A,6,4,Away Win,medium,medium,Montilivi,9500.0,1.0,0.0,H
2025-01-18,La Liga,2024_2025,normal,0,Leganes,Ath Madrid,1,0,H,4,9,Home Win,medium,good,NA,NA,0.0,0.0,D
2025-01-18,Ligue 1,2024_2025,normal,0,Lens,Paris SG,1,2,A,4,9,Away Win,medium,good,Stade Félix Bollaert,41233.0,1.0,0.0,H
2025-01-18,Ligue 1,2024_2025,normal,0,Lyon,Toulouse,0,0,D,3,6,Draw,bad,medium,Gerland Stadyumu,41044.0,0.0,0.0,D
2025-01-18,Ligue 1,2024_2025,normal,0,Rennes,Brest,1,2,A,3,6,Away Win,bad,medium,Stade de la Route de Lorient,31127.0,0.0,1.0,A
2025-01-18,Premier League,2024_2025,normal,0,Arsenal,Aston Villa,2,2,D,7,7,Draw,good,good,Emirates Stadyumu,60361.0,1.0,0.0,H
2025-01-18,Premier League,2024_2025,normal,0,Brentford,Liverpool,0,2,A,4,5,Away Win,medium,medium,Griffin Park,12763.0,0.0,0.0,D
2025-01-18,Premier League,2024_2025,normal,0,Leicester,Fulham,0,2,A,0,2,Away Win,bad,bad,King Power Stadyumu,32312.0,0.0,0.0,D
2025-01-18,Premier League,2024_2025,normal,0,Newcastle,Bournemouth,1,4,A,9,5,Away Win,good,medium,St James' Park,52409.0,1.0,2.0,A
2025-01-18,Premier League,2024_2025,normal,0,West Ham,Crystal Palace,0,2,A,3,7,Away Win,bad,good,The Boleyn Ground,35303.0,0.0,0.0,D
2025-01-18,Serie A,2024_2025,normal,0,Atalanta,Napoli,2,3,A,3,9,Away Win,bad,good,Stadio Atleti Azzurri d'Italia,26562.0,1.0,2.0,A
2025-01-18,Serie A,2024_2025,normal,0,Bologna,Monza,3,1,H,2,3,Home Win,bad,bad,Stadio Renato Dall'Ara,38279.0,2.0,1.0,H
2025-01-18,Serie A,2024_2025,normal,0,Juventus,Milan,2,0,H,3,5,Home Win,bad,medium,Juventus Stadium,41507.0,0.0,0.0,D
2025-01-19,Bundesliga,2024_2025,normal,0,Union Berlin,Mainz,2,1,H,0,6,Home Win,bad,medium,Stadion An der Alten Försterei,22012.0,2.0,1.0,H
2025-01-19,Bundesliga,2024_2025,normal,0,Werder Bremen,Augsburg,0,2,A,4,3,Away Win,medium,bad,Weser Stadyumu,42358.0,0.0,2.0,A
2025-01-19,La Liga,2024_2025,normal,0,Celta,Ath Bilbao,1,2,A,3,7,Away Win,bad,good,NA,NA,0.0,0.0,D
2025-01-19,La Liga,2024_2025,normal,0,Osasuna,Vallecano,1,1,D,1,5,Draw,bad,medium,Reyno de Navarra,19800.0,0.0,1.0,A
2025-01-19,La Liga,2024_2025,normal,0,Real Madrid,Las Palmas,4,1,H,7,4,Home Win,good,medium,Santiago Bernabéu,80354.0,3.0,1.0,H
2025-01-19,La Liga,2024_2025,normal,0,Valencia,Sociedad,1,0,H,2,4,Home Win,bad,medium,Mestalla,55000.0,1.0,0.0,H
2025-01-19,Ligue 1,2024_2025,normal,0,Angers,Auxerre,2,0,H,6,2,Home Win,medium,bad,NA,NA,1.0,0.0,H
2025-01-19,Ligue 1,2024_2025,normal,0,Marseille,Strasbourg,1,1,D,7,9,Draw,good,good,Vélodrome Stadyumu,60013.0,0.0,1.0,A
2025-01-19,Ligue 1,2024_2025,normal,0,Reims,Le Havre,1,1,D,1,0,Draw,bad,bad,Stade Auguste-Delaune II,21684.0,1.0,0.0,H
2025-01-19,Ligue 1,2024_2025,normal,0,St Etienne,Nantes,1,1,D,3,2,Draw,bad,bad,NA,NA,0.0,1.0,A
2025-01-19,Premier League,2024_2025,normal,0,Everton,Tottenham,3,2,H,0,1,Home Win,bad,bad,Goodison Park,40157.0,3.0,0.0,H
2025-01-19,Premier League,2024_2025,normal,0,Ipswich,Man City,0,6,A,4,7,Away Win,medium,good,Portman Road,30311.0,0.0,3.0,A
2025-01-19,Premier League,2024_2025,normal,0,Man United,Brighton,1,3,A,4,5,Away Win,medium,medium,Old Trafford,75653.0,1.0,1.0,D
2025-01-19,Premier League,2024_2025,normal,0,Nott'm Forest,Southampton,3,2,H,7,0,Home Win,good,bad,City Ground,30576.0,3.0,0.0,H
2025-01-19,Serie A,2024_2025,normal,0,Cagliari,Lecce,4,1,H,4,4,Home Win,medium,medium,Unipol Domus,16233.0,0.0,1.0,A
2025-01-19,Serie A,2024_2025,normal,0,Fiorentina,Torino,1,1,D,1,3,Draw,bad,bad,Stadio Artemio Franchi,43147.0,1.0,0.0,H
2025-01-19,Serie A,2024_2025,normal,0,Inter,Empoli,3,1,H,7,1,Home Win,good,bad,NA,NA,0.0,0.0,D
2025-01-19,Serie A,2024_2025,normal,0,Parma,Venezia,1,1,D,4,1,Draw,medium,bad,Stadio Ennio Tardini,27906.0,0.0,1.0,A
2025-01-19,Serie A,2024_2025,normal,0,Verona,Lazio,0,3,A,4,2,Away Win,medium,bad,NA,NA,0.0,2.0,A
2025-01-20,La Liga,2024_2025,normal,0,Villarreal,Mallorca,4,0,H,4,6,Home Win,medium,medium,El Madrigal,26000.0,4.0,0.0,H
2025-01-20,Premier League,2024_2025,normal,0,Chelsea,Wolves,3,1,H,2,1,Home Win,bad,bad,Stamford Bridge,42449.0,1.0,1.0,D
2025-01-20,Serie A,2024_2025,normal,0,Como,Udinese,4,1,H,4,3,Home Win,medium,bad,Stadio Giuseppe Sinigaglia,13602.0,2.0,0.0,H
2025-01-24,Bundesliga,2024_2025,normal,0,Wolfsburg,Holstein Kiel,2,2,D,6,3,Draw,medium,bad,Volkswagen Arena,30000.0,0.0,1.0,A
2025-01-24,La Liga,2024_2025,normal,0,Las Palmas,Osasuna,1,1,D,3,1,Draw,bad,bad,Gran Canaria,32520.0,0.0,0.0,D
2025-01-24,Ligue 1,2024_2025,normal,0,Auxerre,St Etienne,1,1,D,1,4,Draw,bad,medium,Stade de l'Abbé-Deschamps,23467.0,1.0,1.0,D
2025-01-24,Serie A,2024_2025,normal,0,Torino,Cagliari,2,0,H,3,7,Home Win,bad,good,Stadio Filadelfia,4000.0,1.0,0.0,H
2025-01-25,Bundesliga,2024_2025,normal,0,Augsburg,Heidenheim,2,1,H,6,4,Home Win,medium,medium,Impuls Arena,30660.0,1.0,0.0,H
2025-01-25,Bundesliga,2024_2025,normal,0,Dortmund,Werder Bremen,2,2,D,0,1,Draw,bad,bad,Signal Iduna Park,81359.0,1.0,0.0,H
2025-01-25,Bundesliga,2024_2025,normal,0,Freiburg,Bayern Munich,1,2,A,3,9,Away Win,bad,good,Kara Orman Stadyumu,24036.0,0.0,1.0,A
2025-01-25,Bundesliga,2024_2025,normal,0,M'gladbach,Bochum,3,0,H,0,4,Home Win,bad,medium,Stadion im Borussia-Park,54067.0,1.0,0.0,H
2025-01-25,Bundesliga,2024_2025,normal,0,Mainz,Stuttgart,2,0,H,3,9,Home Win,bad,good,NA,NA,1.0,0.0,H
2025-01-25,Bundesliga,2024_2025,normal,0,RB Leipzig,Leverkusen,2,2,D,4,9,Draw,medium,good,Red Bull Arena,44345.0,1.0,2.0,A
2025-01-25,La Liga,2024_2025,normal,0,Ath Madrid,Villarreal,1,1,D,6,6,Draw,medium,medium,Vicente Calderón,54851.0,0.0,1.0,A
2025-01-25,La Liga,2024_2025,normal,0,Mallorca,Betis,0,1,A,6,1,Away Win,medium,bad,Son Moix Stadyumu,23142.0,0.0,0.0,D
2025-01-25,La Liga,2024_2025,normal,0,Sevilla,Espanol,1,1,D,4,4,Draw,medium,medium,Ramón Sánchez Pizjuán,48649.0,0.0,1.0,A
2025-01-25,La Liga,2024_2025,normal,0,Valladolid,Real Madrid,0,3,A,3,9,Away Win,bad,good,José Zorilla,26512.0,0.0,1.0,A
2025-01-25,Ligue 1,2024_2025,normal,0,Monaco,Rennes,3,2,H,1,0,Home Win,bad,bad,NA,NA,1.0,1.0,D
2025-01-25,Ligue 1,2024_2025,normal,0,Paris SG,Reims,1,1,D,9,1,Draw,good,bad,NA,NA,0.0,0.0,D
2025-01-25,Ligue 1,2024_2025,normal,0,Strasbourg,Lille,2,1,H,7,5,Home Win,good,medium,Meinau Stadyumu,29230.0,0.0,1.0,A
2025-01-25,Premier League,2024_2025,normal,0,Bournemouth,Nott'm Forest,5,0,H,7,7,Home Win,good,good,Dean Court,9776.0,1.0,0.0,H
2025-01-25,Premier League,2024_2025,normal,0,Brighton,Everton,0,1,A,7,3,Away Win,good,bad,Falmer Stadyumu,22500.0,0.0,1.0,A
2025-01-25,Premier League,2024_2025,normal,0,Liverpool,Ipswich,4,1,H,5,1,Home Win,medium,bad,Anfield,45276.0,3.0,0.0,H
2025-01-25,Premier League,2024_2025,normal,0,Man City,Chelsea,3,1,H,7,5,Home Win,good,medium,Etihad Stadium,47405.0,1.0,1.0,D
2025-01-25,Premier League,2024_2025,normal,0,Southampton,Newcastle,1,3,A,0,6,Away Win,bad,medium,St Mary's Stadium,32689.0,1.0,2.0,A
2025-01-25,Premier League,2024_2025,normal,0,Wolves,Arsenal,0,1,A,0,5,Away Win,bad,medium,Molineux,24259.0,0.0,0.0,D
2025-01-25,Serie A,2024_2025,normal,0,Como,Atalanta,1,2,A,4,2,Away Win,medium,bad,Stadio Giuseppe Sinigaglia,13602.0,1.0,0.0,H
2025-01-25,Serie A,2024_2025,normal,0,Empoli,Bologna,1,1,D,1,5,Draw,bad,medium,Stadio Carlo Castellani,21092.0,1.0,1.0,D
2025-01-25,Serie A,2024_2025,normal,0,Napoli,Juventus,2,1,H,9,5,Home Win,good,medium,Stadio Arturo Collana,12000.0,0.0,1.0,A
2025-01-26,Bundesliga,2024_2025,normal,0,Hoffenheim,Ein Frankfurt,2,2,D,3,9,Draw,bad,good,NA,NA,0.0,1.0,A
2025-01-26,Bundesliga,2024_2025,normal,0,St Pauli,Union Berlin,3,0,H,3,3,Home Win,bad,bad,NA,NA,1.0,0.0,H
2025-01-26,La Liga,2024_2025,normal,0,Ath Bilbao,Leganes,0,0,D,7,4,Draw,good,medium,NA,NA,0.0,0.0,D
2025-01-26,La Liga,2024_2025,normal,0,Barcelona,Valencia,7,1,H,1,4,Home Win,bad,medium,Camp Nou,99354.0,5.0,0.0,H
2025-01-26,La Liga,2024_2025,normal,0,Sociedad,Getafe,0,3,A,3,4,Away Win,bad,medium,Anoeta,32076.0,0.0,0.0,D
2025-01-26,La Liga,2024_2025,normal,0,Vallecano,Girona,2,1,H,5,6,Home Win,medium,medium,Teresa Rivero,15000.0,0.0,0.0,D
2025-01-26,Ligue 1,2024_2025,normal,0,Le Havre,Brest,0,1,A,1,6,Away Win,bad,medium,NA,NA,0.0,1.0,A
2025-01-26,Ligue 1,2024_2025,normal,0,Lens,Angers,1,0,H,3,9,Home Win,bad,good,Stade Félix Bollaert,41233.0,0.0,0.0,D
2025-01-26,Ligue 1,2024_2025,normal,0,Nantes,Lyon,1,1,D,3,4,Draw,bad,medium,Beaujoire Stadyumu,38285.0,0.0,1.0,A
2025-01-26,Ligue 1,2024_2025,normal,0,Nice,Marseille,2,0,H,6,7,Home Win,medium,good,Grand Stade Nice,35624.0,1.0,0.0,H
2025-01-26,Ligue 1,2024_2025,normal,0,Toulouse,Montpellier,1,2,A,4,3,Away Win,medium,bad,Belediye Stadyumu (Toulouse),35575.0,0.0,0.0,D
2025-01-26,Premier League,2024_2025,normal,0,Aston Villa,West Ham,1,1,D,7,3,Draw,good,bad,Villa Park,42786.0,1.0,0.0,H
2025-01-26,Premier League,2024_2025,normal,0,Crystal Palace,Brentford,1,2,A,7,4,Away Win,good,medium,Selhurst Park,26225.0,0.0,0.0,D
2025-01-26,Premier League,2024_2025,normal,0,Fulham,Man United,0,1,A,4,4,Away Win,medium,medium,Craven Cottage,25700.0,0.0,0.0,D
2025-01-26,Premier League,2024_2025,normal,0,Tottenham,Leicester,1,2,A,0,0,Away Win,bad,bad,White Hart Lane,36230.0,1.0,0.0,H
2025-01-26,Serie A,2024_2025,normal,0,Lazio,Fiorentina,1,2,A,4,1,Away Win,medium,bad,NA,NA,0.0,2.0,A
2025-01-26,Serie A,2024_2025,normal,0,Lecce,Inter,0,4,A,4,7,Away Win,medium,good,Stadio Via del Mare,40670.0,0.0,2.0,A
2025-01-26,Serie A,2024_2025,normal,0,Milan,Parma,3,2,H,4,2,Home Win,medium,bad,NA,NA,1.0,1.0,D
2025-01-26,Serie A,2024_2025,normal,0,Udinese,Roma,1,2,A,2,7,Away Win,bad,good,Stadio Friuli,25144.0,1.0,0.0,H
2025-01-27,La Liga,2024_2025,normal,0,Alaves,Celta,1,1,D,4,3,Draw,medium,bad,Mendizorrotza,19900.0,1.0,0.0,H
2025-01-27,Serie A,2024_2025,normal,0,Genoa,Monza,2,0,H,4,3,Home Win,medium,bad,NA,NA,0.0,0.0,D
2025-01-27,Serie A,2024_2025,normal,0,Venezia,Verona,1,1,D,2,1,Draw,bad,bad,Stadio Pier Luigi Penzo,7450.0,1.0,0.0,H
2025-01-31,Bundesliga,2024_2025,normal,0,Werder Bremen,Mainz,1,0,H,2,3,Home Win,bad,bad,Weser Stadyumu,42358.0,1.0,0.0,H
2025-01-31,La Liga,2024_2025,normal,0,Leganes,Vallecano,0,1,A,5,7,Away Win,medium,good,NA,NA,0.0,0.0,D
2025-01-31,Ligue 1,2024_2025,normal,0,Montpellier,Lens,0,2,A,6,6,Away Win,medium,medium,Stade de la Mosson,32939.0,0.0,1.0,A
2025-01-31,Serie A,2024_2025,normal,0,Parma,Lecce,1,3,A,1,3,Away Win,bad,bad,Stadio Ennio Tardini,27906.0,1.0,1.0,D
2025-02-01,Bundesliga,2024_2025,normal,0,Bayern Munich,Holstein Kiel,4,3,H,9,4,Home Win,good,medium,NA,NA,2.0,0.0,H
2025-02-01,Bundesliga,2024_2025,normal,0,Bochum,Freiburg,0,1,A,4,0,Away Win,medium,bad,NA,NA,0.0,1.0,A
2025-02-01,Bundesliga,2024_2025,normal,0,Heidenheim,Dortmund,1,2,A,1,1,Away Win,bad,bad,NA,NA,0.0,1.0,A
2025-02-01,Bundesliga,2024_2025,normal,0,St Pauli,Augsburg,1,1,D,6,9,Draw,medium,good,NA,NA,1.0,0.0,H
2025-02-01,Bundesliga,2024_2025,normal,0,Stuttgart,M'gladbach,1,2,A,6,3,Away Win,medium,bad,MHPArena,60469.0,0.0,1.0,A
2025-02-01,Bundesliga,2024_2025,normal,0,Union Berlin,RB Leipzig,0,0,D,3,2,Draw,bad,bad,Stadion An der Alten Försterei,22012.0,0.0,0.0,D
2025-02-01,La Liga,2024_2025,normal,0,Ath Madrid,Mallorca,2,0,H,4,3,Home Win,medium,bad,Vicente Calderón,54851.0,1.0,0.0,H
2025-02-01,La Liga,2024_2025,normal,0,Espanol,Real Madrid,1,0,H,5,9,Home Win,medium,good,NA,NA,0.0,0.0,D
2025-02-01,La Liga,2024_2025,normal,0,Getafe,Sevilla,0,0,D,7,5,Draw,good,medium,Alfonso Pérez,16000.0,0.0,0.0,D
2025-02-01,La Liga,2024_2025,normal,0,Villarreal,Valladolid,5,1,H,4,3,Home Win,medium,bad,El Madrigal,26000.0,1.0,0.0,H
2025-02-01,Ligue 1,2024_2025,normal,0,Brest,Paris SG,2,5,A,9,7,Away Win,good,good,NA,NA,0.0,1.0,A
2025-02-01,Ligue 1,2024_2025,normal,0,Lille,St Etienne,4,1,H,4,2,Home Win,medium,bad,Stade Borne de l'Espoir,50186.0,1.0,1.0,D
2025-02-01,Ligue 1,2024_2025,normal,0,Monaco,Auxerre,4,2,H,4,2,Home Win,medium,bad,NA,NA,1.0,2.0,A
2025-02-01,Premier League,2024_2025,normal,0,Bournemouth,Liverpool,0,2,A,7,7,Away Win,good,good,Dean Court,9776.0,0.0,1.0,A
2025-02-01,Premier League,2024_2025,normal,0,Everton,Leicester,4,0,H,6,3,Home Win,medium,bad,Goodison Park,40157.0,3.0,0.0,H
2025-02-01,Premier League,2024_2025,normal,0,Ipswich,Southampton,1,2,A,0,0,Away Win,bad,bad,Portman Road,30311.0,1.0,1.0,D
2025-02-01,Premier League,2024_2025,normal,0,Newcastle,Fulham,1,2,A,6,3,Away Win,medium,bad,St James' Park,52409.0,1.0,0.0,H
2025-02-01,Premier League,2024_2025,normal,0,Nott'm Forest,Brighton,7,0,H,4,6,Home Win,medium,medium,City Ground,30576.0,3.0,0.0,H
2025-02-01,Premier League,2024_2025,normal,0,Wolves,Aston Villa,2,0,H,0,5,Home Win,bad,medium,Molineux,24259.0,1.0,0.0,H
2025-02-01,Serie A,2024_2025,normal,0,Atalanta,Torino,1,1,D,4,5,Draw,medium,medium,Stadio Atleti Azzurri d'Italia,26562.0,1.0,1.0,D
2025-02-01,Serie A,2024_2025,normal,0,Bologna,Como,2,0,H,5,3,Home Win,medium,bad,Stadio Renato Dall'Ara,38279.0,1.0,0.0,H
2025-02-01,Serie A,2024_2025,normal,0,Monza,Verona,0,1,A,3,1,Away Win,bad,bad,Stadio Brianteo,15039.0,0.0,1.0,A
2025-02-01,Serie A,2024_2025,normal,0,Udinese,Venezia,3,2,H,1,2,Home Win,bad,bad,Stadio Friuli,25144.0,0.0,0.0,D
2025-02-02,Bundesliga,2024_2025,normal,0,Ein Frankfurt,Wolfsburg,1,1,D,7,4,Draw,good,medium,Frankfurt Stadyumu,52300.0,0.0,0.0,D
2025-02-02,Bundesliga,2024_2025,normal,0,Leverkusen,Hoffenheim,3,1,H,7,4,Home Win,good,medium,NA,NA,2.0,0.0,H
2025-02-02,La Liga,2024_2025,normal,0,Barcelona,Alaves,1,0,H,4,4,Home Win,medium,medium,Camp Nou,99354.0,0.0,0.0,D
2025-02-02,La Liga,2024_2025,normal,0,Betis,Ath Bilbao,2,2,D,3,7,Draw,bad,good,Benito Villamarín,52745.0,2.0,1.0,H
2025-02-02,La Liga,2024_2025,normal,0,Osasuna,Sociedad,2,1,H,2,3,Home Win,bad,bad,Reyno de Navarra,19800.0,1.0,0.0,H
2025-02-02,La Liga,2024_2025,normal,0,Valencia,Celta,2,1,H,4,1,Home Win,medium,bad,Mestalla,55000.0,1.0,0.0,H
2025-02-02,Ligue 1,2024_2025,normal,0,Angers,Le Havre,1,1,D,6,1,Draw,medium,bad,NA,NA,0.0,0.0,D
2025-02-02,Ligue 1,2024_2025,normal,0,Marseille,Lyon,3,2,H,4,2,Home Win,medium,bad,Vélodrome Stadyumu,60013.0,0.0,0.0,D
2025-02-02,Ligue 1,2024_2025,normal,0,Reims,Nantes,1,2,A,2,3,Away Win,bad,bad,Stade Auguste-Delaune II,21684.0,1.0,1.0,D
2025-02-02,Ligue 1,2024_2025,normal,0,Rennes,Strasbourg,1,0,H,0,7,Home Win,bad,good,Stade de la Route de Lorient,31127.0,0.0,0.0,D
2025-02-02,Ligue 1,2024_2025,normal,0,Toulouse,Nice,1,1,D,1,6,Draw,bad,medium,Belediye Stadyumu (Toulouse),35575.0,0.0,1.0,A
2025-02-02,Premier League,2024_2025,normal,0,Arsenal,Man City,5,1,H,7,7,Home Win,good,good,Emirates Stadyumu,60361.0,1.0,0.0,H
2025-02-02,Premier League,2024_2025,normal,0,Brentford,Tottenham,0,2,A,4,0,Away Win,medium,bad,Griffin Park,12763.0,0.0,1.0,A
2025-02-02,Premier League,2024_2025,normal,0,Man United,Crystal Palace,0,2,A,6,6,Away Win,medium,medium,Old Trafford,75653.0,0.0,0.0,D
2025-02-02,Serie A,2024_2025,normal,0,Fiorentina,Genoa,2,1,H,4,6,Home Win,medium,medium,Stadio Artemio Franchi,43147.0,2.0,0.0,H
2025-02-02,Serie A,2024_2025,normal,0,Juventus,Empoli,4,1,H,4,1,Home Win,medium,bad,Juventus Stadium,41507.0,0.0,1.0,A
2025-02-02,Serie A,2024_2025,normal,0,Milan,Inter,1,1,D,6,7,Draw,medium,good,NA,NA,1.0,0.0,H
2025-02-02,Serie A,2024_2025,normal,0,Roma,Napoli,1,1,D,7,9,Draw,good,good,Campo Testaccio,20000.0,0.0,1.0,A
2025-02-03,La Liga,2024_2025,normal,0,Girona,Las Palmas,2,1,H,3,1,Home Win,bad,bad,Montilivi,9500.0,1.0,0.0,H
2025-02-03,Premier League,2024_2025,normal,0,Chelsea,West Ham,2,1,H,4,4,Home Win,medium,medium,Stamford Bridge,42449.0,0.0,1.0,A
2025-02-03,Serie A,2024_2025,normal,0,Cagliari,Lazio,1,2,A,4,4,Away Win,medium,medium,Unipol Domus,16233.0,0.0,1.0,A
2025-02-06,Serie A,2024_2025,normal,0,Fiorentina,Inter,3,0,H,7,7,Home Win,good,good,Stadio Artemio Franchi,43147.0,0.0,0.0,D
2025-02-07,Bundesliga,2024_2025,normal,0,Bayern Munich,Werder Bremen,3,0,H,9,4,Home Win,good,medium,NA,NA,0.0,0.0,D
2025-02-07,La Liga,2024_2025,normal,0,Vallecano,Valladolid,1,0,H,7,0,Home Win,good,bad,Teresa Rivero,15000.0,0.0,0.0,D
2025-02-07,Ligue 1,2024_2025,normal,0,Nantes,Brest,0,2,A,5,6,Away Win,medium,medium,Beaujoire Stadyumu,38285.0,0.0,1.0,A
2025-02-07,Ligue 1,2024_2025,normal,0,Paris SG,Monaco,4,1,H,7,6,Home Win,good,medium,NA,NA,1.0,1.0,D
2025-02-07,Serie A,2024_2025,normal,0,Como,Juventus,1,2,A,3,6,Away Win,bad,medium,Stadio Giuseppe Sinigaglia,13602.0,1.0,1.0,D
2025-02-08,Bundesliga,2024_2025,normal,0,Dortmund,Stuttgart,1,2,A,4,3,Away Win,medium,bad,Signal Iduna Park,81359.0,0.0,0.0,D
2025-02-08,Bundesliga,2024_2025,normal,0,Freiburg,Heidenheim,1,0,H,3,0,Home Win,bad,bad,Kara Orman Stadyumu,24036.0,1.0,0.0,H
2025-02-08,Bundesliga,2024_2025,normal,0,Hoffenheim,Union Berlin,0,4,A,4,4,Away Win,medium,medium,NA,NA,0.0,1.0,A
2025-02-08,Bundesliga,2024_2025,normal,0,M'gladbach,Ein Frankfurt,1,1,D,6,5,Draw,medium,medium,Stadion im Borussia-Park,54067.0,1.0,1.0,D
2025-02-08,Bundesliga,2024_2025,normal,0,Mainz,Augsburg,0,0,D,3,7,Draw,bad,good,NA,NA,0.0,0.0,D
2025-02-08,Bundesliga,2024_2025,normal,0,Wolfsburg,Leverkusen,0,0,D,2,7,Draw,bad,good,Volkswagen Arena,30000.0,0.0,0.0,D
2025-02-08,La Liga,2024_2025,normal,0,Ath Bilbao,Girona,3,0,H,5,3,Home Win,medium,bad,NA,NA,2.0,0.0,H
2025-02-08,La Liga,2024_2025,normal,0,Celta,Betis,3,2,H,1,4,Home Win,bad,medium,NA,NA,0.0,2.0,A
2025-02-08,La Liga,2024_2025,normal,0,Las Palmas,Villarreal,1,2,A,1,7,Away Win,bad,good,Gran Canaria,32520.0,0.0,0.0,D
2025-02-08,La Liga,2024_2025,normal,0,Real Madrid,Ath Madrid,1,1,D,6,4,Draw,medium,medium,Santiago Bernabéu,80354.0,0.0,1.0,A
2025-02-08,Ligue 1,2024_2025,normal,0,Lille,Le Havre,1,2,A,6,2,Away Win,medium,bad,Stade Borne de l'Espoir,50186.0,0.0,1.0,A
2025-02-08,Ligue 1,2024_2025,normal,0,Nice,Lens,2,0,H,4,6,Home Win,medium,medium,Grand Stade Nice,35624.0,1.0,0.0,H
2025-02-08,Ligue 1,2024_2025,normal,0,St Etienne,Rennes,0,2,A,2,3,Away Win,bad,bad,NA,NA,0.0,1.0,A
2025-02-08,Serie A,2024_2025,normal,0,Empoli,Milan,0,2,A,1,4,Away Win,bad,medium,Stadio Carlo Castellani,21092.0,0.0,0.0,D
2025-02-08,Serie A,2024_2025,normal,0,Torino,Genoa,1,1,D,5,3,Draw,medium,bad,Stadio Filadelfia,4000.0,1.0,0.0,H
2025-02-08,Serie A,2024_2025,normal,0,Verona,Atalanta,0,5,A,4,4,Away Win,medium,medium,NA,NA,0.0,4.0,A
2025-02-09,Bundesliga,2024_2025,normal,0,Holstein Kiel,Bochum,2,2,D,1,1,Draw,bad,bad,NA,NA,1.0,2.0,A
2025-02-09,Bundesliga,2024_2025,normal,0,RB Leipzig,St Pauli,2,0,H,3,7,Home Win,bad,good,Red Bull Arena,44345.0,2.0,0.0,H
2025-02-09,La Liga,2024_2025,normal,0,Alaves,Getafe,0,1,A,4,5,Away Win,medium,medium,Mendizorrotza,19900.0,0.0,1.0,A
2025-02-09,La Liga,2024_2025,normal,0,Sevilla,Barcelona,1,4,A,5,7,Away Win,medium,good,Ramón Sánchez Pizjuán,48649.0,1.0,1.0,D
2025-02-09,La Liga,2024_2025,normal,0,Sociedad,Espanol,2,1,H,0,7,Home Win,bad,good,Anoeta,32076.0,1.0,0.0,H
2025-02-09,La Liga,2024_2025,normal,0,Valencia,Leganes,2,0,H,6,4,Home Win,medium,medium,Mestalla,55000.0,2.0,0.0,H
2025-02-09,Ligue 1,2024_2025,normal,0,Angers,Marseille,0,2,A,4,4,Away Win,medium,medium,NA,NA,0.0,0.0,D
2025-02-09,Ligue 1,2024_2025,normal,0,Auxerre,Toulouse,2,2,D,1,2,Draw,bad,bad,Stade de l'Abbé-Deschamps,23467.0,0.0,0.0,D
2025-02-09,Ligue 1,2024_2025,normal,0,Lyon,Reims,4,0,H,2,2,Home Win,bad,bad,Gerland Stadyumu,41044.0,1.0,0.0,H
2025-02-09,Ligue 1,2024_2025,normal,0,Strasbourg,Montpellier,2,0,H,4,6,Home Win,medium,medium,Meinau Stadyumu,29230.0,1.0,0.0,H
2025-02-09,Serie A,2024_2025,normal,0,Cagliari,Parma,2,1,H,3,1,Home Win,bad,bad,Unipol Domus,16233.0,0.0,0.0,D
2025-02-09,Serie A,2024_2025,normal,0,Lazio,Monza,5,1,H,6,0,Home Win,medium,bad,NA,NA,1.0,0.0,H
2025-02-09,Serie A,2024_2025,normal,0,Lecce,Bologna,0,0,D,3,7,Draw,bad,good,Stadio Via del Mare,40670.0,0.0,0.0,D
2025-02-09,Serie A,2024_2025,normal,0,Napoli,Udinese,1,1,D,7,3,Draw,good,bad,Stadio Arturo Collana,12000.0,1.0,1.0,D
2025-02-09,Serie A,2024_2025,normal,0,Venezia,Roma,0,1,A,2,7,Away Win,bad,good,Stadio Pier Luigi Penzo,7450.0,0.0,0.0,D
2025-02-10,La Liga,2024_2025,normal,0,Mallorca,Osasuna,1,1,D,0,5,Draw,bad,medium,Son Moix Stadyumu,23142.0,0.0,0.0,D
2025-02-10,Serie A,2024_2025,normal,0,Inter,Fiorentina,2,1,H,4,9,Home Win,medium,good,NA,NA,1.0,1.0,D
2025-02-12,Premier League,2024_2025,normal,0,Everton,Liverpool,2,2,D,9,9,Draw,good,good,Goodison Park,40157.0,1.0,1.0,D
2025-02-14,Bundesliga,2024_2025,normal,0,Augsburg,RB Leipzig,0,0,D,5,5,Draw,medium,medium,Impuls Arena,30660.0,0.0,0.0,D
2025-02-14,La Liga,2024_2025,normal,0,Girona,Getafe,1,2,A,3,7,Away Win,bad,good,Montilivi,9500.0,0.0,1.0,A
2025-02-14,Ligue 1,2024_2025,normal,0,Brest,Auxerre,2,2,D,6,2,Draw,medium,bad,NA,NA,0.0,1.0,A
2025-02-14,Premier League,2024_2025,normal,0,Brighton,Chelsea,3,0,H,3,6,Home Win,bad,medium,Falmer Stadyumu,22500.0,2.0,0.0,H
2025-02-14,Serie A,2024_2025,normal,0,Bologna,Torino,3,2,H,5,5,Home Win,medium,medium,Stadio Renato Dall'Ara,38279.0,1.0,1.0,D
2025-02-15,Bundesliga,2024_2025,normal,0,Bochum,Dortmund,2,0,H,1,4,Home Win,bad,medium,NA,NA,2.0,0.0,H
2025-02-15,Bundesliga,2024_2025,normal,0,Leverkusen,Bayern Munich,0,0,D,5,9,Draw,medium,good,NA,NA,0.0,0.0,D
2025-02-15,Bundesliga,2024_2025,normal,0,St Pauli,Freiburg,0,1,A,4,6,Away Win,medium,medium,NA,NA,0.0,0.0,D
2025-02-15,Bundesliga,2024_2025,normal,0,Stuttgart,Wolfsburg,1,2,A,3,3,Away Win,bad,bad,MHPArena,60469.0,0.0,0.0,D
2025-02-15,Bundesliga,2024_2025,normal,0,Union Berlin,M'gladbach,1,2,A,4,7,Away Win,medium,good,Stadion An der Alten Försterei,22012.0,0.0,2.0,A
2025-02-15,La Liga,2024_2025,normal,0,Ath Madrid,Celta,1,1,D,5,4,Draw,medium,medium,Vicente Calderón,54851.0,0.0,0.0,D
2025-02-15,La Liga,2024_2025,normal,0,Leganes,Alaves,3,3,D,1,1,Draw,bad,bad,NA,NA,2.0,1.0,H
2025-02-15,La Liga,2024_2025,normal,0,Osasuna,Real Madrid,1,1,D,5,4,Draw,medium,medium,Reyno de Navarra,19800.0,0.0,1.0,A
2025-02-15,La Liga,2024_2025,normal,0,Villarreal,Valencia,1,1,D,7,6,Draw,good,medium,El Madrigal,26000.0,1.0,0.0,H
2025-02-15,Ligue 1,2024_2025,normal,0,Marseille,St Etienne,5,1,H,6,1,Home Win,medium,bad,Vélodrome Stadyumu,60013.0,1.0,0.0,H
2025-02-15,Ligue 1,2024_2025,normal,0,Monaco,Nantes,7,1,H,6,4,Home Win,medium,medium,NA,NA,2.0,1.0,H
2025-02-15,Ligue 1,2024_2025,normal,0,Toulouse,Paris SG,0,1,A,2,7,Away Win,bad,good,Belediye Stadyumu (Toulouse),35575.0,0.0,0.0,D
2025-02-15,Premier League,2024_2025,normal,0,Aston Villa,Ipswich,1,1,D,2,0,Draw,bad,bad,Villa Park,42786.0,0.0,0.0,D
2025-02-15,Premier League,2024_2025,normal,0,Crystal Palace,Everton,1,2,A,6,7,Away Win,medium,good,Selhurst Park,26225.0,0.0,1.0,A
2025-02-15,Premier League,2024_2025,normal,0,Fulham,Nott'm Forest,2,1,H,6,6,Home Win,medium,medium,Craven Cottage,25700.0,1.0,1.0,D
2025-02-15,Premier League,2024_2025,normal,0,Leicester,Arsenal,0,2,A,3,7,Away Win,bad,good,King Power Stadyumu,32312.0,0.0,0.0,D
2025-02-15,Premier League,2024_2025,normal,0,Man City,Newcastle,4,0,H,6,3,Home Win,medium,bad,Etihad Stadium,47405.0,3.0,0.0,H
2025-02-15,Premier League,2024_2025,normal,0,Southampton,Bournemouth,1,3,A,3,6,Away Win,bad,medium,St Mary's Stadium,32689.0,0.0,2.0,A
2025-02-15,Premier League,2024_2025,normal,0,West Ham,Brentford,0,1,A,1,3,Away Win,bad,bad,The Boleyn Ground,35303.0,0.0,1.0,A
2025-02-15,Serie A,2024_2025,normal,0,Atalanta,Cagliari,0,0,D,7,3,Draw,good,bad,Stadio Atleti Azzurri d'Italia,26562.0,0.0,0.0,D
2025-02-15,Serie A,2024_2025,normal,0,Lazio,Napoli,2,2,D,6,5,Draw,medium,medium,NA,NA,1.0,1.0,D
2025-02-15,Serie A,2024_2025,normal,0,Milan,Verona,1,0,H,7,4,Home Win,good,medium,NA,NA,0.0,0.0,D
2025-02-16,Bundesliga,2024_2025,normal,0,Ein Frankfurt,Holstein Kiel,3,1,H,3,2,Home Win,bad,bad,Frankfurt Stadyumu,52300.0,2.0,0.0,H
2025-02-16,Bundesliga,2024_2025,normal,0,Heidenheim,Mainz,0,2,A,0,4,Away Win,bad,medium,NA,NA,0.0,1.0,A
2025-02-16,Bundesliga,2024_2025,normal,0,Werder Bremen,Hoffenheim,1,3,A,4,1,Away Win,medium,bad,Weser Stadyumu,42358.0,1.0,2.0,A
2025-02-16,La Liga,2024_2025,normal,0,Betis,Sociedad,3,0,H,4,3,Home Win,medium,bad,Benito Villamarín,52745.0,0.0,0.0,D
2025-02-16,La Liga,2024_2025,normal,0,Espanol,Ath Bilbao,1,1,D,4,5,Draw,medium,medium,NA,NA,0.0,0.0,D
2025-02-16,La Liga,2024_2025,normal,0,Mallorca,Las Palmas,3,1,H,1,1,Home Win,bad,bad,Son Moix Stadyumu,23142.0,3.0,0.0,H
2025-02-16,La Liga,2024_2025,normal,0,Valladolid,Sevilla,0,4,A,0,2,Away Win,bad,bad,José Zorilla,26512.0,0.0,2.0,A
2025-02-16,Ligue 1,2024_2025,normal,0,Le Havre,Nice,1,3,A,4,7,Away Win,medium,good,NA,NA,1.0,2.0,A
2025-02-16,Ligue 1,2024_2025,normal,0,Lens,Strasbourg,0,2,A,6,6,Away Win,medium,medium,Stade Félix Bollaert,41233.0,0.0,0.0,D
2025-02-16,Ligue 1,2024_2025,normal,0,Montpellier,Lyon,1,4,A,3,4,Away Win,bad,medium,Stade de la Mosson,32939.0,1.0,1.0,D
2025-02-16,Ligue 1,2024_2025,normal,0,Reims,Angers,0,1,A,1,1,Away Win,bad,bad,Stade Auguste-Delaune II,21684.0,0.0,1.0,A
2025-02-16,Ligue 1,2024_2025,normal,0,Rennes,Lille,0,2,A,6,3,Away Win,medium,bad,Stade de la Route de Lorient,31127.0,0.0,0.0,D
2025-02-16,Premier League,2024_2025,normal,0,Liverpool,Wolves,2,1,H,7,3,Home Win,good,bad,Anfield,45276.0,2.0,0.0,H
2025-02-16,Premier League,2024_2025,normal,0,Tottenham,Man United,1,0,H,3,3,Home Win,bad,bad,White Hart Lane,36230.0,1.0,0.0,H
2025-02-16,Serie A,2024_2025,normal,0,Fiorentina,Como,0,2,A,6,0,Away Win,medium,bad,Stadio Artemio Franchi,43147.0,0.0,1.0,A
2025-02-16,Serie A,2024_2025,normal,0,Juventus,Inter,1,0,H,6,4,Home Win,medium,medium,Juventus Stadium,41507.0,0.0,0.0,D
2025-02-16,Serie A,2024_2025,normal,0,Monza,Lecce,0,0,D,0,4,Draw,bad,medium,Stadio Brianteo,15039.0,0.0,0.0,D
2025-02-16,Serie A,2024_2025,normal,0,Parma,Roma,0,1,A,0,7,Away Win,bad,good,Stadio Ennio Tardini,27906.0,0.0,1.0,A
2025-02-16,Serie A,2024_2025,normal,0,Udinese,Empoli,3,0,H,4,1,Home Win,medium,bad,Stadio Friuli,25144.0,1.0,0.0,H
2025-02-17,La Liga,2024_2025,normal,0,Barcelona,Vallecano,1,0,H,9,9,Home Win,good,good,Camp Nou,99354.0,1.0,0.0,H
2025-02-17,Serie A,2024_2025,normal,0,Genoa,Venezia,2,0,H,4,1,Home Win,medium,bad,NA,NA,0.0,0.0,D
2025-02-19,Premier League,2024_2025,normal,0,Aston Villa,Liverpool,2,2,D,2,7,Draw,bad,good,Villa Park,42786.0,2.0,1.0,H
2025-02-21,Bundesliga,2024_2025,normal,0,Freiburg,Werder Bremen,5,0,H,9,3,Home Win,good,bad,Kara Orman Stadyumu,24036.0,2.0,0.0,H
2025-02-21,La Liga,2024_2025,normal,0,Celta,Osasuna,1,0,H,4,5,Home Win,medium,medium,NA,NA,0.0,0.0,D
2025-02-21,Ligue 1,2024_2025,normal,0,Rennes,Reims,1,0,H,6,0,Home Win,medium,bad,Stade de la Route de Lorient,31127.0,1.0,0.0,H
2025-02-21,Premier League,2024_2025,normal,0,Leicester,Brentford,0,4,A,3,6,Away Win,bad,medium,King Power Stadyumu,32312.0,0.0,3.0,A
2025-02-21,Serie A,2024_2025,normal,0,Lecce,Udinese,0,1,A,5,7,Away Win,medium,good,Stadio Via del Mare,40670.0,0.0,1.0,A
2025-02-22,Bundesliga,2024_2025,normal,0,Dortmund,Union Berlin,6,0,H,3,4,Home Win,bad,medium,Signal Iduna Park,81359.0,2.0,0.0,H
2025-02-22,Bundesliga,2024_2025,normal,0,Holstein Kiel,Leverkusen,0,2,A,1,5,Away Win,bad,medium,NA,NA,0.0,2.0,A
2025-02-22,Bundesliga,2024_2025,normal,0,M'gladbach,Augsburg,0,3,A,7,3,Away Win,good,bad,Stadion im Borussia-Park,54067.0,0.0,0.0,D
2025-02-22,Bundesliga,2024_2025,normal,0,Mainz,St Pauli,2,0,H,4,1,Home Win,medium,bad,NA,NA,0.0,0.0,D
2025-02-22,Bundesliga,2024_2025,normal,0,Wolfsburg,Bochum,1,1,D,5,4,Draw,medium,medium,Volkswagen Arena,30000.0,0.0,0.0,D
2025-02-22,La Liga,2024_2025,normal,0,Alaves,Espanol,0,1,A,1,4,Away Win,bad,medium,Mendizorrotza,19900.0,0.0,0.0,D
2025-02-22,La Liga,2024_2025,normal,0,Las Palmas,Barcelona,0,2,A,0,9,Away Win,bad,good,Gran Canaria,32520.0,0.0,0.0,D
2025-02-22,La Liga,2024_2025,normal,0,Valencia,Ath Madrid,0,3,A,7,5,Away Win,good,medium,Mestalla,55000.0,0.0,2.0,A
2025-02-22,La Liga,2024_2025,normal,0,Vallecano,Villarreal,0,1,A,6,7,Away Win,medium,good,Teresa Rivero,15000.0,0.0,0.0,D
2025-02-22,Ligue 1,2024_2025,normal,0,Auxerre,Marseille,3,0,H,2,9,Home Win,bad,good,Stade de l'Abbé-Deschamps,23467.0,1.0,0.0,H
2025-02-22,Ligue 1,2024_2025,normal,0,Lille,Monaco,2,1,H,6,6,Home Win,medium,medium,Stade Borne de l'Espoir,50186.0,2.0,1.0,H
2025-02-22,Ligue 1,2024_2025,normal,0,St Etienne,Angers,3,3,D,0,4,Draw,bad,medium,NA,NA,1.0,2.0,A
2025-02-22,Premier League,2024_2025,normal,0,Arsenal,West Ham,0,1,A,9,1,Away Win,good,bad,Emirates Stadyumu,60361.0,0.0,1.0,A
2025-02-22,Premier League,2024_2025,normal,0,Aston Villa,Chelsea,2,1,H,2,3,Home Win,bad,bad,Villa Park,42786.0,0.0,1.0,A
2025-02-22,Premier League,2024_2025,normal,0,Bournemouth,Wolves,0,1,A,6,3,Away Win,medium,bad,Dean Court,9776.0,0.0,1.0,A
2025-02-22,Premier League,2024_2025,normal,0,Everton,Man United,2,2,D,7,3,Draw,good,bad,Goodison Park,40157.0,2.0,0.0,H
2025-02-22,Premier League,2024_2025,normal,0,Fulham,Crystal Palace,0,2,A,6,3,Away Win,medium,bad,Craven Cottage,25700.0,0.0,1.0,A
2025-02-22,Premier League,2024_2025,normal,0,Ipswich,Tottenham,1,4,A,1,6,Away Win,bad,medium,Portman Road,30311.0,1.0,2.0,A
2025-02-22,Premier League,2024_2025,normal,0,Southampton,Brighton,0,4,A,3,3,Away Win,bad,bad,St Mary's Stadium,32689.0,0.0,1.0,A
2025-02-22,Serie A,2024_2025,normal,0,Inter,Genoa,1,0,H,3,4,Home Win,bad,medium,NA,NA,0.0,0.0,D
2025-02-22,Serie A,2024_2025,normal,0,Parma,Bologna,2,0,H,0,7,Home Win,bad,good,Stadio Ennio Tardini,27906.0,1.0,0.0,H
2025-02-22,Serie A,2024_2025,normal,0,Torino,Milan,2,1,H,2,7,Home Win,bad,good,Stadio Filadelfia,4000.0,1.0,0.0,H
2025-02-22,Serie A,2024_2025,normal,0,Venezia,Lazio,0,0,D,0,7,Draw,bad,good,Stadio Pier Luigi Penzo,7450.0,0.0,0.0,D
2025-02-23,Bundesliga,2024_2025,normal,0,Bayern Munich,Ein Frankfurt,4,0,H,7,5,Home Win,good,medium,NA,NA,1.0,0.0,H
2025-02-23,Bundesliga,2024_2025,normal,0,Hoffenheim,Stuttgart,1,1,D,3,3,Draw,bad,bad,NA,NA,0.0,1.0,A
2025-02-23,Bundesliga,2024_2025,normal,0,RB Leipzig,Heidenheim,2,2,D,5,0,Draw,medium,bad,Red Bull Arena,44345.0,1.0,2.0,A
2025-02-23,La Liga,2024_2025,normal,0,Ath Bilbao,Valladolid,7,1,H,5,0,Home Win,medium,bad,NA,NA,4.0,0.0,H
2025-02-23,La Liga,2024_2025,normal,0,Getafe,Betis,1,2,A,7,4,Away Win,good,medium,Alfonso Pérez,16000.0,0.0,1.0,A
2025-02-23,La Liga,2024_2025,normal,0,Real Madrid,Girona,2,0,H,2,3,Home Win,bad,bad,Santiago Bernabéu,80354.0,1.0,0.0,H
2025-02-23,La Liga,2024_2025,normal,0,Sociedad,Leganes,3,0,H,3,1,Home Win,bad,bad,Anoeta,32076.0,1.0,0.0,H
2025-02-23,Ligue 1,2024_2025,normal,0,Le Havre,Toulouse,1,4,A,4,2,Away Win,medium,bad,NA,NA,0.0,1.0,A
2025-02-23,Ligue 1,2024_2025,normal,0,Lyon,Paris SG,2,3,A,6,9,Away Win,medium,good,Gerland Stadyumu,41044.0,0.0,0.0,D
2025-02-23,Ligue 1,2024_2025,normal,0,Nantes,Lens,3,1,H,3,3,Home Win,bad,bad,Beaujoire Stadyumu,38285.0,1.0,0.0,H
2025-02-23,Ligue 1,2024_2025,normal,0,Nice,Montpellier,2,0,H,7,0,Home Win,good,bad,Grand Stade Nice,35624.0,1.0,0.0,H
2025-02-23,Ligue 1,2024_2025,normal,0,Strasbourg,Brest,0,0,D,6,4,Draw,medium,medium,Meinau Stadyumu,29230.0,0.0,0.0,D
2025-02-23,Premier League,2024_2025,normal,0,Man City,Liverpool,0,2,A,6,5,Away Win,medium,medium,Etihad Stadium,47405.0,0.0,2.0,A
2025-02-23,Premier League,2024_2025,normal,0,Newcastle,Nott'm Forest,4,3,H,3,3,Home Win,bad,bad,St James' Park,52409.0,4.0,1.0,H
2025-02-23,Serie A,2024_2025,normal,0,Cagliari,Juventus,0,1,A,4,9,Away Win,medium,good,Unipol Domus,16233.0,0.0,1.0,A
2025-02-23,Serie A,2024_2025,normal,0,Como,Napoli,2,1,H,3,3,Home Win,bad,bad,Stadio Giuseppe Sinigaglia,13602.0,1.0,1.0,D
2025-02-23,Serie A,2024_2025,normal,0,Empoli,Atalanta,0,5,A,0,5,Away Win,bad,medium,Stadio Carlo Castellani,21092.0,0.0,3.0,A
2025-02-23,Serie A,2024_2025,normal,0,Verona,Fiorentina,1,0,H,3,3,Home Win,bad,bad,NA,NA,0.0,0.0,D
2025-02-24,La Liga,2024_2025,normal,0,Sevilla,Mallorca,1,1,D,4,4,Draw,medium,medium,Ramón Sánchez Pizjuán,48649.0,1.0,0.0,H
2025-02-24,Serie A,2024_2025,normal,0,Roma,Monza,4,0,H,7,1,Home Win,good,bad,Campo Testaccio,20000.0,2.0,0.0,H
2025-02-25,Premier League,2024_2025,normal,0,Brighton,Bournemouth,2,1,H,6,3,Home Win,medium,bad,Falmer Stadyumu,22500.0,1.0,0.0,H
2025-02-25,Premier League,2024_2025,normal,0,Chelsea,Southampton,4,0,H,3,3,Home Win,bad,bad,Stamford Bridge,42449.0,3.0,0.0,H
2025-02-25,Premier League,2024_2025,normal,0,Crystal Palace,Aston Villa,4,1,H,6,5,Home Win,medium,medium,Selhurst Park,26225.0,1.0,0.0,H
2025-02-25,Premier League,2024_2025,normal,0,Wolves,Fulham,1,2,A,6,6,Away Win,medium,medium,Molineux,24259.0,1.0,1.0,D
2025-02-26,Premier League,2024_2025,normal,0,Brentford,Everton,1,1,D,6,5,Draw,medium,medium,Griffin Park,12763.0,1.0,0.0,H
2025-02-26,Premier League,2024_2025,normal,0,Liverpool,Newcastle,2,0,H,7,3,Home Win,good,bad,Anfield,45276.0,1.0,0.0,H
2025-02-26,Premier League,2024_2025,normal,0,Man United,Ipswich,3,2,H,1,1,Home Win,bad,bad,Old Trafford,75653.0,2.0,2.0,D
2025-02-26,Premier League,2024_2025,normal,0,Nott'm Forest,Arsenal,0,0,D,3,6,Draw,bad,medium,City Ground,30576.0,0.0,0.0,D
2025-02-26,Premier League,2024_2025,normal,0,Tottenham,Man City,0,1,A,9,3,Away Win,good,bad,White Hart Lane,36230.0,0.0,1.0,A
2025-02-27,Premier League,2024_2025,normal,0,West Ham,Leicester,2,0,H,3,0,Home Win,bad,bad,The Boleyn Ground,35303.0,2.0,0.0,H
2025-02-27,Serie A,2024_2025,normal,0,Bologna,Milan,2,1,H,4,6,Home Win,medium,medium,Stadio Renato Dall'Ara,38279.0,0.0,1.0,A
2025-02-28,Bundesliga,2024_2025,normal,0,Stuttgart,Bayern Munich,1,3,A,4,7,Away Win,medium,good,MHPArena,60469.0,1.0,1.0,D
2025-02-28,La Liga,2024_2025,normal,0,Valladolid,Las Palmas,1,1,D,0,0,Draw,bad,bad,José Zorilla,26512.0,0.0,1.0,A
2025-02-28,Ligue 1,2024_2025,normal,0,Monaco,Reims,3,0,H,3,0,Home Win,bad,bad,NA,NA,2.0,0.0,H
2025-02-28,Serie A,2024_2025,normal,0,Fiorentina,Lecce,1,0,H,0,2,Home Win,bad,bad,Stadio Artemio Franchi,43147.0,1.0,0.0,H
2025-03-01,Bundesliga,2024_2025,normal,0,Bochum,Hoffenheim,0,1,A,5,4,Away Win,medium,medium,NA,NA,0.0,0.0,D
2025-03-01,Bundesliga,2024_2025,normal,0,Ein Frankfurt,Leverkusen,1,4,A,4,5,Away Win,medium,medium,Frankfurt Stadyumu,52300.0,1.0,3.0,A
2025-03-01,Bundesliga,2024_2025,normal,0,Heidenheim,M'gladbach,0,3,A,1,4,Away Win,bad,medium,NA,NA,0.0,2.0,A
2025-03-01,Bundesliga,2024_2025,normal,0,RB Leipzig,Mainz,1,2,A,5,7,Away Win,medium,good,Red Bull Arena,44345.0,1.0,0.0,H
2025-03-01,Bundesliga,2024_2025,normal,0,St Pauli,Dortmund,0,2,A,0,3,Away Win,bad,bad,NA,NA,0.0,0.0,D
2025-03-01,Bundesliga,2024_2025,normal,0,Werder Bremen,Wolfsburg,1,2,A,0,5,Away Win,bad,medium,Weser Stadyumu,42358.0,0.0,1.0,A
2025-03-01,La Liga,2024_2025,normal,0,Ath Madrid,Ath Bilbao,1,0,H,5,7,Home Win,medium,good,Vicente Calderón,54851.0,0.0,0.0,D
2025-03-01,La Liga,2024_2025,normal,0,Betis,Real Madrid,2,1,H,6,5,Home Win,medium,medium,Benito Villamarín,52745.0,1.0,1.0,D
2025-03-01,La Liga,2024_2025,normal,0,Girona,Celta,2,2,D,0,7,Draw,bad,good,Montilivi,9500.0,1.0,1.0,D
2025-03-01,La Liga,2024_2025,normal,0,Vallecano,Sevilla,1,1,D,3,4,Draw,bad,medium,Teresa Rivero,15000.0,0.0,0.0,D
2025-03-01,Ligue 1,2024_2025,normal,0,Lens,Le Havre,3,4,A,0,3,Away Win,bad,bad,Stade Félix Bollaert,41233.0,2.0,2.0,D
2025-03-01,Ligue 1,2024_2025,normal,0,Paris SG,Lille,4,1,H,9,6,Home Win,good,medium,NA,NA,4.0,0.0,H
2025-03-01,Ligue 1,2024_2025,normal,0,St Etienne,Nice,1,3,A,1,9,Away Win,bad,good,NA,NA,1.0,1.0,D
2025-03-01,Serie A,2024_2025,normal,0,Atalanta,Venezia,0,0,D,7,1,Draw,good,bad,Stadio Atleti Azzurri d'Italia,26562.0,0.0,0.0,D
2025-03-01,Serie A,2024_2025,normal,0,Napoli,Inter,1,1,D,2,6,Draw,bad,medium,Stadio Arturo Collana,12000.0,0.0,1.0,A
2025-03-01,Serie A,2024_2025,normal,0,Udinese,Parma,1,0,H,7,3,Home Win,good,bad,Stadio Friuli,25144.0,1.0,0.0,H
2025-03-02,Bundesliga,2024_2025,normal,0,Augsburg,Freiburg,0,0,D,5,9,Draw,medium,good,Impuls Arena,30660.0,0.0,0.0,D
2025-03-02,Bundesliga,2024_2025,normal,0,Union Berlin,Holstein Kiel,0,1,A,3,1,Away Win,bad,bad,Stadion An der Alten Försterei,22012.0,0.0,1.0,A
2025-03-02,La Liga,2024_2025,normal,0,Barcelona,Sociedad,4,0,H,9,6,Home Win,good,medium,Camp Nou,99354.0,2.0,0.0,H
2025-03-02,La Liga,2024_2025,normal,0,Leganes,Getafe,1,0,H,1,6,Home Win,bad,medium,NA,NA,0.0,0.0,D
2025-03-02,La Liga,2024_2025,normal,0,Mallorca,Alaves,1,1,D,5,1,Draw,medium,bad,Son Moix Stadyumu,23142.0,1.0,0.0,H
2025-03-02,La Liga,2024_2025,normal,0,Osasuna,Valencia,3,3,D,2,4,Draw,bad,medium,Reyno de Navarra,19800.0,3.0,2.0,H
2025-03-02,Ligue 1,2024_2025,normal,0,Angers,Toulouse,0,4,A,4,4,Away Win,medium,medium,NA,NA,0.0,0.0,D
2025-03-02,Ligue 1,2024_2025,normal,0,Auxerre,Strasbourg,0,1,A,5,7,Away Win,medium,good,Stade de l'Abbé-Deschamps,23467.0,0.0,0.0,D
2025-03-02,Ligue 1,2024_2025,normal,0,Lyon,Brest,2,1,H,6,5,Home Win,medium,medium,Gerland Stadyumu,41044.0,1.0,1.0,D
2025-03-02,Ligue 1,2024_2025,normal,0,Marseille,Nantes,2,0,H,6,3,Home Win,medium,bad,Vélodrome Stadyumu,60013.0,0.0,0.0,D
2025-03-02,Ligue 1,2024_2025,normal,0,Montpellier,Rennes,0,4,A,0,6,Away Win,bad,medium,Stade de la Mosson,32939.0,0.0,1.0,A
2025-03-02,Serie A,2024_2025,normal,0,Bologna,Cagliari,2,1,H,6,4,Home Win,medium,medium,Stadio Renato Dall'Ara,38279.0,0.0,1.0,A
2025-03-02,Serie A,2024_2025,normal,0,Genoa,Empoli,1,1,D,4,0,Draw,medium,bad,NA,NA,0.0,1.0,A
2025-03-02,Serie A,2024_2025,normal,0,Milan,Lazio,1,2,A,3,5,Away Win,bad,medium,NA,NA,0.0,1.0,A
2025-03-02,Serie A,2024_2025,normal,0,Monza,Torino,0,2,A,1,4,Away Win,bad,medium,Stadio Brianteo,15039.0,0.0,1.0,A
2025-03-02,Serie A,2024_2025,normal,0,Roma,Como,2,1,H,9,6,Home Win,good,medium,Campo Testaccio,20000.0,0.0,1.0,A
2025-03-03,Serie A,2024_2025,normal,0,Juventus,Verona,2,0,H,9,3,Home Win,good,bad,Juventus Stadium,41507.0,0.0,0.0,D
2025-03-07,Bundesliga,2024_2025,normal,0,M'gladbach,Mainz,1,3,A,6,9,Away Win,medium,good,Stadion im Borussia-Park,54067.0,0.0,1.0,A
2025-03-07,Ligue 1,2024_2025,normal,0,Toulouse,Monaco,1,1,D,6,6,Draw,medium,medium,Belediye Stadyumu (Toulouse),35575.0,0.0,1.0,A
2025-03-07,Serie A,2024_2025,normal,0,Cagliari,Genoa,1,1,D,1,4,Draw,bad,medium,Unipol Domus,16233.0,1.0,0.0,H
2025-03-08,Bundesliga,2024_2025,normal,0,Bayern Munich,Bochum,2,3,A,7,4,Away Win,good,medium,NA,NA,2.0,1.0,H
2025-03-08,Bundesliga,2024_2025,normal,0,Dortmund,Augsburg,0,1,A,6,5,Away Win,medium,medium,Signal Iduna Park,81359.0,0.0,1.0,A
2025-03-08,Bundesliga,2024_2025,normal,0,Freiburg,RB Leipzig,0,0,D,7,2,Draw,good,bad,Kara Orman Stadyumu,24036.0,0.0,0.0,D
2025-03-08,Bundesliga,2024_2025,normal,0,Holstein Kiel,Stuttgart,2,2,D,3,1,Draw,bad,bad,NA,NA,1.0,1.0,D
2025-03-08,Bundesliga,2024_2025,normal,0,Leverkusen,Werder Bremen,0,2,A,7,0,Away Win,good,bad,NA,NA,0.0,1.0,A
2025-03-08,Bundesliga,2024_2025,normal,0,Wolfsburg,St Pauli,1,1,D,7,0,Draw,good,bad,Volkswagen Arena,30000.0,0.0,1.0,A
2025-03-08,La Liga,2024_2025,normal,0,Alaves,Villarreal,1,0,H,2,7,Home Win,bad,good,Mendizorrotza,19900.0,1.0,0.0,H
2025-03-08,La Liga,2024_2025,normal,0,Celta,Leganes,2,1,H,5,4,Home Win,medium,medium,NA,NA,2.0,1.0,H
2025-03-08,La Liga,2024_2025,normal,0,Valencia,Valladolid,2,1,H,2,1,Home Win,bad,bad,Mestalla,55000.0,1.0,1.0,D
2025-03-08,Ligue 1,2024_2025,normal,0,Lille,Montpellier,1,0,H,6,0,Home Win,medium,bad,Stade Borne de l'Espoir,50186.0,0.0,0.0,D
2025-03-08,Ligue 1,2024_2025,normal,0,Marseille,Lens,0,1,A,6,0,Away Win,medium,bad,Vélodrome Stadyumu,60013.0,0.0,0.0,D
2025-03-08,Ligue 1,2024_2025,normal,0,Rennes,Paris SG,1,4,A,6,9,Away Win,medium,good,Stade de la Route de Lorient,31127.0,0.0,1.0,A
2025-03-08,Premier League,2024_2025,normal,0,Brentford,Aston Villa,0,1,A,7,4,Away Win,good,medium,Griffin Park,12763.0,0.0,0.0,D
2025-03-08,Premier League,2024_2025,normal,0,Brighton,Fulham,2,1,H,9,6,Home Win,good,medium,Falmer Stadyumu,22500.0,1.0,1.0,D
2025-03-08,Premier League,2024_2025,normal,0,Crystal Palace,Ipswich,1,0,H,6,1,Home Win,medium,bad,Selhurst Park,26225.0,0.0,0.0,D
2025-03-08,Premier League,2024_2025,normal,0,Liverpool,Southampton,3,1,H,7,0,Home Win,good,bad,Anfield,45276.0,0.0,1.0,A
2025-03-08,Premier League,2024_2025,normal,0,Nott'm Forest,Man City,1,0,H,1,6,Home Win,bad,medium,City Ground,30576.0,0.0,0.0,D
2025-03-08,Premier League,2024_2025,normal,0,Wolves,Everton,1,1,D,3,5,Draw,bad,medium,Molineux,24259.0,1.0,1.0,D
2025-03-08,Serie A,2024_2025,normal,0,Como,Venezia,1,1,D,6,2,Draw,medium,bad,Stadio Giuseppe Sinigaglia,13602.0,0.0,0.0,D
2025-03-08,Serie A,2024_2025,normal,0,Inter,Monza,3,2,H,4,1,Home Win,medium,bad,NA,NA,1.0,2.0,A
2025-03-08,Serie A,2024_2025,normal,0,Lecce,Milan,2,3,A,1,0,Away Win,bad,bad,Stadio Via del Mare,40670.0,1.0,0.0,H
2025-03-08,Serie A,2024_2025,normal,0,Parma,Torino,2,2,D,3,6,Draw,bad,medium,Stadio Ennio Tardini,27906.0,0.0,1.0,A
2025-03-09,Bundesliga,2024_2025,normal,0,Ein Frankfurt,Union Berlin,1,2,A,3,0,Away Win,bad,bad,Frankfurt Stadyumu,52300.0,1.0,0.0,H
2025-03-09,Bundesliga,2024_2025,normal,0,Hoffenheim,Heidenheim,1,1,D,7,1,Draw,good,bad,NA,NA,1.0,0.0,H
2025-03-09,La Liga,2024_2025,normal,0,Ath Bilbao,Mallorca,1,1,D,4,5,Draw,medium,medium,NA,NA,0.0,0.0,D
2025-03-09,La Liga,2024_2025,normal,0,Betis,Las Palmas,1,0,H,9,1,Home Win,good,bad,Benito Villamarín,52745.0,0.0,0.0,D
2025-03-09,La Liga,2024_2025,normal,0,Getafe,Ath Madrid,2,1,H,3,7,Home Win,bad,good,Alfonso Pérez,16000.0,0.0,0.0,D
2025-03-09,La Liga,2024_2025,normal,0,Real Madrid,Vallecano,2,1,H,4,1,Home Win,medium,bad,Santiago Bernabéu,80354.0,2.0,1.0,H
2025-03-09,La Liga,2024_2025,normal,0,Sociedad,Sevilla,0,1,A,3,5,Away Win,bad,medium,Anoeta,32076.0,0.0,0.0,D
2025-03-09,Ligue 1,2024_2025,normal,0,Brest,Angers,2,0,H,2,4,Home Win,bad,medium,NA,NA,1.0,0.0,H
2025-03-09,Ligue 1,2024_2025,normal,0,Le Havre,St Etienne,1,1,D,3,1,Draw,bad,bad,NA,NA,1.0,1.0,D
2025-03-09,Ligue 1,2024_2025,normal,0,Nantes,Strasbourg,0,1,A,3,7,Away Win,bad,good,Beaujoire Stadyumu,38285.0,0.0,0.0,D
2025-03-09,Ligue 1,2024_2025,normal,0,Nice,Lyon,0,2,A,9,6,Away Win,good,medium,Grand Stade Nice,35624.0,0.0,0.0,D
2025-03-09,Ligue 1,2024_2025,normal,0,Reims,Auxerre,0,2,A,0,4,Away Win,bad,medium,Stade Auguste-Delaune II,21684.0,0.0,2.0,A
2025-03-09,Premier League,2024_2025,normal,0,Chelsea,Leicester,1,0,H,3,0,Home Win,bad,bad,Stamford Bridge,42449.0,0.0,0.0,D
2025-03-09,Premier League,2024_2025,normal,0,Man United,Arsenal,1,1,D,4,4,Draw,medium,medium,Old Trafford,75653.0,1.0,0.0,H
2025-03-09,Premier League,2024_2025,normal,0,Tottenham,Bournemouth,2,2,D,6,3,Draw,medium,bad,White Hart Lane,36230.0,0.0,1.0,A
2025-03-09,Serie A,2024_2025,normal,0,Empoli,Roma,0,1,A,1,9,Away Win,bad,good,Stadio Carlo Castellani,21092.0,0.0,1.0,A
2025-03-09,Serie A,2024_2025,normal,0,Juventus,Atalanta,0,4,A,9,5,Away Win,good,medium,Juventus Stadium,41507.0,0.0,1.0,A
2025-03-09,Serie A,2024_2025,normal,0,Napoli,Fiorentina,2,1,H,2,3,Home Win,bad,bad,Stadio Arturo Collana,12000.0,1.0,0.0,H
2025-03-09,Serie A,2024_2025,normal,0,Verona,Bologna,1,2,A,3,6,Away Win,bad,medium,NA,NA,0.0,1.0,A
2025-03-10,La Liga,2024_2025,normal,0,Espanol,Girona,1,1,D,4,1,Draw,medium,bad,NA,NA,0.0,0.0,D
2025-03-10,Premier League,2024_2025,normal,0,West Ham,Newcastle,0,1,A,6,3,Away Win,medium,bad,The Boleyn Ground,35303.0,0.0,0.0,D
2025-03-10,Serie A,2024_2025,normal,0,Lazio,Udinese,1,1,D,5,9,Draw,medium,good,NA,NA,1.0,1.0,D
2025-03-14,Bundesliga,2024_2025,normal,0,St Pauli,Hoffenheim,1,0,H,1,5,Home Win,bad,medium,NA,NA,0.0,0.0,D
2025-03-14,La Liga,2024_2025,normal,0,Las Palmas,Alaves,2,2,D,1,4,Draw,bad,medium,Gran Canaria,32520.0,0.0,1.0,A
2025-03-14,Ligue 1,2024_2025,normal,0,Nice,Auxerre,1,1,D,6,6,Draw,medium,medium,Grand Stade Nice,35624.0,1.0,0.0,H
2025-03-14,Serie A,2024_2025,normal,0,Genoa,Lecce,2,1,H,2,0,Home Win,bad,bad,NA,NA,2.0,0.0,H
2025-03-15,Bundesliga,2024_2025,normal,0,Augsburg,Wolfsburg,1,0,H,7,5,Home Win,good,medium,Impuls Arena,30660.0,0.0,0.0,D
2025-03-15,Bundesliga,2024_2025,normal,0,Mainz,Freiburg,2,2,D,9,5,Draw,good,medium,NA,NA,1.0,0.0,H
2025-03-15,Bundesliga,2024_2025,normal,0,RB Leipzig,Dortmund,2,0,H,2,6,Home Win,bad,medium,Red Bull Arena,44345.0,1.0,0.0,H
2025-03-15,Bundesliga,2024_2025,normal,0,Union Berlin,Bayern Munich,1,1,D,3,6,Draw,bad,medium,Stadion An der Alten Försterei,22012.0,0.0,0.0,D
2025-03-15,Bundesliga,2024_2025,normal,0,Werder Bremen,M'gladbach,2,4,A,3,3,Away Win,bad,bad,Weser Stadyumu,42358.0,2.0,2.0,D
2025-03-15,La Liga,2024_2025,normal,0,Girona,Valencia,1,1,D,2,4,Draw,bad,medium,Montilivi,9500.0,0.0,0.0,D
2025-03-15,La Liga,2024_2025,normal,0,Mallorca,Espanol,2,1,H,3,5,Home Win,bad,medium,Son Moix Stadyumu,23142.0,0.0,0.0,D
2025-03-15,La Liga,2024_2025,normal,0,Valladolid,Celta,0,1,A,1,7,Away Win,bad,good,José Zorilla,26512.0,0.0,0.0,D
2025-03-15,La Liga,2024_2025,normal,0,Villarreal,Real Madrid,1,2,A,4,6,Away Win,medium,medium,El Madrigal,26000.0,1.0,2.0,A
2025-03-15,Ligue 1,2024_2025,normal,0,Angers,Monaco,0,2,A,1,4,Away Win,bad,medium,NA,NA,0.0,0.0,D
2025-03-15,Ligue 1,2024_2025,normal,0,Lens,Rennes,1,0,H,3,6,Home Win,bad,medium,Stade Félix Bollaert,41233.0,0.0,0.0,D
2025-03-15,Ligue 1,2024_2025,normal,0,Nantes,Lille,1,0,H,3,6,Home Win,bad,medium,Beaujoire Stadyumu,38285.0,0.0,0.0,D
2025-03-15,Premier League,2024_2025,normal,0,Bournemouth,Brentford,1,2,A,1,4,Away Win,bad,medium,Dean Court,9776.0,1.0,1.0,D
2025-03-15,Premier League,2024_2025,normal,0,Everton,West Ham,1,1,D,3,6,Draw,bad,medium,Goodison Park,40157.0,0.0,0.0,D
2025-03-15,Premier League,2024_2025,normal,0,Ipswich,Nott'm Forest,2,4,A,0,4,Away Win,bad,medium,Portman Road,30311.0,0.0,3.0,A
2025-03-15,Premier League,2024_2025,normal,0,Man City,Brighton,2,2,D,3,9,Draw,bad,good,Etihad Stadium,47405.0,2.0,1.0,H
2025-03-15,Premier League,2024_2025,normal,0,Southampton,Wolves,1,2,A,0,4,Away Win,bad,medium,St Mary's Stadium,32689.0,0.0,1.0,A
2025-03-15,Serie A,2024_2025,normal,0,Milan,Como,2,1,H,3,4,Home Win,bad,medium,NA,NA,0.0,1.0,A
2025-03-15,Serie A,2024_2025,normal,0,Monza,Parma,1,1,D,0,4,Draw,bad,medium,Stadio Brianteo,15039.0,0.0,0.0,D
2025-03-15,Serie A,2024_2025,normal,0,Torino,Empoli,1,0,H,7,1,Home Win,good,bad,Stadio Filadelfia,4000.0,0.0,0.0,D
2025-03-15,Serie A,2024_2025,normal,0,Udinese,Verona,0,1,A,7,3,Away Win,good,bad,Stadio Friuli,25144.0,0.0,0.0,D
2025-03-16,Bundesliga,2024_2025,normal,0,Bochum,Ein Frankfurt,1,3,A,4,0,Away Win,medium,bad,NA,NA,0.0,2.0,A
2025-03-16,Bundesliga,2024_2025,normal,0,Heidenheim,Holstein Kiel,3,1,H,2,4,Home Win,bad,medium,NA,NA,1.0,0.0,H
2025-03-16,Bundesliga,2024_2025,normal,0,Stuttgart,Leverkusen,3,4,A,2,6,Away Win,bad,medium,MHPArena,60469.0,1.0,0.0,H
2025-03-16,La Liga,2024_2025,normal,0,Ath Madrid,Barcelona,2,4,A,6,9,Away Win,medium,good,Vicente Calderón,54851.0,1.0,0.0,H
2025-03-16,La Liga,2024_2025,normal,0,Leganes,Betis,2,3,A,3,9,Away Win,bad,good,NA,NA,2.0,0.0,H
2025-03-16,La Liga,2024_2025,normal,0,Osasuna,Getafe,1,2,A,2,3,Away Win,bad,bad,Reyno de Navarra,19800.0,1.0,0.0,H
2025-03-16,La Liga,2024_2025,normal,0,Sevilla,Ath Bilbao,0,1,A,5,4,Away Win,medium,medium,Ramón Sánchez Pizjuán,48649.0,0.0,0.0,D
2025-03-16,La Liga,2024_2025,normal,0,Vallecano,Sociedad,2,2,D,1,3,Draw,bad,bad,Teresa Rivero,15000.0,0.0,1.0,A
2025-03-16,Ligue 1,2024_2025,normal,0,Brest,Reims,0,0,D,4,0,Draw,medium,bad,NA,NA,0.0,0.0,D
2025-03-16,Ligue 1,2024_2025,normal,0,Lyon,Le Havre,4,2,H,6,4,Home Win,medium,medium,Gerland Stadyumu,41044.0,1.0,2.0,A
2025-03-16,Ligue 1,2024_2025,normal,0,Montpellier,St Etienne,0,2,A,0,2,Away Win,bad,bad,Stade de la Mosson,32939.0,0.0,1.0,A
2025-03-16,Ligue 1,2024_2025,normal,0,Paris SG,Marseille,3,1,H,9,3,Home Win,good,bad,NA,NA,2.0,0.0,H
2025-03-16,Ligue 1,2024_2025,normal,0,Strasbourg,Toulouse,2,1,H,7,7,Home Win,good,good,Meinau Stadyumu,29230.0,0.0,1.0,A
2025-03-16,Premier League,2024_2025,normal,0,Arsenal,Chelsea,1,0,H,2,6,Home Win,bad,medium,Emirates Stadyumu,60361.0,1.0,0.0,H
2025-03-16,Premier League,2024_2025,normal,0,Fulham,Tottenham,2,0,H,3,4,Home Win,bad,medium,Craven Cottage,25700.0,0.0,0.0,D
2025-03-16,Premier League,2024_2025,normal,0,Leicester,Man United,0,3,A,0,5,Away Win,bad,medium,King Power Stadyumu,32312.0,0.0,1.0,A
2025-03-16,Serie A,2024_2025,normal,0,Atalanta,Inter,0,2,A,7,7,Away Win,good,good,Stadio Atleti Azzurri d'Italia,26562.0,0.0,0.0,D
2025-03-16,Serie A,2024_2025,normal,0,Bologna,Lazio,5,0,H,9,5,Home Win,good,medium,Stadio Renato Dall'Ara,38279.0,1.0,0.0,H
2025-03-16,Serie A,2024_2025,normal,0,Fiorentina,Juventus,3,0,H,3,6,Home Win,bad,medium,Stadio Artemio Franchi,43147.0,2.0,0.0,H
2025-03-16,Serie A,2024_2025,normal,0,Roma,Cagliari,1,0,H,9,1,Home Win,good,bad,Campo Testaccio,20000.0,0.0,0.0,D
2025-03-16,Serie A,2024_2025,normal,0,Venezia,Napoli,0,0,D,3,4,Draw,bad,medium,Stadio Pier Luigi Penzo,7450.0,0.0,0.0,D
2025-03-27,La Liga,2024_2025,normal,0,Barcelona,Osasuna,3,0,H,9,1,Home Win,good,bad,Camp Nou,99354.0,2.0,0.0,H
2025-03-28,Bundesliga,2024_2025,normal,0,Leverkusen,Bochum,3,1,H,6,3,Home Win,medium,bad,NA,NA,1.0,1.0,D
2025-03-28,Ligue 1,2024_2025,normal,0,Strasbourg,Lyon,4,2,H,9,9,Home Win,good,good,Meinau Stadyumu,29230.0,0.0,0.0,D
2025-03-29,Bundesliga,2024_2025,normal,0,Bayern Munich,St Pauli,3,2,H,4,4,Home Win,medium,medium,NA,NA,1.0,1.0,D
2025-03-29,Bundesliga,2024_2025,normal,0,Ein Frankfurt,Stuttgart,1,0,H,3,1,Home Win,bad,bad,Frankfurt Stadyumu,52300.0,0.0,0.0,D
2025-03-29,Bundesliga,2024_2025,normal,0,Hoffenheim,Augsburg,1,1,D,4,7,Draw,medium,good,NA,NA,0.0,0.0,D
2025-03-29,Bundesliga,2024_2025,normal,0,Holstein Kiel,Werder Bremen,0,3,A,4,3,Away Win,medium,bad,NA,NA,0.0,1.0,A
2025-03-29,Bundesliga,2024_2025,normal,0,M'gladbach,RB Leipzig,1,0,H,6,4,Home Win,medium,medium,Stadion im Borussia-Park,54067.0,0.0,0.0,D
2025-03-29,Bundesliga,2024_2025,normal,0,Wolfsburg,Heidenheim,0,1,A,4,4,Away Win,medium,medium,Volkswagen Arena,30000.0,0.0,1.0,A
2025-03-29,La Liga,2024_2025,normal,0,Alaves,Vallecano,0,2,A,5,2,Away Win,medium,bad,Mendizorrotza,19900.0,0.0,1.0,A
2025-03-29,La Liga,2024_2025,normal,0,Espanol,Ath Madrid,1,1,D,4,3,Draw,medium,bad,NA,NA,0.0,1.0,A
2025-03-29,La Liga,2024_2025,normal,0,Real Madrid,Leganes,3,2,H,6,3,Home Win,medium,bad,Santiago Bernabéu,80354.0,1.0,2.0,A
2025-03-29,La Liga,2024_2025,normal,0,Sociedad,Valladolid,2,1,H,1,1,Home Win,bad,bad,Anoeta,32076.0,1.0,0.0,H
2025-03-29,Ligue 1,2024_2025,normal,0,Monaco,Nice,2,1,H,7,4,Home Win,good,medium,NA,NA,0.0,1.0,A
2025-03-29,Ligue 1,2024_2025,normal,0,Reims,Marseille,3,1,H,1,3,Home Win,bad,bad,Stade Auguste-Delaune II,21684.0,1.0,0.0,H
2025-03-29,Ligue 1,2024_2025,normal,0,St Etienne,Paris SG,1,6,A,4,9,Away Win,medium,good,NA,NA,1.0,1.0,D
2025-03-29,Serie A,2024_2025,normal,0,Como,Empoli,1,1,D,1,1,Draw,bad,bad,Stadio Giuseppe Sinigaglia,13602.0,0.0,0.0,D
2025-03-29,Serie A,2024_2025,normal,0,Juventus,Genoa,1,0,H,3,5,Home Win,bad,medium,Juventus Stadium,41507.0,1.0,0.0,H
2025-03-29,Serie A,2024_2025,normal,0,Lecce,Roma,0,1,A,0,9,Away Win,bad,good,Stadio Via del Mare,40670.0,0.0,0.0,D
2025-03-29,Serie A,2024_2025,normal,0,Venezia,Bologna,0,1,A,3,9,Away Win,bad,good,Stadio Pier Luigi Penzo,7450.0,0.0,0.0,D
2025-03-30,Bundesliga,2024_2025,normal,0,Dortmund,Mainz,3,1,H,3,7,Home Win,bad,good,Signal Iduna Park,81359.0,2.0,0.0,H
2025-03-30,Bundesliga,2024_2025,normal,0,Freiburg,Union Berlin,1,2,A,3,4,Away Win,bad,medium,Kara Orman Stadyumu,24036.0,1.0,1.0,D
2025-03-30,La Liga,2024_2025,normal,0,Ath Bilbao,Osasuna,0,0,D,4,1,Draw,medium,bad,NA,NA,0.0,0.0,D
2025-03-30,La Liga,2024_2025,normal,0,Barcelona,Girona,4,1,H,9,3,Home Win,good,bad,Camp Nou,99354.0,1.0,0.0,H
2025-03-30,La Liga,2024_2025,normal,0,Betis,Sevilla,2,1,H,9,4,Home Win,good,medium,Benito Villamarín,52745.0,2.0,1.0,H
2025-03-30,La Liga,2024_2025,normal,0,Getafe,Villarreal,1,2,A,6,3,Away Win,medium,bad,Alfonso Pérez,16000.0,1.0,2.0,A
2025-03-30,La Liga,2024_2025,normal,0,Valencia,Mallorca,1,0,H,5,5,Home Win,medium,medium,Mestalla,55000.0,0.0,0.0,D
2025-03-30,Ligue 1,2024_2025,normal,0,Angers,Rennes,0,3,A,0,3,Away Win,bad,bad,NA,NA,0.0,1.0,A
2025-03-30,Ligue 1,2024_2025,normal,0,Auxerre,Montpellier,1,0,H,4,0,Home Win,medium,bad,Stade de l'Abbé-Deschamps,23467.0,0.0,0.0,D
2025-03-30,Ligue 1,2024_2025,normal,0,Le Havre,Nantes,3,2,H,4,3,Home Win,medium,bad,NA,NA,2.0,1.0,H
2025-03-30,Ligue 1,2024_2025,normal,0,Lille,Lens,1,0,H,3,6,Home Win,bad,medium,Stade Borne de l'Espoir,50186.0,1.0,0.0,H
2025-03-30,Ligue 1,2024_2025,normal,0,Toulouse,Brest,2,4,A,4,4,Away Win,medium,medium,Belediye Stadyumu (Toulouse),35575.0,0.0,2.0,A
2025-03-30,Serie A,2024_2025,normal,0,Cagliari,Monza,3,0,H,1,1,Home Win,bad,bad,Unipol Domus,16233.0,0.0,0.0,D
2025-03-30,Serie A,2024_2025,normal,0,Fiorentina,Atalanta,1,0,H,6,4,Home Win,medium,medium,Stadio Artemio Franchi,43147.0,1.0,0.0,H
2025-03-30,Serie A,2024_2025,normal,0,Inter,Udinese,2,1,H,7,4,Home Win,good,medium,NA,NA,2.0,0.0,H
2025-03-30,Serie A,2024_2025,normal,0,Napoli,Milan,2,1,H,5,6,Home Win,medium,medium,Stadio Arturo Collana,12000.0,2.0,0.0,H
2025-03-31,La Liga,2024_2025,normal,0,Celta,Las Palmas,1,1,D,7,2,Draw,good,bad,NA,NA,1.0,0.0,H
2025-03-31,Serie A,2024_2025,normal,0,Lazio,Torino,1,1,D,4,7,Draw,medium,good,NA,NA,0.0,0.0,D
2025-03-31,Serie A,2024_2025,normal,0,Verona,Parma,0,0,D,3,2,Draw,bad,bad,NA,NA,0.0,0.0,D
2025-04-01,Premier League,2024_2025,normal,0,Arsenal,Fulham,2,1,H,5,6,Home Win,medium,medium,Emirates Stadyumu,60361.0,1.0,0.0,H
2025-04-01,Premier League,2024_2025,normal,0,Nott'm Forest,Man United,1,0,H,7,7,Home Win,good,good,City Ground,30576.0,1.0,0.0,H
2025-04-01,Premier League,2024_2025,normal,0,Wolves,West Ham,1,0,H,4,4,Home Win,medium,medium,Molineux,24259.0,1.0,0.0,H
2025-04-02,Premier League,2024_2025,normal,0,Bournemouth,Ipswich,1,2,A,1,0,Away Win,bad,bad,Dean Court,9776.0,0.0,1.0,A
2025-04-02,Premier League,2024_2025,normal,0,Brighton,Aston Villa,0,3,A,7,6,Away Win,good,medium,Falmer Stadyumu,22500.0,0.0,0.0,D
2025-04-02,Premier League,2024_2025,normal,0,Liverpool,Everton,1,0,H,9,3,Home Win,good,bad,Anfield,45276.0,0.0,0.0,D
2025-04-02,Premier League,2024_2025,normal,0,Man City,Leicester,2,0,H,4,0,Home Win,medium,bad,Etihad Stadium,47405.0,2.0,0.0,H
2025-04-02,Premier League,2024_2025,normal,0,Newcastle,Brentford,2,1,H,6,4,Home Win,medium,medium,St James' Park,52409.0,1.0,0.0,H
2025-04-02,Premier League,2024_2025,normal,0,Southampton,Crystal Palace,1,1,D,0,9,Draw,bad,good,St Mary's Stadium,32689.0,1.0,0.0,H
2025-04-03,Premier League,2024_2025,normal,0,Chelsea,Tottenham,1,0,H,6,1,Home Win,medium,bad,Stamford Bridge,42449.0,0.0,0.0,D
2025-04-04,Bundesliga,2024_2025,normal,0,Augsburg,Bayern Munich,1,3,A,7,4,Away Win,good,medium,Impuls Arena,30660.0,1.0,1.0,D
2025-04-04,La Liga,2024_2025,normal,0,Vallecano,Espanol,0,4,A,4,2,Away Win,medium,bad,Teresa Rivero,15000.0,0.0,2.0,A
2025-04-04,Ligue 1,2024_2025,normal,0,Nice,Nantes,1,2,A,1,3,Away Win,bad,bad,Grand Stade Nice,35624.0,1.0,2.0,A
2025-04-04,Serie A,2024_2025,normal,0,Genoa,Udinese,1,0,H,4,1,Home Win,medium,bad,NA,NA,0.0,0.0,D
2025-04-05,Bundesliga,2024_2025,normal,0,Bochum,Stuttgart,0,4,A,3,1,Away Win,bad,bad,NA,NA,0.0,2.0,A
2025-04-05,Bundesliga,2024_2025,normal,0,Freiburg,Dortmund,1,4,A,2,3,Away Win,bad,bad,Kara Orman Stadyumu,24036.0,0.0,1.0,A
2025-04-05,Bundesliga,2024_2025,normal,0,Heidenheim,Leverkusen,0,1,A,7,6,Away Win,good,medium,NA,NA,0.0,0.0,D
2025-04-05,Bundesliga,2024_2025,normal,0,Mainz,Holstein Kiel,1,1,D,4,1,Draw,medium,bad,NA,NA,0.0,1.0,A
2025-04-05,Bundesliga,2024_2025,normal,0,RB Leipzig,Hoffenheim,3,1,H,4,2,Home Win,medium,bad,Red Bull Arena,44345.0,2.0,1.0,H
2025-04-05,Bundesliga,2024_2025,normal,0,Werder Bremen,Ein Frankfurt,2,0,H,6,6,Home Win,medium,medium,Weser Stadyumu,42358.0,1.0,0.0,H
2025-04-05,La Liga,2024_2025,normal,0,Barcelona,Betis,1,1,D,9,9,Draw,good,good,Camp Nou,99354.0,1.0,1.0,D
2025-04-05,La Liga,2024_2025,normal,0,Girona,Alaves,0,1,A,2,4,Away Win,bad,medium,Montilivi,9500.0,0.0,0.0,D
2025-04-05,La Liga,2024_2025,normal,0,Mallorca,Celta,1,2,A,4,7,Away Win,medium,good,Son Moix Stadyumu,23142.0,1.0,0.0,H
2025-04-05,La Liga,2024_2025,normal,0,Real Madrid,Valencia,1,2,A,9,7,Away Win,good,good,Santiago Bernabéu,80354.0,0.0,1.0,A
2025-04-05,Ligue 1,2024_2025,normal,0,Brest,Monaco,2,1,H,7,7,Home Win,good,good,NA,NA,1.0,0.0,H
2025-04-05,Ligue 1,2024_2025,normal,0,Lyon,Lille,2,1,H,6,6,Home Win,medium,medium,Gerland Stadyumu,41044.0,1.0,1.0,D
2025-04-05,Ligue 1,2024_2025,normal,0,Paris SG,Angers,1,0,H,9,0,Home Win,good,bad,NA,NA,0.0,0.0,D
2025-04-05,Premier League,2024_2025,normal,0,Aston Villa,Nott'm Forest,2,1,H,6,9,Home Win,medium,good,Villa Park,42786.0,2.0,0.0,H
2025-04-05,Premier League,2024_2025,normal,0,Crystal Palace,Brighton,2,1,H,7,4,Home Win,good,medium,Selhurst Park,26225.0,1.0,1.0,D
2025-04-05,Premier League,2024_2025,normal,0,Everton,Arsenal,1,1,D,2,7,Draw,bad,good,Goodison Park,40157.0,0.0,1.0,A
2025-04-05,Premier League,2024_2025,normal,0,Ipswich,Wolves,1,2,A,3,7,Away Win,bad,good,Portman Road,30311.0,1.0,0.0,H
2025-04-05,Premier League,2024_2025,normal,0,West Ham,Bournemouth,2,2,D,1,1,Draw,bad,bad,The Boleyn Ground,35303.0,0.0,1.0,A
2025-04-05,Serie A,2024_2025,normal,0,Milan,Fiorentina,2,2,D,6,6,Draw,medium,medium,NA,NA,1.0,2.0,A
2025-04-05,Serie A,2024_2025,normal,0,Monza,Como,1,3,A,1,2,Away Win,bad,bad,Stadio Brianteo,15039.0,1.0,2.0,A
2025-04-05,Serie A,2024_2025,normal,0,Parma,Inter,2,2,D,3,9,Draw,bad,good,Stadio Ennio Tardini,27906.0,0.0,2.0,A
2025-04-06,Bundesliga,2024_2025,normal,0,St Pauli,M'gladbach,1,1,D,4,6,Draw,medium,medium,NA,NA,0.0,1.0,A
2025-04-06,Bundesliga,2024_2025,normal,0,Union Berlin,Wolfsburg,1,0,H,7,1,Home Win,good,bad,Stadion An der Alten Försterei,22012.0,0.0,0.0,D
2025-04-06,La Liga,2024_2025,normal,0,Las Palmas,Sociedad,1,3,A,2,4,Away Win,bad,medium,Gran Canaria,32520.0,0.0,1.0,A
2025-04-06,La Liga,2024_2025,normal,0,Sevilla,Ath Madrid,1,2,A,3,1,Away Win,bad,bad,Ramón Sánchez Pizjuán,48649.0,1.0,1.0,D
2025-04-06,La Liga,2024_2025,normal,0,Valladolid,Getafe,0,4,A,0,6,Away Win,bad,medium,José Zorilla,26512.0,0.0,3.0,A
2025-04-06,La Liga,2024_2025,normal,0,Villarreal,Ath Bilbao,0,0,D,3,5,Draw,bad,medium,El Madrigal,26000.0,0.0,0.0,D
2025-04-06,Ligue 1,2024_2025,normal,0,Lens,St Etienne,1,0,H,6,4,Home Win,medium,medium,Stade Félix Bollaert,41233.0,0.0,0.0,D
2025-04-06,Ligue 1,2024_2025,normal,0,Marseille,Toulouse,3,2,H,0,1,Home Win,bad,bad,Vélodrome Stadyumu,60013.0,1.0,1.0,D
2025-04-06,Ligue 1,2024_2025,normal,0,Montpellier,Le Havre,0,2,A,0,4,Away Win,bad,medium,Stade de la Mosson,32939.0,0.0,2.0,A
2025-04-06,Ligue 1,2024_2025,normal,0,Reims,Strasbourg,0,1,A,4,9,Away Win,medium,good,Stade Auguste-Delaune II,21684.0,0.0,1.0,A
2025-04-06,Ligue 1,2024_2025,normal,0,Rennes,Auxerre,0,1,A,3,7,Away Win,bad,good,Stade de la Route de Lorient,31127.0,0.0,0.0,D
2025-04-06,Premier League,2024_2025,normal,0,Brentford,Chelsea,0,0,D,3,6,Draw,bad,medium,Griffin Park,12763.0,0.0,0.0,D
2025-04-06,Premier League,2024_2025,normal,0,Fulham,Liverpool,3,2,H,3,9,Home Win,bad,good,Craven Cottage,25700.0,3.0,1.0,H
2025-04-06,Premier League,2024_2025,normal,0,Man United,Man City,0,0,D,4,4,Draw,medium,medium,Old Trafford,75653.0,0.0,0.0,D
2025-04-06,Premier League,2024_2025,normal,0,Tottenham,Southampton,3,1,H,1,1,Home Win,bad,bad,White Hart Lane,36230.0,2.0,0.0,H
2025-04-06,Serie A,2024_2025,normal,0,Atalanta,Lazio,0,1,A,3,2,Away Win,bad,bad,Stadio Atleti Azzurri d'Italia,26562.0,0.0,0.0,D
2025-04-06,Serie A,2024_2025,normal,0,Empoli,Cagliari,0,0,D,1,4,Draw,bad,medium,Stadio Carlo Castellani,21092.0,0.0,0.0,D
2025-04-06,Serie A,2024_2025,normal,0,Lecce,Venezia,1,1,D,0,2,Draw,bad,bad,Stadio Via del Mare,40670.0,0.0,0.0,D
2025-04-06,Serie A,2024_2025,normal,0,Roma,Juventus,1,1,D,9,3,Draw,good,bad,Campo Testaccio,20000.0,0.0,1.0,A
2025-04-06,Serie A,2024_2025,normal,0,Torino,Verona,1,1,D,5,4,Draw,medium,medium,Stadio Filadelfia,4000.0,0.0,0.0,D
2025-04-07,La Liga,2024_2025,normal,0,Leganes,Osasuna,1,1,D,0,1,Draw,bad,bad,NA,NA,0.0,0.0,D
2025-04-07,Premier League,2024_2025,normal,0,Leicester,Newcastle,0,3,A,0,6,Away Win,bad,medium,King Power Stadyumu,32312.0,0.0,3.0,A
2025-04-07,Serie A,2024_2025,normal,0,Bologna,Napoli,1,1,D,9,7,Draw,good,good,Stadio Renato Dall'Ara,38279.0,0.0,1.0,A
2025-04-11,Bundesliga,2024_2025,normal,0,Wolfsburg,RB Leipzig,2,3,A,0,6,Away Win,bad,medium,Volkswagen Arena,30000.0,0.0,2.0,A
2025-04-11,La Liga,2024_2025,normal,0,Valencia,Sevilla,1,0,H,7,0,Home Win,good,bad,Mestalla,55000.0,1.0,0.0,H
2025-04-11,Ligue 1,2024_2025,normal,0,Lens,Reims,0,2,A,6,4,Away Win,medium,medium,Stade Félix Bollaert,41233.0,0.0,1.0,A
2025-04-11,Serie A,2024_2025,normal,0,Udinese,Milan,0,4,A,0,4,Away Win,bad,medium,Stadio Friuli,25144.0,0.0,2.0,A
2025-04-12,Bundesliga,2024_2025,normal,0,Bayern Munich,Dortmund,2,2,D,7,6,Draw,good,medium,NA,NA,0.0,0.0,D
2025-04-12,Bundesliga,2024_2025,normal,0,Bochum,Augsburg,1,2,A,0,4,Away Win,bad,medium,NA,NA,0.0,1.0,A
2025-04-12,Bundesliga,2024_2025,normal,0,Hoffenheim,Mainz,2,0,H,1,2,Home Win,bad,bad,NA,NA,2.0,0.0,H
2025-04-12,Bundesliga,2024_2025,normal,0,Holstein Kiel,St Pauli,1,2,A,1,4,Away Win,bad,medium,NA,NA,1.0,1.0,D
2025-04-12,Bundesliga,2024_2025,normal,0,Leverkusen,Union Berlin,0,0,D,9,7,Draw,good,good,NA,NA,0.0,0.0,D
2025-04-12,Bundesliga,2024_2025,normal,0,M'gladbach,Freiburg,1,2,A,7,1,Away Win,good,bad,Stadion im Borussia-Park,54067.0,1.0,1.0,D
2025-04-12,La Liga,2024_2025,normal,0,Celta,Espanol,0,2,A,7,4,Away Win,good,medium,NA,NA,0.0,1.0,A
2025-04-12,La Liga,2024_2025,normal,0,Getafe,Las Palmas,1,3,A,6,2,Away Win,medium,bad,Alfonso Pérez,16000.0,1.0,0.0,H
2025-04-12,La Liga,2024_2025,normal,0,Leganes,Barcelona,0,1,A,1,7,Away Win,bad,good,NA,NA,0.0,0.0,D
2025-04-12,La Liga,2024_2025,normal,0,Sociedad,Mallorca,0,2,A,7,3,Away Win,good,bad,Anoeta,32076.0,0.0,1.0,A
2025-04-12,Ligue 1,2024_2025,normal,0,Monaco,Marseille,3,0,H,6,3,Home Win,medium,bad,NA,NA,1.0,0.0,H
2025-04-12,Ligue 1,2024_2025,normal,0,Strasbourg,Nice,2,2,D,9,1,Draw,good,bad,Meinau Stadyumu,29230.0,0.0,1.0,A
2025-04-12,Ligue 1,2024_2025,normal,0,Toulouse,Lille,1,2,A,0,3,Away Win,bad,bad,Belediye Stadyumu (Toulouse),35575.0,1.0,2.0,A
2025-04-12,Premier League,2024_2025,normal,0,Arsenal,Brentford,1,1,D,7,4,Draw,good,medium,Emirates Stadyumu,60361.0,0.0,0.0,D
2025-04-12,Premier League,2024_2025,normal,0,Brighton,Leicester,2,2,D,1,0,Draw,bad,bad,Falmer Stadyumu,22500.0,1.0,1.0,D
2025-04-12,Premier League,2024_2025,normal,0,Man City,Crystal Palace,5,2,H,5,7,Home Win,medium,good,Etihad Stadium,47405.0,2.0,2.0,D
2025-04-12,Premier League,2024_2025,normal,0,Nott'm Forest,Everton,0,1,A,6,2,Away Win,medium,bad,City Ground,30576.0,0.0,0.0,D
2025-04-12,Premier League,2024_2025,normal,0,Southampton,Aston Villa,0,3,A,1,9,Away Win,bad,good,St Mary's Stadium,32689.0,0.0,0.0,D
2025-04-12,Serie A,2024_2025,normal,0,Inter,Cagliari,3,1,H,7,4,Home Win,good,medium,NA,NA,2.0,0.0,H
2025-04-12,Serie A,2024_2025,normal,0,Juventus,Lecce,2,1,H,4,1,Home Win,medium,bad,Juventus Stadium,41507.0,2.0,0.0,H
2025-04-12,Serie A,2024_2025,normal,0,Venezia,Monza,1,0,H,2,1,Home Win,bad,bad,Stadio Pier Luigi Penzo,7450.0,0.0,0.0,D
2025-04-13,Bundesliga,2024_2025,normal,0,Ein Frankfurt,Heidenheim,3,0,H,6,6,Home Win,medium,medium,Frankfurt Stadyumu,52300.0,2.0,0.0,H
2025-04-13,Bundesliga,2024_2025,normal,0,Stuttgart,Werder Bremen,1,2,A,3,6,Away Win,bad,medium,MHPArena,60469.0,1.0,1.0,D
2025-04-13,La Liga,2024_2025,normal,0,Alaves,Real Madrid,0,1,A,4,6,Away Win,medium,medium,Mendizorrotza,19900.0,0.0,1.0,A
2025-04-13,La Liga,2024_2025,normal,0,Ath Bilbao,Vallecano,3,1,H,5,4,Home Win,medium,medium,NA,NA,0.0,1.0,A
2025-04-13,La Liga,2024_2025,normal,0,Betis,Villarreal,1,2,A,7,4,Away Win,good,medium,Benito Villamarín,52745.0,1.0,1.0,D
2025-04-13,La Liga,2024_2025,normal,0,Osasuna,Girona,2,1,H,2,1,Home Win,bad,bad,Reyno de Navarra,19800.0,1.0,0.0,H
2025-04-13,Ligue 1,2024_2025,normal,0,Angers,Montpellier,2,0,H,0,0,Home Win,bad,bad,NA,NA,2.0,0.0,H
2025-04-13,Ligue 1,2024_2025,normal,0,Auxerre,Lyon,1,3,A,7,6,Away Win,good,medium,Stade de l'Abbé-Deschamps,23467.0,0.0,0.0,D
2025-04-13,Ligue 1,2024_2025,normal,0,Le Havre,Rennes,1,5,A,6,3,Away Win,medium,bad,NA,NA,1.0,3.0,A
2025-04-13,Ligue 1,2024_2025,normal,0,St Etienne,Brest,3,3,D,3,7,Draw,bad,good,NA,NA,2.0,3.0,A
2025-04-13,Premier League,2024_2025,normal,0,Chelsea,Ipswich,2,2,D,4,3,Draw,medium,bad,Stamford Bridge,42449.0,0.0,2.0,A
2025-04-13,Premier League,2024_2025,normal,0,Liverpool,West Ham,2,1,H,6,2,Home Win,medium,bad,Anfield,45276.0,1.0,0.0,H
2025-04-13,Premier League,2024_2025,normal,0,Newcastle,Man United,4,1,H,9,4,Home Win,good,medium,St James' Park,52409.0,1.0,1.0,D
2025-04-13,Premier League,2024_2025,normal,0,Wolves,Tottenham,4,2,H,9,3,Home Win,good,bad,Molineux,24259.0,2.0,0.0,H
2025-04-13,Serie A,2024_2025,normal,0,Atalanta,Bologna,2,0,H,0,7,Home Win,bad,good,Stadio Atleti Azzurri d'Italia,26562.0,2.0,0.0,H
2025-04-13,Serie A,2024_2025,normal,0,Como,Torino,1,0,H,4,5,Home Win,medium,medium,Stadio Giuseppe Sinigaglia,13602.0,1.0,0.0,H
2025-04-13,Serie A,2024_2025,normal,0,Fiorentina,Parma,0,0,D,7,3,Draw,good,bad,Stadio Artemio Franchi,43147.0,0.0,0.0,D
2025-04-13,Serie A,2024_2025,normal,0,Lazio,Roma,1,1,D,4,7,Draw,medium,good,NA,NA,0.0,0.0,D
2025-04-13,Serie A,2024_2025,normal,0,Verona,Genoa,0,0,D,5,6,Draw,medium,medium,NA,NA,0.0,0.0,D
2025-04-14,La Liga,2024_2025,normal,0,Ath Madrid,Valladolid,4,2,H,4,0,Home Win,medium,bad,Vicente Calderón,54851.0,2.0,1.0,H
2025-04-14,Premier League,2024_2025,normal,0,Bournemouth,Fulham,1,0,H,1,6,Home Win,bad,medium,Dean Court,9776.0,1.0,0.0,H
2025-04-14,Serie A,2024_2025,normal,0,Napoli,Empoli,3,0,H,5,2,Home Win,medium,bad,Stadio Arturo Collana,12000.0,1.0,0.0,H
2025-04-16,Premier League,2024_2025,normal,0,Newcastle,Crystal Palace,5,0,H,9,4,Home Win,good,medium,St James' Park,52409.0,4.0,0.0,H
2025-04-18,La Liga,2024_2025,normal,0,Espanol,Getafe,1,0,H,7,3,Home Win,good,bad,NA,NA,1.0,0.0,H
2025-04-18,Ligue 1,2024_2025,normal,0,Rennes,Nantes,2,1,H,6,6,Home Win,medium,medium,Stade de la Route de Lorient,31127.0,1.0,0.0,H
2025-04-19,Bundesliga,2024_2025,normal,0,Freiburg,Hoffenheim,3,2,H,3,4,Home Win,bad,medium,Kara Orman Stadyumu,24036.0,2.0,2.0,D
2025-04-19,Bundesliga,2024_2025,normal,0,Heidenheim,Bayern Munich,0,4,A,3,7,Away Win,bad,good,NA,NA,0.0,3.0,A
2025-04-19,Bundesliga,2024_2025,normal,0,Mainz,Wolfsburg,2,2,D,1,0,Draw,bad,bad,NA,NA,2.0,1.0,H
2025-04-19,Bundesliga,2024_2025,normal,0,RB Leipzig,Holstein Kiel,1,1,D,6,1,Draw,medium,bad,Red Bull Arena,44345.0,0.0,1.0,A
2025-04-19,Bundesliga,2024_2025,normal,0,Union Berlin,Stuttgart,4,4,D,7,3,Draw,good,bad,Stadion An der Alten Försterei,22012.0,4.0,4.0,D
2025-04-19,Bundesliga,2024_2025,normal,0,Werder Bremen,Bochum,1,0,H,9,0,Home Win,good,bad,Weser Stadyumu,42358.0,0.0,0.0,D
2025-04-19,La Liga,2024_2025,normal,0,Barcelona,Celta,4,3,H,7,4,Home Win,good,medium,Camp Nou,99354.0,1.0,1.0,D
2025-04-19,La Liga,2024_2025,normal,0,Las Palmas,Ath Madrid,1,0,H,4,7,Home Win,medium,good,Gran Canaria,32520.0,0.0,0.0,D
2025-04-19,La Liga,2024_2025,normal,0,Mallorca,Leganes,0,0,D,3,1,Draw,bad,bad,Son Moix Stadyumu,23142.0,0.0,0.0,D
2025-04-19,La Liga,2024_2025,normal,0,Vallecano,Valencia,1,1,D,3,9,Draw,bad,good,Teresa Rivero,15000.0,1.0,0.0,H
2025-04-19,Ligue 1,2024_2025,normal,0,Marseille,Montpellier,5,1,H,3,0,Home Win,bad,bad,Vélodrome Stadyumu,60013.0,1.0,0.0,H
2025-04-19,Ligue 1,2024_2025,normal,0,Monaco,Strasbourg,0,0,D,6,7,Draw,medium,good,NA,NA,0.0,0.0,D
2025-04-19,Ligue 1,2024_2025,normal,0,Paris SG,Le Havre,2,1,H,9,6,Home Win,good,medium,NA,NA,1.0,0.0,H
2025-04-19,Premier League,2024_2025,normal,0,Aston Villa,Newcastle,4,1,H,9,9,Home Win,good,good,Villa Park,42786.0,1.0,1.0,D
2025-04-19,Premier League,2024_2025,normal,0,Brentford,Brighton,4,2,H,2,1,Home Win,bad,bad,Griffin Park,12763.0,1.0,1.0,D
2025-04-19,Premier League,2024_2025,normal,0,Crystal Palace,Bournemouth,0,0,D,3,4,Draw,bad,medium,Selhurst Park,26225.0,0.0,0.0,D
2025-04-19,Premier League,2024_2025,normal,0,Everton,Man City,0,2,A,4,7,Away Win,medium,good,Goodison Park,40157.0,0.0,0.0,D
2025-04-19,Premier League,2024_2025,normal,0,West Ham,Southampton,1,1,D,1,1,Draw,bad,bad,The Boleyn Ground,35303.0,0.0,0.0,D
2025-04-19,Serie A,2024_2025,normal,0,Lecce,Como,0,3,A,1,7,Away Win,bad,good,Stadio Via del Mare,40670.0,0.0,1.0,A
2025-04-19,Serie A,2024_2025,normal,0,Monza,Napoli,0,1,A,0,7,Away Win,bad,good,Stadio Brianteo,15039.0,0.0,0.0,D
2025-04-19,Serie A,2024_2025,normal,0,Roma,Verona,1,0,H,5,3,Home Win,medium,bad,Campo Testaccio,20000.0,1.0,0.0,H
2025-04-20,Bundesliga,2024_2025,normal,0,Augsburg,Ein Frankfurt,0,0,D,4,6,Draw,medium,medium,Impuls Arena,30660.0,0.0,0.0,D
2025-04-20,Bundesliga,2024_2025,normal,0,Dortmund,M'gladbach,3,2,H,7,4,Home Win,good,medium,Signal Iduna Park,81359.0,3.0,1.0,H
2025-04-20,Bundesliga,2024_2025,normal,0,St Pauli,Leverkusen,1,1,D,4,7,Draw,medium,good,NA,NA,0.0,1.0,A
2025-04-20,La Liga,2024_2025,normal,0,Real Madrid,Ath Bilbao,1,0,H,6,5,Home Win,medium,medium,Santiago Bernabéu,80354.0,0.0,0.0,D
2025-04-20,La Liga,2024_2025,normal,0,Sevilla,Alaves,1,1,D,0,3,Draw,bad,bad,Ramón Sánchez Pizjuán,48649.0,1.0,1.0,D
2025-04-20,La Liga,2024_2025,normal,0,Valladolid,Osasuna,2,3,A,0,5,Away Win,bad,medium,José Zorilla,26512.0,0.0,2.0,A
2025-04-20,La Liga,2024_2025,normal,0,Villarreal,Sociedad,2,2,D,7,6,Draw,good,medium,El Madrigal,26000.0,1.0,1.0,D
2025-04-20,Ligue 1,2024_2025,normal,0,Brest,Lens,1,3,A,7,3,Away Win,good,bad,NA,NA,1.0,2.0,A
2025-04-20,Ligue 1,2024_2025,normal,0,Lille,Auxerre,3,1,H,6,6,Home Win,medium,medium,Stade Borne de l'Espoir,50186.0,2.0,0.0,H
2025-04-20,Ligue 1,2024_2025,normal,0,Nice,Angers,2,1,H,1,3,Home Win,bad,bad,Grand Stade Nice,35624.0,1.0,0.0,H
2025-04-20,Ligue 1,2024_2025,normal,0,Reims,Toulouse,1,0,H,6,0,Home Win,medium,bad,Stade Auguste-Delaune II,21684.0,1.0,0.0,H
2025-04-20,Ligue 1,2024_2025,normal,0,St Etienne,Lyon,2,1,H,1,6,Home Win,bad,medium,NA,NA,1.0,0.0,H
2025-04-20,Premier League,2024_2025,normal,0,Fulham,Chelsea,1,2,A,3,5,Away Win,bad,medium,Craven Cottage,25700.0,1.0,0.0,H
2025-04-20,Premier League,2024_2025,normal,0,Ipswich,Arsenal,0,4,A,4,5,Away Win,medium,medium,Portman Road,30311.0,0.0,2.0,A
2025-04-20,Premier League,2024_2025,normal,0,Leicester,Liverpool,0,1,A,1,6,Away Win,bad,medium,King Power Stadyumu,32312.0,0.0,0.0,D
2025-04-20,Premier League,2024_2025,normal,0,Man United,Wolves,0,1,A,1,9,Away Win,bad,good,Old Trafford,75653.0,0.0,0.0,D
2025-04-20,Serie A,2024_2025,normal,0,Bologna,Inter,1,0,H,4,7,Home Win,medium,good,Stadio Renato Dall'Ara,38279.0,0.0,0.0,D
2025-04-20,Serie A,2024_2025,normal,0,Empoli,Venezia,2,2,D,2,4,Draw,bad,medium,Stadio Carlo Castellani,21092.0,0.0,0.0,D
2025-04-20,Serie A,2024_2025,normal,0,Milan,Atalanta,0,1,A,4,3,Away Win,medium,bad,NA,NA,0.0,0.0,D
2025-04-21,La Liga,2024_2025,normal,0,Girona,Betis,1,3,A,0,4,Away Win,bad,medium,Montilivi,9500.0,0.0,3.0,A
2025-04-21,Premier League,2024_2025,normal,0,Tottenham,Nott'm Forest,1,2,A,3,3,Away Win,bad,bad,White Hart Lane,36230.0,0.0,2.0,A
2025-04-22,La Liga,2024_2025,normal,0,Barcelona,Mallorca,1,0,H,7,4,Home Win,good,medium,Camp Nou,99354.0,0.0,0.0,D
2025-04-22,La Liga,2024_2025,normal,0,Valencia,Espanol,1,1,D,7,9,Draw,good,good,Mestalla,55000.0,0.0,1.0,A
2025-04-22,Ligue 1,2024_2025,normal,0,Nantes,Paris SG,1,1,D,3,9,Draw,bad,good,Beaujoire Stadyumu,38285.0,0.0,1.0,A
2025-04-22,Premier League,2024_2025,normal,0,Man City,Aston Villa,2,1,H,7,9,Home Win,good,good,Etihad Stadium,47405.0,1.0,1.0,D
2025-04-23,La Liga,2024_2025,normal,0,Alaves,Sociedad,1,0,H,4,4,Home Win,medium,medium,Mendizorrotza,19900.0,0.0,0.0,D
2025-04-23,La Liga,2024_2025,normal,0,Ath Bilbao,Las Palmas,1,0,H,4,6,Home Win,medium,medium,NA,NA,1.0,0.0,H
2025-04-23,La Liga,2024_2025,normal,0,Celta,Villarreal,3,0,H,3,5,Home Win,bad,medium,NA,NA,1.0,0.0,H
2025-04-23,La Liga,2024_2025,normal,0,Getafe,Real Madrid,0,1,A,3,6,Away Win,bad,medium,Alfonso Pérez,16000.0,0.0,1.0,A
2025-04-23,Premier League,2024_2025,normal,0,Arsenal,Crystal Palace,2,2,D,5,1,Draw,medium,bad,Emirates Stadyumu,60361.0,2.0,1.0,H
2025-04-23,Serie A,2024_2025,normal,0,Cagliari,Fiorentina,1,2,A,4,5,Away Win,medium,medium,Unipol Domus,16233.0,1.0,1.0,D
2025-04-23,Serie A,2024_2025,normal,0,Genoa,Lazio,0,2,A,4,5,Away Win,medium,medium,NA,NA,0.0,1.0,A
2025-04-23,Serie A,2024_2025,normal,0,Parma,Juventus,1,0,H,3,7,Home Win,bad,good,Stadio Ennio Tardini,27906.0,1.0,0.0,H
2025-04-23,Serie A,2024_2025,normal,0,Torino,Udinese,2,0,H,2,0,Home Win,bad,bad,Stadio Filadelfia,4000.0,1.0,0.0,H
2025-04-24,La Liga,2024_2025,normal,0,Ath Madrid,Vallecano,3,0,H,6,1,Home Win,medium,bad,Vicente Calderón,54851.0,2.0,0.0,H
2025-04-24,La Liga,2024_2025,normal,0,Betis,Valladolid,5,1,H,4,0,Home Win,medium,bad,Benito Villamarín,52745.0,1.0,1.0,D
2025-04-24,La Liga,2024_2025,normal,0,Leganes,Girona,1,1,D,2,0,Draw,bad,bad,NA,NA,0.0,0.0,D
2025-04-24,La Liga,2024_2025,normal,0,Osasuna,Sevilla,1,0,H,7,1,Home Win,good,bad,Reyno de Navarra,19800.0,1.0,0.0,H
2025-04-25,Bundesliga,2024_2025,normal,0,Stuttgart,Heidenheim,0,1,A,4,0,Away Win,medium,bad,MHPArena,60469.0,0.0,0.0,D
2025-04-25,Ligue 1,2024_2025,normal,0,Paris SG,Nice,1,3,A,7,4,Away Win,good,medium,NA,NA,1.0,1.0,D
2025-04-26,Bundesliga,2024_2025,normal,0,Bayern Munich,Mainz,3,0,H,7,2,Home Win,good,bad,NA,NA,2.0,0.0,H
2025-04-26,Bundesliga,2024_2025,normal,0,Ein Frankfurt,RB Leipzig,4,0,H,4,7,Home Win,medium,good,Frankfurt Stadyumu,52300.0,1.0,0.0,H
2025-04-26,Bundesliga,2024_2025,normal,0,Hoffenheim,Dortmund,2,3,A,3,7,Away Win,bad,good,NA,NA,0.0,1.0,A
2025-04-26,Bundesliga,2024_2025,normal,0,Holstein Kiel,M'gladbach,4,3,H,2,1,Home Win,bad,bad,NA,NA,2.0,0.0,H
2025-04-26,Bundesliga,2024_2025,normal,0,Leverkusen,Augsburg,2,0,H,5,4,Home Win,medium,medium,NA,NA,2.0,0.0,H
2025-04-26,Bundesliga,2024_2025,normal,0,Wolfsburg,Freiburg,0,1,A,1,6,Away Win,bad,medium,Volkswagen Arena,30000.0,0.0,0.0,D
2025-04-26,Ligue 1,2024_2025,normal,0,Le Havre,Monaco,1,1,D,3,4,Draw,bad,medium,NA,NA,1.0,0.0,H
2025-04-26,Ligue 1,2024_2025,normal,0,Lyon,Rennes,4,1,H,6,6,Home Win,medium,medium,Gerland Stadyumu,41044.0,3.0,0.0,H
2025-04-26,Ligue 1,2024_2025,normal,0,Strasbourg,St Etienne,3,1,H,5,4,Home Win,medium,medium,Meinau Stadyumu,29230.0,1.0,1.0,D
2025-04-26,Premier League,2024_2025,normal,0,Brighton,West Ham,3,2,H,1,2,Home Win,bad,bad,Falmer Stadyumu,22500.0,1.0,0.0,H
2025-04-26,Premier League,2024_2025,normal,0,Chelsea,Everton,1,0,H,5,4,Home Win,medium,medium,Stamford Bridge,42449.0,1.0,0.0,H
2025-04-26,Premier League,2024_2025,normal,0,Newcastle,Ipswich,3,0,H,6,1,Home Win,medium,bad,St James' Park,52409.0,1.0,0.0,H
2025-04-26,Premier League,2024_2025,normal,0,Southampton,Fulham,1,2,A,1,3,Away Win,bad,bad,St Mary's Stadium,32689.0,1.0,0.0,H
2025-04-26,Premier League,2024_2025,normal,0,Wolves,Leicester,3,0,H,9,1,Home Win,good,bad,Molineux,24259.0,1.0,0.0,H
2025-04-27,Bundesliga,2024_2025,normal,0,Bochum,Union Berlin,1,1,D,0,5,Draw,bad,medium,NA,NA,0.0,1.0,A
2025-04-27,Bundesliga,2024_2025,normal,0,Werder Bremen,St Pauli,0,0,D,9,5,Draw,good,medium,Weser Stadyumu,42358.0,0.0,0.0,D
2025-04-27,La Liga,2024_2025,normal,0,Villarreal,Espanol,1,0,H,4,7,Home Win,medium,good,El Madrigal,26000.0,0.0,0.0,D
2025-04-27,Ligue 1,2024_2025,normal,0,Angers,Lille,0,2,A,3,6,Away Win,bad,medium,NA,NA,0.0,1.0,A
2025-04-27,Ligue 1,2024_2025,normal,0,Lens,Auxerre,0,4,A,6,3,Away Win,medium,bad,Stade Félix Bollaert,41233.0,0.0,3.0,A
2025-04-27,Ligue 1,2024_2025,normal,0,Marseille,Brest,4,1,H,6,4,Home Win,medium,medium,Vélodrome Stadyumu,60013.0,3.0,1.0,H
2025-04-27,Ligue 1,2024_2025,normal,0,Montpellier,Reims,0,0,D,0,6,Draw,bad,medium,Stade de la Mosson,32939.0,0.0,0.0,D
2025-04-27,Ligue 1,2024_2025,normal,0,Nantes,Toulouse,0,0,D,4,0,Draw,medium,bad,Beaujoire Stadyumu,38285.0,0.0,0.0,D
2025-04-27,Premier League,2024_2025,normal,0,Bournemouth,Man United,1,1,D,5,1,Draw,medium,bad,Dean Court,9776.0,1.0,0.0,H
2025-04-27,Premier League,2024_2025,normal,0,Liverpool,Tottenham,5,1,H,6,3,Home Win,medium,bad,Anfield,45276.0,3.0,1.0,H
2025-04-27,Serie A,2024_2025,normal,0,Atalanta,Lecce,1,1,D,6,1,Draw,medium,bad,Stadio Atleti Azzurri d'Italia,26562.0,0.0,1.0,A
2025-04-27,Serie A,2024_2025,normal,0,Como,Genoa,1,0,H,9,4,Home Win,good,medium,Stadio Giuseppe Sinigaglia,13602.0,0.0,0.0,D
2025-04-27,Serie A,2024_2025,normal,0,Fiorentina,Empoli,2,1,H,5,2,Home Win,medium,bad,Stadio Artemio Franchi,43147.0,2.0,0.0,H
2025-04-27,Serie A,2024_2025,normal,0,Inter,Roma,0,1,A,4,5,Away Win,medium,medium,NA,NA,0.0,1.0,A
2025-04-27,Serie A,2024_2025,normal,0,Juventus,Monza,2,0,H,4,0,Home Win,medium,bad,Juventus Stadium,41507.0,2.0,0.0,H
2025-04-27,Serie A,2024_2025,normal,0,Napoli,Torino,2,0,H,7,4,Home Win,good,medium,Stadio Arturo Collana,12000.0,2.0,0.0,H
2025-04-27,Serie A,2024_2025,normal,0,Venezia,Milan,0,2,A,5,4,Away Win,medium,medium,Stadio Pier Luigi Penzo,7450.0,0.0,1.0,A
2025-04-28,Serie A,2024_2025,normal,0,Lazio,Parma,2,2,D,7,5,Draw,good,medium,NA,NA,0.0,1.0,A
2025-04-28,Serie A,2024_2025,normal,0,Udinese,Bologna,0,0,D,0,4,Draw,bad,medium,Stadio Friuli,25144.0,0.0,0.0,D
2025-04-28,Serie A,2024_2025,normal,0,Verona,Cagliari,0,2,A,2,1,Away Win,bad,bad,NA,NA,0.0,1.0,A
2025-05-01,Premier League,2024_2025,normal,0,Nott'm Forest,Brentford,0,2,A,3,5,Away Win,bad,medium,City Ground,30576.0,0.0,1.0,A
2025-05-02,Bundesliga,2024_2025,normal,0,Heidenheim,Bochum,0,0,D,3,1,Draw,bad,bad,NA,NA,0.0,0.0,D
2025-05-02,La Liga,2024_2025,normal,0,Vallecano,Getafe,1,0,H,1,0,Home Win,bad,bad,Teresa Rivero,15000.0,1.0,0.0,H
2025-05-02,Ligue 1,2024_2025,normal,0,Nice,Reims,1,0,H,7,7,Home Win,good,good,Grand Stade Nice,35624.0,1.0,0.0,H
2025-05-02,Premier League,2024_2025,normal,0,Man City,Wolves,1,0,H,9,9,Home Win,good,good,Etihad Stadium,47405.0,1.0,0.0,H
2025-05-02,Serie A,2024_2025,normal,0,Torino,Venezia,1,1,D,3,4,Draw,bad,medium,Stadio Filadelfia,4000.0,0.0,1.0,A
2025-05-03,Bundesliga,2024_2025,normal,0,Dortmund,Wolfsburg,4,0,H,7,1,Home Win,good,bad,Signal Iduna Park,81359.0,1.0,0.0,H
2025-05-03,Bundesliga,2024_2025,normal,0,M'gladbach,Hoffenheim,4,4,D,0,3,Draw,bad,bad,Stadion im Borussia-Park,54067.0,2.0,1.0,H
2025-05-03,Bundesliga,2024_2025,normal,0,RB Leipzig,Bayern Munich,3,3,D,4,7,Draw,medium,good,Red Bull Arena,44345.0,2.0,0.0,H
2025-05-03,Bundesliga,2024_2025,normal,0,St Pauli,Stuttgart,0,1,A,5,1,Away Win,medium,bad,NA,NA,0.0,0.0,D
2025-05-03,Bundesliga,2024_2025,normal,0,Union Berlin,Werder Bremen,2,2,D,3,7,Draw,bad,good,Stadion An der Alten Försterei,22012.0,1.0,2.0,A
2025-05-03,La Liga,2024_2025,normal,0,Alaves,Ath Madrid,0,0,D,4,6,Draw,medium,medium,Mendizorrotza,19900.0,0.0,0.0,D
2025-05-03,La Liga,2024_2025,normal,0,Las Palmas,Valencia,2,3,A,6,5,Away Win,medium,medium,Gran Canaria,32520.0,1.0,1.0,D
2025-05-03,La Liga,2024_2025,normal,0,Valladolid,Barcelona,1,2,A,0,9,Away Win,bad,good,José Zorilla,26512.0,1.0,0.0,H
2025-05-03,La Liga,2024_2025,normal,0,Villarreal,Osasuna,4,2,H,4,9,Home Win,medium,good,El Madrigal,26000.0,3.0,0.0,H
2025-05-03,Ligue 1,2024_2025,normal,0,St Etienne,Monaco,1,3,A,4,5,Away Win,medium,medium,NA,NA,0.0,1.0,A
2025-05-03,Ligue 1,2024_2025,normal,0,Strasbourg,Paris SG,2,1,H,5,4,Home Win,medium,medium,Meinau Stadyumu,29230.0,2.0,0.0,H
2025-05-03,Ligue 1,2024_2025,normal,0,Toulouse,Rennes,2,1,H,1,6,Home Win,bad,medium,Belediye Stadyumu (Toulouse),35575.0,1.0,0.0,H
2025-05-03,Premier League,2024_2025,normal,0,Arsenal,Bournemouth,1,2,A,5,5,Away Win,medium,medium,Emirates Stadyumu,60361.0,1.0,0.0,H
2025-05-03,Premier League,2024_2025,normal,0,Aston Villa,Fulham,1,0,H,6,3,Home Win,medium,bad,Villa Park,42786.0,1.0,0.0,H
2025-05-03,Premier League,2024_2025,normal,0,Everton,Ipswich,2,2,D,3,1,Draw,bad,bad,Goodison Park,40157.0,2.0,1.0,H
2025-05-03,Premier League,2024_2025,normal,0,Leicester,Southampton,2,0,H,1,1,Home Win,bad,bad,King Power Stadyumu,32312.0,2.0,0.0,H
2025-05-03,Serie A,2024_2025,normal,0,Cagliari,Udinese,1,2,A,3,1,Away Win,bad,bad,Unipol Domus,16233.0,1.0,1.0,D
2025-05-03,Serie A,2024_2025,normal,0,Inter,Verona,1,0,H,3,1,Home Win,bad,bad,NA,NA,1.0,0.0,H
2025-05-03,Serie A,2024_2025,normal,0,Lecce,Napoli,0,1,A,1,9,Away Win,bad,good,Stadio Via del Mare,40670.0,0.0,1.0,A
2025-05-03,Serie A,2024_2025,normal,0,Parma,Como,0,1,A,5,9,Away Win,medium,good,Stadio Ennio Tardini,27906.0,0.0,0.0,D
2025-05-04,Bundesliga,2024_2025,normal,0,Augsburg,Holstein Kiel,1,3,A,4,4,Away Win,medium,medium,Impuls Arena,30660.0,0.0,2.0,A
2025-05-04,Bundesliga,2024_2025,normal,0,Freiburg,Leverkusen,2,2,D,9,5,Draw,good,medium,Kara Orman Stadyumu,24036.0,1.0,0.0,H
2025-05-04,Bundesliga,2024_2025,normal,0,Mainz,Ein Frankfurt,1,1,D,1,7,Draw,bad,good,NA,NA,0.0,1.0,A
2025-05-04,La Liga,2024_2025,normal,0,Espanol,Betis,1,2,A,4,6,Away Win,medium,medium,NA,NA,1.0,0.0,H
2025-05-04,La Liga,2024_2025,normal,0,Real Madrid,Celta,3,2,H,9,3,Home Win,good,bad,Santiago Bernabéu,80354.0,2.0,0.0,H
2025-05-04,La Liga,2024_2025,normal,0,Sevilla,Leganes,2,2,D,1,2,Draw,bad,bad,Ramón Sánchez Pizjuán,48649.0,1.0,1.0,D
2025-05-04,La Liga,2024_2025,normal,0,Sociedad,Ath Bilbao,0,0,D,1,6,Draw,bad,medium,Anoeta,32076.0,0.0,0.0,D
2025-05-04,Ligue 1,2024_2025,normal,0,Auxerre,Le Havre,1,2,A,3,1,Away Win,bad,bad,Stade de l'Abbé-Deschamps,23467.0,0.0,0.0,D
2025-05-04,Ligue 1,2024_2025,normal,0,Brest,Montpellier,1,0,H,1,1,Home Win,bad,bad,NA,NA,1.0,0.0,H
2025-05-04,Ligue 1,2024_2025,normal,0,Lille,Marseille,1,1,D,9,6,Draw,good,medium,Stade Borne de l'Espoir,50186.0,0.0,0.0,D
2025-05-04,Ligue 1,2024_2025,normal,0,Lyon,Lens,1,2,A,6,3,Away Win,medium,bad,Gerland Stadyumu,41044.0,0.0,1.0,A
2025-05-04,Ligue 1,2024_2025,normal,0,Nantes,Angers,0,1,A,2,3,Away Win,bad,bad,Beaujoire Stadyumu,38285.0,0.0,0.0,D
2025-05-04,Premier League,2024_2025,normal,0,Brentford,Man United,4,3,H,7,1,Home Win,good,bad,Griffin Park,12763.0,2.0,1.0,H
2025-05-04,Premier League,2024_2025,normal,0,Brighton,Newcastle,1,1,D,4,6,Draw,medium,medium,Falmer Stadyumu,22500.0,1.0,0.0,H
2025-05-04,Premier League,2024_2025,normal,0,Chelsea,Liverpool,3,1,H,7,9,Home Win,good,good,Stamford Bridge,42449.0,1.0,0.0,H
2025-05-04,Premier League,2024_2025,normal,0,West Ham,Tottenham,1,1,D,1,0,Draw,bad,bad,The Boleyn Ground,35303.0,1.0,1.0,D
2025-05-04,Serie A,2024_2025,normal,0,Bologna,Juventus,1,1,D,4,6,Draw,medium,medium,Stadio Renato Dall'Ara,38279.0,0.0,1.0,A
2025-05-04,Serie A,2024_2025,normal,0,Empoli,Lazio,0,1,A,1,5,Away Win,bad,medium,Stadio Carlo Castellani,21092.0,0.0,1.0,A
2025-05-04,Serie A,2024_2025,normal,0,Monza,Atalanta,0,4,A,0,7,Away Win,bad,good,Stadio Brianteo,15039.0,0.0,2.0,A
2025-05-04,Serie A,2024_2025,normal,0,Roma,Fiorentina,1,0,H,7,7,Home Win,good,good,Campo Testaccio,20000.0,1.0,0.0,H
2025-05-05,La Liga,2024_2025,normal,0,Girona,Mallorca,1,0,H,1,4,Home Win,bad,medium,Montilivi,9500.0,1.0,0.0,H
2025-05-05,Premier League,2024_2025,normal,0,Crystal Palace,Nott'm Forest,1,1,D,2,3,Draw,bad,bad,Selhurst Park,26225.0,0.0,0.0,D
2025-05-05,Serie A,2024_2025,normal,0,Genoa,Milan,1,2,A,1,6,Away Win,bad,medium,NA,NA,0.0,0.0,D
2025-05-09,Bundesliga,2024_2025,normal,0,Wolfsburg,Hoffenheim,2,2,D,1,1,Draw,bad,bad,Volkswagen Arena,30000.0,1.0,1.0,D
2025-05-09,La Liga,2024_2025,normal,0,Las Palmas,Vallecano,0,1,A,3,4,Away Win,bad,medium,Gran Canaria,32520.0,0.0,0.0,D
2025-05-09,Serie A,2024_2025,normal,0,Milan,Bologna,3,1,H,6,5,Home Win,medium,medium,NA,NA,0.0,0.0,D
2025-05-10,Bundesliga,2024_2025,normal,0,Bayern Munich,M'gladbach,2,0,H,7,1,Home Win,good,bad,NA,NA,1.0,0.0,H
2025-05-10,Bundesliga,2024_2025,normal,0,Bochum,Mainz,1,4,A,2,2,Away Win,bad,bad,NA,NA,0.0,1.0,A
2025-05-10,Bundesliga,2024_2025,normal,0,Holstein Kiel,Freiburg,1,2,A,7,7,Away Win,good,good,NA,NA,1.0,1.0,D
2025-05-10,Bundesliga,2024_2025,normal,0,Union Berlin,Heidenheim,0,3,A,3,4,Away Win,bad,medium,Stadion An der Alten Försterei,22012.0,0.0,1.0,A
2025-05-10,Bundesliga,2024_2025,normal,0,Werder Bremen,RB Leipzig,0,0,D,5,2,Draw,medium,bad,Weser Stadyumu,42358.0,0.0,0.0,D
2025-05-10,La Liga,2024_2025,normal,0,Ath Madrid,Sociedad,4,0,H,4,2,Home Win,medium,bad,Vicente Calderón,54851.0,4.0,0.0,H
2025-05-10,La Liga,2024_2025,normal,0,Celta,Sevilla,3,2,H,3,2,Home Win,bad,bad,NA,NA,1.0,1.0,D
2025-05-10,La Liga,2024_2025,normal,0,Girona,Villarreal,0,1,A,4,6,Away Win,medium,medium,Montilivi,9500.0,0.0,0.0,D
2025-05-10,La Liga,2024_2025,normal,0,Mallorca,Valladolid,2,1,H,1,0,Home Win,bad,bad,Son Moix Stadyumu,23142.0,1.0,1.0,D
2025-05-10,La Liga,2024_2025,normal,0,Valencia,Getafe,3,0,H,5,0,Home Win,medium,bad,Mestalla,55000.0,3.0,0.0,H
2025-05-10,Ligue 1,2024_2025,normal,0,Angers,Strasbourg,2,1,H,3,7,Home Win,bad,good,NA,NA,1.0,1.0,D
2025-05-10,Ligue 1,2024_2025,normal,0,Auxerre,Nantes,1,1,D,3,2,Draw,bad,bad,Stade de l'Abbé-Deschamps,23467.0,1.0,0.0,H
2025-05-10,Ligue 1,2024_2025,normal,0,Brest,Lille,2,0,H,3,7,Home Win,bad,good,NA,NA,1.0,0.0,H
2025-05-10,Ligue 1,2024_2025,normal,0,Le Havre,Marseille,1,3,A,4,7,Away Win,medium,good,NA,NA,0.0,0.0,D
2025-05-10,Ligue 1,2024_2025,normal,0,Monaco,Lyon,2,0,H,5,3,Home Win,medium,bad,NA,NA,0.0,0.0,D
2025-05-10,Ligue 1,2024_2025,normal,0,Montpellier,Paris SG,1,4,A,1,1,Away Win,bad,bad,Stade de la Mosson,32939.0,0.0,1.0,A
2025-05-10,Ligue 1,2024_2025,normal,0,Reims,St Etienne,0,2,A,4,3,Away Win,medium,bad,Stade Auguste-Delaune II,21684.0,0.0,2.0,A
2025-05-10,Ligue 1,2024_2025,normal,0,Rennes,Nice,2,0,H,3,9,Home Win,bad,good,Stade de la Route de Lorient,31127.0,1.0,0.0,H
2025-05-10,Ligue 1,2024_2025,normal,0,Toulouse,Lens,1,1,D,4,6,Draw,medium,medium,Belediye Stadyumu (Toulouse),35575.0,0.0,0.0,D
2025-05-10,Premier League,2024_2025,normal,0,Bournemouth,Aston Villa,0,1,A,5,6,Away Win,medium,medium,Dean Court,9776.0,0.0,1.0,A
2025-05-10,Premier League,2024_2025,normal,0,Fulham,Everton,1,3,A,3,1,Away Win,bad,bad,Craven Cottage,25700.0,1.0,1.0,D
2025-05-10,Premier League,2024_2025,normal,0,Ipswich,Brentford,0,1,A,1,9,Away Win,bad,good,Portman Road,30311.0,0.0,1.0,A
2025-05-10,Premier League,2024_2025,normal,0,Southampton,Man City,0,0,D,1,9,Draw,bad,good,St Mary's Stadium,32689.0,0.0,0.0,D
2025-05-10,Premier League,2024_2025,normal,0,Wolves,Brighton,0,2,A,6,4,Away Win,medium,medium,Molineux,24259.0,0.0,1.0,A
2025-05-10,Serie A,2024_2025,normal,0,Como,Cagliari,3,1,H,9,3,Home Win,good,bad,Stadio Giuseppe Sinigaglia,13602.0,2.0,1.0,H
2025-05-10,Serie A,2024_2025,normal,0,Empoli,Parma,2,1,H,1,4,Home Win,bad,medium,Stadio Carlo Castellani,21092.0,1.0,0.0,H
2025-05-10,Serie A,2024_2025,normal,0,Lazio,Juventus,1,1,D,7,4,Draw,good,medium,NA,NA,0.0,0.0,D
2025-05-11,Bundesliga,2024_2025,normal,0,Ein Frankfurt,St Pauli,2,2,D,5,2,Draw,medium,bad,Frankfurt Stadyumu,52300.0,1.0,2.0,A
2025-05-11,Bundesliga,2024_2025,normal,0,Leverkusen,Dortmund,2,4,A,5,9,Away Win,medium,good,NA,NA,1.0,2.0,A
2025-05-11,Bundesliga,2024_2025,normal,0,Stuttgart,Augsburg,4,0,H,4,1,Home Win,medium,bad,MHPArena,60469.0,1.0,0.0,H
2025-05-11,La Liga,2024_2025,normal,0,Ath Bilbao,Alaves,1,0,H,4,5,Home Win,medium,medium,NA,NA,0.0,0.0,D
2025-05-11,La Liga,2024_2025,normal,0,Barcelona,Real Madrid,4,3,H,9,9,Home Win,good,good,Camp Nou,99354.0,4.0,2.0,H
2025-05-11,La Liga,2024_2025,normal,0,Betis,Osasuna,1,1,D,9,6,Draw,good,medium,Benito Villamarín,52745.0,0.0,0.0,D
2025-05-11,La Liga,2024_2025,normal,0,Leganes,Espanol,3,2,H,3,1,Home Win,bad,bad,NA,NA,2.0,0.0,H
2025-05-11,Premier League,2024_2025,normal,0,Liverpool,Arsenal,2,2,D,6,4,Draw,medium,medium,Anfield,45276.0,2.0,0.0,H
2025-05-11,Premier League,2024_2025,normal,0,Man United,West Ham,0,2,A,1,2,Away Win,bad,bad,Old Trafford,75653.0,0.0,1.0,A
2025-05-11,Premier League,2024_2025,normal,0,Newcastle,Chelsea,2,0,H,4,9,Home Win,medium,good,St James' Park,52409.0,1.0,0.0,H
2025-05-11,Premier League,2024_2025,normal,0,Nott'm Forest,Leicester,2,2,D,4,3,Draw,medium,bad,City Ground,30576.0,1.0,1.0,D
2025-05-11,Premier League,2024_2025,normal,0,Tottenham,Crystal Palace,0,2,A,1,3,Away Win,bad,bad,White Hart Lane,36230.0,0.0,1.0,A
2025-05-11,Serie A,2024_2025,normal,0,Napoli,Genoa,2,2,D,9,0,Draw,good,bad,Stadio Arturo Collana,12000.0,1.0,1.0,D
2025-05-11,Serie A,2024_2025,normal,0,Torino,Inter,0,2,A,4,3,Away Win,medium,bad,Stadio Filadelfia,4000.0,0.0,1.0,A
2025-05-11,Serie A,2024_2025,normal,0,Udinese,Monza,1,2,A,4,0,Away Win,medium,bad,Stadio Friuli,25144.0,0.0,0.0,D
2025-05-11,Serie A,2024_2025,normal,0,Verona,Lecce,1,1,D,0,1,Draw,bad,bad,NA,NA,1.0,1.0,D
2025-05-12,Serie A,2024_2025,normal,0,Atalanta,Roma,2,1,H,7,9,Home Win,good,good,Stadio Atleti Azzurri d'Italia,26562.0,1.0,1.0,D
2025-05-12,Serie A,2024_2025,normal,0,Venezia,Fiorentina,2,1,H,2,6,Home Win,bad,medium,Stadio Pier Luigi Penzo,7450.0,0.0,0.0,D
2025-05-13,La Liga,2024_2025,normal,0,Sevilla,Las Palmas,1,0,H,1,0,Home Win,bad,bad,Ramón Sánchez Pizjuán,48649.0,0.0,0.0,D
2025-05-13,La Liga,2024_2025,normal,0,Sociedad,Celta,0,1,A,1,6,Away Win,bad,medium,Anoeta,32076.0,0.0,1.0,A
2025-05-13,La Liga,2024_2025,normal,0,Valladolid,Girona,0,1,A,0,4,Away Win,bad,medium,José Zorilla,26512.0,0.0,0.0,D
2025-05-14,La Liga,2024_2025,normal,0,Alaves,Valencia,1,0,H,4,7,Home Win,medium,good,Mendizorrotza,19900.0,0.0,0.0,D
2025-05-14,La Liga,2024_2025,normal,0,Real Madrid,Mallorca,2,1,H,6,3,Home Win,medium,bad,Santiago Bernabéu,80354.0,0.0,1.0,A
2025-05-14,La Liga,2024_2025,normal,0,Villarreal,Leganes,3,0,H,9,5,Home Win,good,medium,El Madrigal,26000.0,3.0,0.0,H
2025-05-15,La Liga,2024_2025,normal,0,Espanol,Barcelona,0,2,A,0,9,Away Win,bad,good,NA,NA,0.0,0.0,D
2025-05-15,La Liga,2024_2025,normal,0,Getafe,Ath Bilbao,0,2,A,0,7,Away Win,bad,good,Alfonso Pérez,16000.0,0.0,0.0,D
2025-05-15,La Liga,2024_2025,normal,0,Osasuna,Ath Madrid,2,0,H,4,7,Home Win,medium,good,Reyno de Navarra,19800.0,1.0,0.0,H
2025-05-15,La Liga,2024_2025,normal,0,Vallecano,Betis,2,2,D,6,7,Draw,medium,good,Teresa Rivero,15000.0,2.0,0.0,H
2025-05-16,Premier League,2024_2025,normal,0,Aston Villa,Tottenham,2,0,H,6,1,Home Win,medium,bad,Villa Park,42786.0,0.0,0.0,D
2025-05-16,Premier League,2024_2025,normal,0,Chelsea,Man United,1,0,H,6,1,Home Win,medium,bad,Stamford Bridge,42449.0,0.0,0.0,D
2025-05-17,Bundesliga,2024_2025,normal,0,Augsburg,Union Berlin,1,2,A,0,2,Away Win,bad,bad,Impuls Arena,30660.0,1.0,0.0,H
2025-05-17,Bundesliga,2024_2025,normal,0,Dortmund,Holstein Kiel,3,0,H,9,6,Home Win,good,medium,Signal Iduna Park,81359.0,1.0,0.0,H
2025-05-17,Bundesliga,2024_2025,normal,0,Freiburg,Ein Frankfurt,1,3,A,7,5,Away Win,good,medium,Kara Orman Stadyumu,24036.0,1.0,1.0,D
2025-05-17,Bundesliga,2024_2025,normal,0,Heidenheim,Werder Bremen,1,4,A,7,3,Away Win,good,bad,NA,NA,0.0,2.0,A
2025-05-17,Bundesliga,2024_2025,normal,0,Hoffenheim,Bayern Munich,0,4,A,2,7,Away Win,bad,good,NA,NA,0.0,1.0,A
2025-05-17,Bundesliga,2024_2025,normal,0,M'gladbach,Wolfsburg,0,1,A,1,1,Away Win,bad,bad,Stadion im Borussia-Park,54067.0,0.0,0.0,D
2025-05-17,Bundesliga,2024_2025,normal,0,Mainz,Leverkusen,2,2,D,4,4,Draw,medium,medium,NA,NA,1.0,0.0,H
2025-05-17,Bundesliga,2024_2025,normal,0,RB Leipzig,Stuttgart,2,3,A,2,6,Away Win,bad,medium,Red Bull Arena,44345.0,2.0,1.0,H
2025-05-17,Bundesliga,2024_2025,normal,0,St Pauli,Bochum,0,2,A,2,2,Away Win,bad,bad,NA,NA,0.0,1.0,A
2025-05-17,Ligue 1,2024_2025,normal,0,Lens,Monaco,4,0,H,4,7,Home Win,medium,good,Stade Félix Bollaert,41233.0,1.0,0.0,H
2025-05-17,Ligue 1,2024_2025,normal,0,Lille,Reims,2,1,H,4,1,Home Win,medium,bad,Stade Borne de l'Espoir,50186.0,1.0,0.0,H
2025-05-17,Ligue 1,2024_2025,normal,0,Lyon,Angers,2,0,H,3,6,Home Win,bad,medium,Gerland Stadyumu,41044.0,0.0,0.0,D
2025-05-17,Ligue 1,2024_2025,normal,0,Marseille,Rennes,4,2,H,7,3,Home Win,good,bad,Vélodrome Stadyumu,60013.0,3.0,1.0,H
2025-05-17,Ligue 1,2024_2025,normal,0,Nantes,Montpellier,3,0,H,2,1,Home Win,bad,bad,Beaujoire Stadyumu,38285.0,2.0,0.0,H
2025-05-17,Ligue 1,2024_2025,normal,0,Nice,Brest,6,0,H,6,6,Home Win,medium,medium,Grand Stade Nice,35624.0,3.0,0.0,H
2025-05-17,Ligue 1,2024_2025,normal,0,Paris SG,Auxerre,3,1,H,3,4,Home Win,bad,medium,NA,NA,0.0,1.0,A
2025-05-17,Ligue 1,2024_2025,normal,0,St Etienne,Toulouse,2,3,A,3,5,Away Win,bad,medium,NA,NA,1.0,2.0,A
2025-05-17,Ligue 1,2024_2025,normal,0,Strasbourg,Le Havre,2,3,A,6,4,Away Win,medium,medium,Meinau Stadyumu,29230.0,1.0,1.0,D
2025-05-17,Serie A,2024_2025,normal,0,Genoa,Atalanta,2,3,A,1,7,Away Win,bad,good,NA,NA,1.0,0.0,H
2025-05-18,La Liga,2024_2025,normal,0,Ath Madrid,Betis,4,1,H,4,5,Home Win,medium,medium,Vicente Calderón,54851.0,2.0,0.0,H
2025-05-18,La Liga,2024_2025,normal,0,Barcelona,Villarreal,2,3,A,9,9,Away Win,good,good,Camp Nou,99354.0,2.0,1.0,H
2025-05-18,La Liga,2024_2025,normal,0,Celta,Vallecano,1,2,A,6,7,Away Win,medium,good,NA,NA,1.0,2.0,A
2025-05-18,La Liga,2024_2025,normal,0,Las Palmas,Leganes,0,1,A,0,4,Away Win,bad,medium,Gran Canaria,32520.0,0.0,1.0,A
2025-05-18,La Liga,2024_2025,normal,0,Mallorca,Getafe,1,2,A,3,0,Away Win,bad,bad,Son Moix Stadyumu,23142.0,0.0,0.0,D
2025-05-18,La Liga,2024_2025,normal,0,Osasuna,Espanol,2,0,H,4,0,Home Win,medium,bad,Reyno de Navarra,19800.0,1.0,0.0,H
2025-05-18,La Liga,2024_2025,normal,0,Sevilla,Real Madrid,0,2,A,4,6,Away Win,medium,medium,Ramón Sánchez Pizjuán,48649.0,0.0,0.0,D
2025-05-18,La Liga,2024_2025,normal,0,Sociedad,Girona,3,2,H,1,6,Home Win,bad,medium,Anoeta,32076.0,2.0,1.0,H
2025-05-18,La Liga,2024_2025,normal,0,Valencia,Ath Bilbao,0,1,A,6,7,Away Win,medium,good,Mestalla,55000.0,0.0,0.0,D
2025-05-18,La Liga,2024_2025,normal,0,Valladolid,Alaves,0,1,A,0,4,Away Win,bad,medium,José Zorilla,26512.0,0.0,1.0,A
2025-05-18,Premier League,2024_2025,normal,0,Arsenal,Newcastle,1,0,H,2,7,Home Win,bad,good,Emirates Stadyumu,60361.0,0.0,0.0,D
2025-05-18,Premier League,2024_2025,normal,0,Brentford,Fulham,2,3,A,9,3,Away Win,good,bad,Griffin Park,12763.0,2.0,1.0,H
2025-05-18,Premier League,2024_2025,normal,0,Everton,Southampton,2,0,H,4,1,Home Win,medium,bad,Goodison Park,40157.0,2.0,0.0,H
2025-05-18,Premier League,2024_2025,normal,0,Leicester,Ipswich,2,0,H,4,1,Home Win,medium,bad,King Power Stadyumu,32312.0,1.0,0.0,H
2025-05-18,Premier League,2024_2025,normal,0,West Ham,Nott'm Forest,1,2,A,4,2,Away Win,medium,bad,The Boleyn Ground,35303.0,0.0,1.0,A
2025-05-18,Serie A,2024_2025,normal,0,Cagliari,Venezia,3,0,H,3,4,Home Win,bad,medium,Unipol Domus,16233.0,2.0,0.0,H
2025-05-18,Serie A,2024_2025,normal,0,Fiorentina,Bologna,3,2,H,3,2,Home Win,bad,bad,Stadio Artemio Franchi,43147.0,1.0,0.0,H
2025-05-18,Serie A,2024_2025,normal,0,Inter,Lazio,2,2,D,6,5,Draw,medium,medium,NA,NA,1.0,0.0,H
2025-05-18,Serie A,2024_2025,normal,0,Juventus,Udinese,2,0,H,5,4,Home Win,medium,medium,Juventus Stadium,41507.0,0.0,0.0,D
2025-05-18,Serie A,2024_2025,normal,0,Lecce,Torino,1,0,H,2,1,Home Win,bad,bad,Stadio Via del Mare,40670.0,0.0,0.0,D
2025-05-18,Serie A,2024_2025,normal,0,Monza,Empoli,1,3,A,3,3,Away Win,bad,bad,Stadio Brianteo,15039.0,1.0,0.0,H
2025-05-18,Serie A,2024_2025,normal,0,Parma,Napoli,0,0,D,1,7,Draw,bad,good,Stadio Ennio Tardini,27906.0,0.0,0.0,D
2025-05-18,Serie A,2024_2025,normal,0,Roma,Milan,3,1,H,6,9,Home Win,medium,good,Campo Testaccio,20000.0,1.0,1.0,D
2025-05-18,Serie A,2024_2025,normal,0,Verona,Como,1,1,D,1,9,Draw,bad,good,NA,NA,0.0,1.0,A
2025-05-19,Premier League,2024_2025,normal,0,Brighton,Liverpool,3,2,H,7,4,Home Win,good,medium,Falmer Stadyumu,22500.0,1.0,2.0,A
2025-05-20,Premier League,2024_2025,normal,0,Crystal Palace,Wolves,4,2,H,5,3,Home Win,medium,bad,Selhurst Park,26225.0,2.0,1.0,H
2025-05-20,Premier League,2024_2025,normal,0,Man City,Bournemouth,3,1,H,7,4,Home Win,good,medium,Etihad Stadium,47405.0,2.0,0.0,H
2025-05-23,La Liga,2024_2025,normal,0,Betis,Valencia,1,1,D,2,3,Draw,bad,bad,Benito Villamarín,52745.0,1.0,0.0,H
2025-05-23,Serie A,2024_2025,normal,0,Como,Inter,0,2,A,7,7,Away Win,good,good,Stadio Giuseppe Sinigaglia,13602.0,0.0,1.0,A
2025-05-23,Serie A,2024_2025,normal,0,Napoli,Cagliari,2,0,H,5,3,Home Win,medium,bad,Stadio Arturo Collana,12000.0,1.0,0.0,H
2025-05-24,La Liga,2024_2025,normal,0,Alaves,Osasuna,1,1,D,6,7,Draw,medium,good,Mendizorrotza,19900.0,0.0,0.0,D
2025-05-24,La Liga,2024_2025,normal,0,Espanol,Las Palmas,2,0,H,0,0,Home Win,bad,bad,NA,NA,0.0,0.0,D
2025-05-24,La Liga,2024_2025,normal,0,Getafe,Celta,1,2,A,3,6,Away Win,bad,medium,Alfonso Pérez,16000.0,1.0,1.0,D
2025-05-24,La Liga,2024_2025,normal,0,Leganes,Valladolid,3,0,H,6,0,Home Win,medium,bad,NA,NA,3.0,0.0,H
2025-05-24,La Liga,2024_2025,normal,0,Real Madrid,Sociedad,2,0,H,6,3,Home Win,medium,bad,Santiago Bernabéu,80354.0,1.0,0.0,H
2025-05-24,La Liga,2024_2025,normal,0,Vallecano,Mallorca,0,0,D,7,3,Draw,good,bad,Teresa Rivero,15000.0,0.0,0.0,D
2025-05-24,Serie A,2024_2025,normal,0,Bologna,Genoa,1,3,A,1,1,Away Win,bad,bad,Stadio Renato Dall'Ara,38279.0,0.0,3.0,A
2025-05-24,Serie A,2024_2025,normal,0,Milan,Monza,2,0,H,6,3,Home Win,medium,bad,NA,NA,0.0,0.0,D
2025-05-25,La Liga,2024_2025,normal,0,Ath Bilbao,Barcelona,0,3,A,9,6,Away Win,good,medium,NA,NA,0.0,2.0,A
2025-05-25,La Liga,2024_2025,normal,0,Girona,Ath Madrid,0,4,A,3,6,Away Win,bad,medium,Montilivi,9500.0,0.0,0.0,D
2025-05-25,La Liga,2024_2025,normal,0,Villarreal,Sevilla,4,2,H,9,3,Home Win,good,bad,El Madrigal,26000.0,3.0,1.0,H
2025-05-25,Premier League,2024_2025,normal,0,Bournemouth,Leicester,2,0,H,3,7,Home Win,bad,good,Dean Court,9776.0,0.0,0.0,D
2025-05-25,Premier League,2024_2025,normal,0,Fulham,Man City,0,2,A,3,7,Away Win,bad,good,Craven Cottage,25700.0,0.0,1.0,A
2025-05-25,Premier League,2024_2025,normal,0,Ipswich,West Ham,1,3,A,1,4,Away Win,bad,medium,Portman Road,30311.0,0.0,1.0,A
2025-05-25,Premier League,2024_2025,normal,0,Liverpool,Crystal Palace,1,1,D,1,7,Draw,bad,good,Anfield,45276.0,0.0,1.0,A
2025-05-25,Premier League,2024_2025,normal,0,Man United,Aston Villa,2,0,H,0,9,Home Win,bad,good,Old Trafford,75653.0,0.0,0.0,D
2025-05-25,Premier League,2024_2025,normal,0,Newcastle,Everton,0,1,A,4,7,Away Win,medium,good,St James' Park,52409.0,0.0,0.0,D
2025-05-25,Premier League,2024_2025,normal,0,Nott'm Forest,Chelsea,0,1,A,5,6,Away Win,medium,medium,City Ground,30576.0,0.0,0.0,D
2025-05-25,Premier League,2024_2025,normal,0,Southampton,Arsenal,1,2,A,1,4,Away Win,bad,medium,St Mary's Stadium,32689.0,0.0,1.0,A
2025-05-25,Premier League,2024_2025,normal,0,Tottenham,Brighton,1,4,A,1,7,Away Win,bad,good,White Hart Lane,36230.0,1.0,0.0,H
2025-05-25,Premier League,2024_2025,normal,0,Wolves,Brentford,1,1,D,0,6,Draw,bad,medium,Molineux,24259.0,0.0,1.0,A
2025-05-25,Serie A,2024_2025,normal,0,Atalanta,Parma,2,3,A,9,1,Away Win,good,bad,Stadio Atleti Azzurri d'Italia,26562.0,2.0,0.0,H
2025-05-25,Serie A,2024_2025,normal,0,Empoli,Verona,1,2,A,6,2,Away Win,medium,bad,Stadio Carlo Castellani,21092.0,1.0,1.0,D
2025-05-25,Serie A,2024_2025,normal,0,Lazio,Lecce,0,1,A,5,4,Away Win,medium,medium,NA,NA,0.0,1.0,A
2025-05-25,Serie A,2024_2025,normal,0,Torino,Roma,0,2,A,1,6,Away Win,bad,medium,Stadio Filadelfia,4000.0,0.0,1.0,A
2025-05-25,Serie A,2024_2025,normal,0,Udinese,Fiorentina,2,3,A,3,3,Away Win,bad,bad,Stadio Friuli,25144.0,1.0,0.0,H
2025-05-25,Serie A,2024_2025,normal,0,Venezia,Juventus,2,3,A,4,5,Away Win,medium,medium,Stadio Pier Luigi Penzo,7450.0,1.0,2.0,A
